rank,uri,artist_names,track_name,source,peak_rank,previous_rank,weeks_on_chart,streams
1,"spotify:track:2rPE9A1vEgShuZxxzR2tZH","Ariana Grande","thank u, next","Republic Records",1,-1,1,"2226275"
2,"spotify:track:5p7ujcrUXASCNwRaWNHR1C","Halsey","Without Me","Capitol Records",1,1,5,"1701091"
3,"spotify:track:1A6OTy97kk0mMdm78rHsm8","Post Malone, Swae Lee","Sunflower - Spider-Man: Into the Spider-Verse","Republic Records",2,2,3,"1665711"
4,"spotify:track:14JzyD6FlBD5z0wV5P07YI","Billie Eilish","when the party's over","Darkroom/Interscope Records",2,3,4,"1438412"
5,"spotify:track:2dpaYNEQHiRxtZbfNsse99","Marshmello, Bastille","Happier","Joytime Collective",2,4,12,"1359424"
6,"spotify:track:2VxeLyX666F8uXCJ0dZF8B","Lady Gaga, Bradley Cooper","Shallow","A Star is Born OST",5,5,5,"1344591"
7,"spotify:track:0d2iYfpKoM0QCKvcLCkBao","benny blanco, Halsey, Khalid","Eastside (with Halsey & Khalid)","Benny Blanco Solo Album PS",1,7,17,"1207906"
8,"spotify:track:3EPXxR3ImUwfayaurPi3cm","Dean Lewis","Be Alright","Universal Music Australia Pty. Ltd.",1,8,19,"1148974"
9,"spotify:track:6zeeWid2sgw4lap2jV61PZ","Khalid","Better","Right Hand Music Group, LLC/RCA Records",4,6,8,"1144140"
10,"spotify:track:2LskIZrCeLxRvCiGP8gxlh","XXXTENTACION, Lil Pump, Swae Lee, Maluma","Arms Around You (feat. Maluma & Swae Lee)","Warner Records",10,11,2,"1095993"
11,"spotify:track:4ofwffwvvnbSkrMSCKQDaC","George Ezra","Shotgun","Columbia",3,9,16,"1077236"
12,"spotify:track:7l3E7lcozEodtVsSTCkcaA","Kodak Black, Offset, Travis Scott","ZEZE (feat. Travis Scott & Offset)","Atlantic Records",9,12,4,"915256"
13,"spotify:track:4w8niZpiMy6qz1mntFA5uM","DJ Snake, Selena Gomez, Ozuna, Cardi B","Taki Taki (with Selena Gomez, Ozuna & Cardi B)","DJ Snake Music Productions Limited, under exclusive license to Geffen Records",11,14,6,"900604"
14,"spotify:track:2xLMifQCjDGFmkHkpNLD9h","Travis Scott","SICKO MODE","Cactus Jack / Epic",7,16,14,"897792"
15,"spotify:track:05mAIVLkIWc2d1UBYZBCp8","Charli xcx, Troye Sivan","1999","Atlantic Records UK",15,39,5,"877851"
16,"spotify:track:0E9ZjEAyAwOXZ7wJC0PD33","Dynoro, Gigi D'Agostino","In My Mind","Columbia/B1 Recordings",8,17,16,"855413"
17,"spotify:track:4S8d14HvHb70ImctNgVzQQ","Kanye West, Lil Pump","I Love It (& Lil Pump)","Getting Out Our Dreams, Inc./Def Jam Recordings",1,15,9,"813185"
18,"spotify:track:5N5k9nd479b1xpDZ4usjrg","Calvin Harris, Sam Smith, Jessie Reyez","Promises (with Sam Smith)","Columbia",5,13,12,"787990"
19,"spotify:track:6rrTr2HEAzlpC4KWZxF3S1","Little Mix, Nicki Minaj","Woman Like Me (feat. Nicki Minaj)","Syco Music",10,10,4,"777245"
20,"spotify:track:4edS9dC0JPBlSS4p4gMOT0","The Chainsmokers, Kelsea Ballerini","This Feeling","Disruptor Records/Columbia",10,18,7,"758947"
21,"spotify:track:7K7MUBCnzgBAvMVW2RTWNs","Loud Luxury, Brando","Body","Armada Music",19,20,20,"749114"
22,"spotify:track:6xtcFXSo8H9BZN637BMVKS","Rita Ora","Let You Love Me","Atlantic Records UK",19,21,7,"747351"
23,"spotify:track:2iUXsYOEPhVqEBwsqP70rE","5 Seconds of Summer","Youngblood","Capitol",1,22,30,"713351"
24,"spotify:track:0Dn40gxVCMo5TkgS8Ik18Q","Lil Peep, XXXTENTACION","Falling Down - Bonus Track","Columbia",5,19,8,"706221"
25,"spotify:track:7dt6x5M1jzdTEt8oCbisTK","Post Malone","Better Now","Republic Records",1,23,28,"676142"
26,"spotify:track:25sgk305KZfyuqVBQIahim","Ava Max","Sweet but Psycho","Atlantic Records",26,30,6,"670581"
27,"spotify:track:1rqqCSm0Qe4I9rUvWncaom","Panic! At The Disco","High Hopes","DCD2 / Fueled By Ramen",9,24,20,"666960"
28,"spotify:track:0mdIIgjVubCqYTBdCpP5k9","KIAN","Waiting","KB Recording Pty Ltd",28,31,12,"657751"
29,"spotify:track:2hnxrRNzF74mdDzpQZQukQ","Lauv, Julia Michaels","There's No Way (feat. Julia Michaels)","Lauv",21,25,6,"651875"
30,"spotify:track:3u1S1OmAUhx5DRlLrXqyp3","Jonas Blue, Jack & Jack","Rise","Positiva",10,27,22,"646425"
31,"spotify:track:0s3nnoMeVWz3989MkNQiRf","Juice WRLD","Lucid Dreams","Juice WRLD Mixtape / ISR P&D",6,26,25,"641802"
32,"spotify:track:5tAa8Uaqr4VvA3693mbIhU","Zara Larsson","Ruin My Life","Epic/Record Company TEN",32,54,3,"641593"
33,"spotify:track:5IaHrVsrferBYDm0bDyABy","Tyga, Offset","Taste (feat. Offset)","Last Kings Music / EMPIRE",5,28,25,"615138"
34,"spotify:track:2rbDhOo9Fh61Bbu23T2qCk","Lady Gaga","Always Remember Us This Way","A Star is Born OST",34,42,3,"611893"
35,"spotify:track:3ee8Jmje8o58CHK66QrVC2","XXXTENTACION","SAD!","Bad Vibes Forever, LLC",3,38,36,"583370"
36,"spotify:track:7fa9MBXhVfQ8P8Df9OEbD8","Maroon 5, Cardi B","Girls Like You (feat. Cardi B) - Cardi B Version","Interscope Records*",3,34,23,"569514"
37,"spotify:track:3id2EVGKc3eFAMn9nFnB0r","Lukas Graham","Love Someone","Warner Records",26,37,8,"553133"
38,"spotify:track:2G7V7zsVDxg1yRsu7Ew9RJ","Drake","In My Feelings","Cash Money/Drake LP6",1,35,19,"552300"
39,"spotify:track:1xzBco0xcoJEDXktl7Jxrr","Sheck Wes","Mo Bamba","Cactus Jack Records/ G.O.O.D. Music/ Interscope Records",39,52,7,"548288"
40,"spotify:track:0u2P5u6lvoDfwTYjAADbn4","Billie Eilish, Khalid","lovely (with Khalid)","Darkroom",5,40,29,"547810"
41,"spotify:track:7tFiyTwD0nx5a1eklYtX2J","Queen","Bohemian Rhapsody - Remastered 2011","EMI",41,113,4,"534671"
42,"spotify:track:5N4erncE7kuUccm7zEmwzk","Silk City, Dua Lipa, Mark Ronson, Diplo","Electricity","Columbia",9,33,9,"516216"
43,"spotify:track:13hvHEstJ4sNbzdroPrPI3","Dua Lipa, BLACKPINK","Kiss and Make Up","Warner Records",29,29,3,"509625"
44,"spotify:track:4AhSkRYioEIfGvCV19peYN","Khalid, Empress Of","Suncity (feat. Empress Of)","Right Hand Music Group, LLC/RCA Records",32,32,3,"508859"
45,"spotify:track:0e7ipj03S05BNilyu5bRzt","Post Malone, 21 Savage","rockstar (feat. 21 Savage)","Republic Records",1,44,60,"496563"
46,"spotify:track:3nc420PXjTdBV5TN0gCFkS","Martin Garrix, Khalid","Ocean (feat. Khalid)","Epic Amsterdam",8,45,21,"489488"
47,"spotify:track:75ZvA4QfFiZvzhj2xkaWAh","Post Malone","I Fall Apart","Universal Records",1,53,59,"484521"
48,"spotify:track:0JP9xo3adEtGSdUEISiszL","XXXTENTACION","Moonlight","Bad Vibes Forever, LLC",11,46,34,"468063"
49,"spotify:track:4OafepJy2teCjYJbvFE60J","Ariana Grande","breathin","Republic Records",7,55,12,"461433"
50,"spotify:track:4VUwkH455At9kENOfzTqmF","Bazzi, Camila Cabello","Beautiful (feat. Camila Cabello)","iamcosmic",17,36,14,"459753"
51,"spotify:track:60SdxE8apGAxMiRrpbmLY0","Eminem, Joyner Lucas","Lucky You (feat. Joyner Lucas)","Aftermath",3,43,10,"453717"
52,"spotify:track:4kWO6O1BUXcZmaxitpVUwp","Tiësto, Dzeko, Preme, Post Malone","Jackie Chan","Universal Music, a division of Universal International Music BV",10,47,25,"435928"
53,"spotify:track:7m9OqQk4RVRkw9JJdeAw96","XXXTENTACION","Jocelyn Flores","Bad Vibes Forever / EMPIRE",7,56,63,"420962"
54,"spotify:track:116H0KvKr2Zl4RPuVBruDO","Bad Bunny, Drake","MIA","Rimas Entertainment LLC",31,41,4,"407117"
55,"spotify:track:2BgEsaKNfHUdlh97KmvFyo","Anne-Marie","2002","Atlantic Records UK",9,59,29,"401369"
56,"spotify:track:3BZkEOJwKUYRlkLWZB1izC","Peking Duk","Fire","Sony Music Entertainment",16,51,26,"400116"
57,"spotify:track:3swc6WTsr7rl9DqQKQA55C","Post Malone, Ty Dolla $ign","Psycho (feat. Ty Dolla $ign)","Republic Records",1,58,37,"385636"
58,"spotify:track:6DCZcSspjsKoFjzjrWoCdn","Drake","God's Plan","Cash Money/Drake LP6",1,61,42,"375961"
59,"spotify:track:7ycWLEP1GsNjVvcjawXz3z","A$AP Rocky, Skepta","Praise The Lord (Da Shine) (feat. Skepta)","A$AP Worldwide/Polo Grounds Music/RCA Records",28,60,24,"375653"
60,"spotify:track:2SL6oP2YAEQbqsrkOzRGO4","Eminem","Venom - Music From The Motion Picture","Aftermath",32,49,10,"370019"
61,"spotify:track:2qT1uLXPVPzGgFOx4jtEuo","Ariana Grande","no tears left to cry","Republic Records",2,75,29,"368129"
62,"spotify:track:1jo3TwNGCXfNdB5uba3ZVv","Eminem","Killshot","Aftermath",20,57,7,"365848"
63,"spotify:track:4keoy2fqgwGnbWlm3ZVZFa","Zedd, Elley Duhé","Happy Now","UMGRI Interscope",25,62,16,"361157"
64,"spotify:track:4E2s2lCNKxbWJMwHPMzOfq","The Rubens","Never Ever","Opposition",23,50,23,"357410"
65,"spotify:track:45Egmo7icyopuzJN0oMEdk","Khalid, Normani","Love Lies (with Normani)","RCA Records Label",3,65,38,"355799"
66,"spotify:track:5vdp5UmvTsnMEMESIF2Ym7","Queen","Another One Bites The Dust - Remastered 2011","EMI",66,-1,1,"354892"
67,"spotify:track:6CTWathupIiDs7U4InHnDA","Ella Mai","Trip","10 Summers / Interscope PS",58,63,10,"352822"
68,"spotify:track:58q2HKrzhC3ozto2nDdN4z","Cardi B, Bad Bunny, J Balvin","I Like It","Atlantic/KSR",12,67,31,"351930"
69,"spotify:track:2r1T6xGTVaNAqBoPH4lZEE","Steve Aoki, BTS","Waste It On Me (feat. BTS)","Ultra Records, LLC",69,73,2,"350092"
70,"spotify:track:04MLEeAMuV9IlHEsD8vF6A","French Montana, Drake","No Stylist (feat. Drake)","Epic",39,48,7,"348888"
71,"spotify:track:2E124GmJRnBJuXbTb4cPUB","6ix9ine, Nicki Minaj, Murda Beatz","FEFE (feat. Nicki Minaj & Murda Beatz)","ScumGang Records / TenThousand Projects, LLC",8,66,16,"341901"
72,"spotify:track:5sdb5pMhcK44SSLsj1moUh","benny blanco, Calvin Harris","I Found You (with Calvin Harris)","Benny Blanco Solo Album PS",72,-1,1,"340600"
73,"spotify:track:7oK9VyNzrYvRFo7nQEYkWN","The Killers","Mr. Brightside","Island Records",54,71,98,"339244"
74,"spotify:track:2GGMabyHXnJmjY6CXhhB2e","Cardi B","Money","Atlantic/KSR",74,87,2,"337277"
75,"spotify:track:0TlLq3lA83rQOYtrqBqSct","Drake","Nonstop","Cash Money/Drake LP6",5,70,19,"336839"
76,"spotify:track:5WvAo7DNuPRmk4APhdPzi8","DJ Khaled, Justin Bieber, Quavo, Chance the Rapper","No Brainer","Epic/We The Best",4,64,15,"330798"
77,"spotify:track:6VHLa2Ov2NnnekRjLpAgdv","Hayden James, Running Touch","Better Together","Future Classic",77,-1,1,"328173"
78,"spotify:track:0QIjsbm2fh1cJ45XO9eGqq","Gucci Mane, Bruno Mars, Kodak Black","Wake Up in the Sky","Guwop Enterprises/Atlantic",39,100,8,"327303"
79,"spotify:track:4hQ6UGyWQIGJmHSo0J88JW","Selena Gomez","Back To You - From 13 Reasons Why – Season 2 Soundtrack","UMGRI Interscope",4,78,26,"327265"
80,"spotify:track:2P91MQbaiQOfbiz9VqhqKQ","Lauv","I Like Me Better","Lauv",9,74,75,"326553"
81,"spotify:track:5OCJzvD7sykQEKHH7qAC3C","Ariana Grande","God is a woman","Republic Records",5,106,17,"322916"
82,"spotify:track:78QR3Wp35dqAhFEc2qAGjE","Lil Baby, Gunna","Drip Too Hard (Lil Baby & Gunna)","Quality Control Music/Young Stoner Life Records, a 300 Entertainment Label/Motown Records/Capitol Records",76,76,6,"319486"
83,"spotify:track:7qiZfU4dY1lWllzX7mPBI3","Ed Sheeran","Shape of You","Atlantic Records UK",1,82,96,"317000"
84,"spotify:track:5Xn4IyTtW6FUGIUyWjbUHG","Jason Derulo, David Guetta, Nicki Minaj, Willy William","Goodbye (feat. Nicki Minaj & Willy William)","Beluga Heights/Warner Records",34,72,11,"316325"
85,"spotify:track:4e4fqjx0Izh4svvTef1z7e","Bebe Rexha, Florida Georgia Line","Meant to Be (feat. Florida Georgia Line)","Warner Records",7,83,60,"313999"
86,"spotify:track:3CA9pLiwRIGtUBiMjbZmRw","Drake","Nice For What","Cash Money/Drake LP6",1,79,31,"312897"
87,"spotify:track:73FebDuELlAEinHw1xWJCZ","Jess Glynne","I'll Be There","Atlantic Records UK",23,68,26,"311573"
88,"spotify:track:2qXicQG06oT0ijKBznpgQv","Ruel","Younger","RCA Records Label",40,80,22,"310957"
89,"spotify:track:4M3FO0ji6Lc8vwD1sgf1nc","Kygo, Imagine Dragons","Born To Be Yours","Kygo",27,77,21,"309757"
90,"spotify:track:5qHirGR7M9tdm6C17DlzSY","Aminé","REEL IT IN","Republic Records",90,105,9,"307690"
91,"spotify:track:5uCax9HTNlzGybIStD3vDh","James Arthur","Say You Won't Let Go","Columbia",5,88,98,"307681"
92,"spotify:track:7AFASza1mXqntmGtbxXprO","XXXTENTACION","changes","Bad Vibes Forever, LLC",13,84,36,"307119"
93,"spotify:track:1LwnqPolBLuhZKp8zAwaIz","Conrad Sewell","Healing Hands","300 Entertainment",18,69,20,"300053"
94,"spotify:track:5T8EDUDqKcs6OSOwEsfqG7","Queen","Don't Stop Me Now - Remastered 2011","EMI",94,-1,1,"293692"
95,"spotify:track:55GiOwtxNajXVbpjjIzMnD","Tyga","SWISH","Last Kings Music / EMPIRE",35,85,15,"291242"
96,"spotify:track:5JEx7HbmvHQQswJCsoo9rA","Ellie Goulding, Diplo, Swae Lee","Close To Me (with Diplo) (feat. Swae Lee)","Polydor Records",96,147,2,"290228"
97,"spotify:track:09IStsImFySgyp0pIQdqAc","Zedd, Maren Morris, Grey","The Middle","UMGRI Interscope",6,89,41,"289705"
98,"spotify:track:2fuCquhmrzHpu5xcA1ci9x","Queen, David Bowie","Under Pressure - Remastered 2011","EMI",98,-1,1,"286711"
99,"spotify:track:4zIO3ilp5HvTeK3HJHxhMP","Imagine Dragons","Natural","Kid Ina Korner / Interscope",34,96,15,"286508"
100,"spotify:track:2374M0fQpWi3dLnB54qaLX","TOTO","Africa","Columbia",84,95,54,"286009"
101,"spotify:track:5Z3GHaZ6ec9bsiI5BenrbY","Khalid","Young Dumb & Broke","Right Hand Music Group, LLC/RCA Records",2,97,72,"282202"
102,"spotify:track:6lOWoTqVnAWXchddtTH31W","Tom Walker","Leave a Light On","Relentless Records",89,90,8,"280224"
103,"spotify:track:1mXVgsBdtIVeCLJnSnmtdV","Sam Smith","Too Good At Goodbyes","PLG - Capitol",4,128,61,"279905"
104,"spotify:track:5zxwumO0laRosoeOvbVSvc","Mitch James","Bright Blue Skies","Sony Music Entertainment",77,91,7,"277905"
105,"spotify:track:6cFZ4PLC19taNlpl9pbGMf","Queen","Somebody To Love - Remastered 2011","EMI",105,-1,1,"277240"
106,"spotify:track:7ef4DlsgrMEH11cDZd32M6","Calvin Harris, Dua Lipa","One Kiss (with Dua Lipa)","Sony Music UK",6,93,31,"274481"
107,"spotify:track:7KXjTSCq5nL1LoYtL7XAwS","Kendrick Lamar","HUMBLE.","Aftermath",1,102,84,"273201"
108,"spotify:track:6VCeywT4JeawuZOUkQ1okx","King Princess","Pussy Is God","Columbia Records/Zelig Records, LLC.",108,-1,1,"271657"
109,"spotify:track:63SevszngYpZOwf63o61K4","Dennis Lloyd","Nevermind","WM Italy",14,92,33,"271167"
110,"spotify:track:4hXDobvUaXyDFLnmecoY0z","Tyga, Nicki Minaj","Dip (feat. Nicki Minaj)","Last Kings Music / EMPIRE",110,200,7,"269016"
111,"spotify:track:0CZ8lquoTX2Dkg7Ak2inwA","King Princess","1950","Zelig Records, LLC./Columbia Records",14,111,35,"268523"
112,"spotify:track:5274I4mUMnYczyeXkGDWZN","Future, Juice WRLD","Fine China","Epic/Freebandz/Grade A/Interscope",70,81,3,"266336"
113,"spotify:track:6kPJZM97LwdG9QIsT7khp6","Clean Bandit, Demi Lovato","Solo (feat. Demi Lovato)","Atlantic Records UK",13,103,25,"264906"
114,"spotify:track:6jreFSOTUAViWjKyzOC4Kg","Alesso","REMEDY","10:22 pm",18,86,10,"264729"
115,"spotify:track:7BKLCZ1jbUBVqRi2FVlTVw","The Chainsmokers, Halsey","Closer","Disruptor Records/Columbia",3,108,98,"264008"
116,"spotify:track:2uIX8YMNjGMD7441kqyyNU","Billie Eilish","ocean eyes","Darkroom",37,99,24,"260479"
117,"spotify:track:7yq4Qj7cqayVTp3FF9CWbm","Vance Joy","Riptide","F-Stop Records/Atlantic",89,110,97,"259765"
118,"spotify:track:2QApyk4ji8K7tYOf7LZa9b","Little Mix","Joan of Arc","Syco Music",118,-1,1,"259632"
119,"spotify:track:1zB4vmk8tFRmM9UULNzbLB","Imagine Dragons","Thunder","Kid Ina Korner / Interscope",7,115,80,"258293"
120,"spotify:track:4pbJqGIASGPr0ZpGpnWkDn","Queen","We Will Rock You - Remastered 2011","EMI",120,-1,1,"255712"
121,"spotify:track:1rfofaqEpACxVEHIZBJe6W","Camila Cabello, Young Thug","Havana (feat. Young Thug)","Syco Music/Epic",2,114,65,"254612"
122,"spotify:track:2RttW7RAu5nOAfq6YFvApB","Ed Sheeran","Happier","Atlantic Records UK",8,118,88,"254240"
123,"spotify:track:43lYaovU2FoeuBMNusVVVW","Metro Boomin, 21 Savage","10 Freaky Girls (with 21 Savage)","Republic Records",123,-1,1,"252692"
124,"spotify:track:6Hgh47WXVKtXN5zGOu0hjI","Khalid, 6LACK, Ty Dolla $ign","OTW","Right Hand Music Group, LLC/RCA Records",10,109,29,"252125"
125,"spotify:track:3a1lNhkSLSkpJE4MSHpDu9","Post Malone, Quavo","Congratulations","Universal Records",15,116,91,"248146"
126,"spotify:track:3DKpA54hrFIdPN6AtL9HXa","Lady Gaga, Bradley Cooper","I'll Never Love Again - Film Version - Radio Edit","A Star is Born OST",121,121,3,"247860"
127,"spotify:track:3S0OXQeoh0w6AY8WQVckRW","Jason Mraz","I'm Yours","Atlantic Records/ATG",87,112,50,"247309"
128,"spotify:track:6tB4XVKceo2307SSWXaO0y","Hayden James, Boy Matthews","Just Friends","EMI",20,107,28,"244958"
129,"spotify:track:0tgVpDi06FyKpA1z0VMD4v","Ed Sheeran","Perfect","Atlantic Records UK",7,124,88,"244100"
130,"spotify:track:15fZrZhdK0g1BS9sDeW6sD","Loud Luxury, anders","Love No More","Armada Music",82,104,9,"242129"
131,"spotify:track:3GVkPk8mqxz0itaAriG1L7","XXXTENTACION","Everybody Dies In Their Nightmares","Bad Vibes Forever / EMPIRE",26,123,61,"241594"
132,"spotify:track:5Gu0PDLN4YJeW75PpBSg9p","Hailee Steinfeld, Alesso, Florida Georgia Line, WATT","Let Me Go (with Alesso, Florida Georgia Line & watt)","Universal Records",7,125,61,"240853"
133,"spotify:track:41zXlQxzTi6cGAjpOXyLYH","Billie Eilish","idontwannabeyouanymore","Darkroom",132,132,16,"240203"
134,"spotify:track:7AQim7LbvFVZJE3O8TYgf2","XXXTENTACION, Trippie Redd","Fuck Love","Bad Vibes Forever / EMPIRE",27,129,50,"239339"
135,"spotify:track:7vGuf3Y35N4wmASOKLUVVU","Marshmello, Khalid","Silence","Joytime Collective/RCA Records",3,130,65,"238416"
136,"spotify:track:1l9G7M8gNyQsgOGWZGoQsT","Lady Gaga","Look What I Found","A Star is Born OST",119,119,3,"236033"
137,"spotify:track:0pqnGHJpmpxLKifKRmU6WP","Imagine Dragons","Believer","Kid Ina Korner / Interscope",34,140,92,"235891"
138,"spotify:track:76cy1WJvNGJTj78UqeA5zr","Dua Lipa","IDGAF","Warner Records",4,141,45,"232786"
139,"spotify:track:1Slwb6dOYkBlWal1PGtnNg","Ed Sheeran","Thinking out Loud","Atlantic Records UK",68,139,98,"231421"
140,"spotify:track:5tz69p7tJuGPeMGwNTxYuV","Logic, Alessia Cara, Khalid","1-800-273-8255","Def Jam Recordings",1,142,79,"231126"
141,"spotify:track:5CLGzJsGqhCEECcpnFQA8x","Rudimental, Jess Glynne, Macklemore, Dan Caplen","These Days (feat. Jess Glynne, Macklemore & Dan Caplen)","Atlantic Records UK",5,133,42,"229746"
142,"spotify:track:7apizLyhMRutg3ccXvr2qv","Noah Kahan, Julia Michaels","Hurt Somebody","Republic Records",26,127,35,"228917"
143,"spotify:track:5zxJlZh20vaB1TcZAUZ8Pz","Matt Corby","Miracle Love","Atlantic Records UK",143,-1,1,"227747"
144,"spotify:track:35cr60GvlqBVchNX7fBqyo","BROODS","Peach","Neon Gold/Atlantic",134,138,5,"227109"
145,"spotify:track:0rKtyWc8bvkriBthvHKY8d","Joji","SLOW DANCING IN THE DARK","88rising Music",66,94,8,"226164"
146,"spotify:track:5qqabIl2vWzo9ApSC317sa","Oasis","Wonderwall - Remastered","Big Brother",111,144,85,"225045"
147,"spotify:track:6PCUP3dWmTjcTtXY02oFdT","Ed Sheeran","Castle on the Hill","Atlantic Records UK",2,152,96,"224019"
148,"spotify:track:1cS0TgbR263ey9jn0MwD2s","Eminem, Ed Sheeran","River (feat. Ed Sheeran)","Aftermath",2,150,47,"223351"
149,"spotify:track:4x0pNOZ5r6kJMjsvsoliBm","Mallrat","Groceries","teamtrick",75,134,20,"223073"
150,"spotify:track:18W92Zm1KjLCbUIszOhpkD","NOTD, Bea Miller","I Wanna Know (feat. Bea Miller)","Universal Music AB",17,135,31,"222331"
151,"spotify:track:1gy8SNsZ7ceHqV2mFF3m0G","Tyron Hapi, Laurell","About You","Teamwrk Records",98,122,12,"222054"
152,"spotify:track:2CvOqDpQIMw69cCzWqr5yr","Beyoncé","Halo","Music World Music/Columbia",101,143,35,"221107"
153,"spotify:track:2xJCMIJfcNYDc5iR0sAm2O","Dua Lipa","New Rules","Warner Records",2,149,69,"221076"
154,"spotify:track:4qKcDkK6siZ7Jp1Jb4m0aL","BlocBoy JB, Drake","Look Alive (feat. Drake)","Bloc Nation",16,145,39,"220943"
155,"spotify:track:5sbooPcNgIE22DwO0VNGUJ","K/DA, Madison Beer, (G)I-DLE, Jaira Burns, League of Legends","POP/STARS","Riot Games",155,-1,1,"220093"
156,"spotify:track:3GCdLUSnKSMJhs4Tj6CV3s","Kendrick Lamar, SZA","All The Stars (with SZA)","Black Panther (TDE/DMG) PS",2,155,44,"219355"
157,"spotify:track:47BBI51FKFwOMlIiX6m8ya","Backstreet Boys","I Want It That Way","Jive",157,157,7,"218826"
158,"spotify:track:7w9bgPAmPTtrkt2v16QWvQ","Eminem","Lose Yourself","Aftermath",108,136,97,"217548"
159,"spotify:track:0XySogm94T51XF5F2jumXm","Juice WRLD","All Girls Are The Same","Juice WRLD Mixtape / ISR P&D",65,153,25,"217269"
160,"spotify:track:6xTU6B6nFwKKTSZ9ySXS80","Kygo, Miguel","Remind Me to Forget","Kygo",20,159,34,"216669"
161,"spotify:track:2QZ7WLBE8h2y1Y5Fb8RYbH","Shawn Mendes","In My Blood","Island Records",12,167,33,"216129"
162,"spotify:track:7GqWnsKhMtEW0nzki5o0d8","Queen","Killer Queen - Remastered 2011","EMI",162,-1,1,"215671"
163,"spotify:track:6eYxmK9fdL4hwLnXG2zY3s","XXXTENTACION","Look At Me!","Bad Vibes Forever / EMPIRE",48,151,64,"214914"
164,"spotify:track:3E7dfMvvCLUddWissuqMwr","Miley Cyrus","Party In The U.S.A.","Hollywood Records",148,148,8,"214645"
165,"spotify:track:52okn5MNA47tk87PeZJLEL","NF","Let You Down","NF Real Music",4,162,57,"214258"
166,"spotify:track:32lItqlMi4LBhb4k0BaSaC","Post Malone","Candy Paint","Republic Records",15,146,56,"214096"
167,"spotify:track:6JQvHMSaR8flFsN53ypOfP","Lil Mosey","Noticed","Mogul Vision/Interscope Records",63,117,9,"213639"
168,"spotify:track:1m6lqaLvUTxPjOo98fJH8U","Metro Boomin, 21 Savage","Don't Come Out The House (with 21 Savage)","Republic Records",168,-1,1,"213527"
169,"spotify:track:0ofHAoxe9vBkTCp2UQIavz","Fleetwood Mac","Dreams - 2004 Remaster","Rhino/Warner Records",120,168,33,"213496"
170,"spotify:track:2jyjhRf6DVbMPU5zxagN2h","Passenger","Let Her Go","Black Crow Records",108,170,80,"213468"
171,"spotify:track:4gvPqK7RifS2F45o9Obo5B","Amy Shark","I Said Hi","Wonderlick",12,172,30,"213228"
172,"spotify:track:7DPQwyMQADl9Y8oSvSVpfg","Gang of Youths","Let Me Down Easy","Mosy Music",61,165,28,"212873"
173,"spotify:track:6NFyWDv5CjfwuzoCkw47Xf","Taylor Swift","Delicate","Big Machine Records, LLC",22,197,17,"212682"
174,"spotify:track:6QgjcU0zLnzq5OrUoSZ3OK","Portugal. The Man","Feel It Still","Atlantic Records",9,160,68,"212198"
175,"spotify:track:7GX5flRQZVHRAGd6B4TmDO","Lil Uzi Vert","XO Tour Llif3","Generation Now/Atlantic",22,163,84,"211244"
176,"spotify:track:3B54sVLJ402zGa6Xm4YGNe","French Montana, Swae Lee","Unforgettable","Bad Boy Entertainment/Epic Records",2,169,81,"208706"
177,"spotify:track:2jt2WxXMCD4zjACthkJQVE","Eminem","The Ringer","Aftermath",5,131,10,"208539"
178,"spotify:track:2mSc8PnYodyYi3SkdfU4jT","Shaggy, Rik Rok","It Wasn't Me","Geffen",176,178,7,"208490"
179,"spotify:track:1ArLnG0bHaHPXqf08sEKM0","Camila Cabello","Consequences - orchestra","Syco Music/Epic",179,-1,1,"207664"
180,"spotify:track:51NFxnQvaosfDDutk0tams","Billie Eilish","bellyache","Darkroom",146,184,11,"205831"
181,"spotify:track:4z2XPrpHz1raJibarWFY7Z","Bradley Cooper","Maybe It's Time","A Star is Born OST",158,158,2,"205829"
182,"spotify:track:1mqlc0vEP9mU1kZgTi6LIQ","Earth, Wind & Fire","September","Columbia/Legacy",118,173,21,"204234"
183,"spotify:track:7nGuT0EfqQ1TXcADEKwB6Q","Morgan Evans","Day Drunk","Warner Records",166,177,4,"204022"
184,"spotify:track:11bD1JtSjlIgKgZG2134DZ","Snow Patrol","Chasing Cars","Polydor Records",159,176,26,"204017"
185,"spotify:track:152lZdxL1OR0ZMW6KquMif","Khalid","Location","Right Hand Music Group, LLC/RCA Records",24,179,87,"203950"
186,"spotify:track:6wWaVoUOzLQJHd3bWAUpdZ","Lil Baby, Gunna, Drake","Never Recover (Lil Baby & Gunna, Drake)","Quality Control Music/Young Stoner Life Records, a 300 Entertainment Label/Motown Records/Capitol Records",109,164,5,"203238"
187,"spotify:track:7MXVkk9YMctZqd1Srtv4MB","The Weeknd, Daft Punk","Starboy","Universal Republic Records",1,182,94,"202780"
188,"spotify:track:5kfNriitmkNE8mUbZ7gbq8","Khalid","Saturday Nights","Right Hand Music Group, LLC/RCA Records",80,98,3,"202597"
189,"spotify:track:5Nm9ERjJZ5oyfXZTECKmRt","Sam Smith","Stay With Me","PLG - Capitol",136,-1,17,"202417"
190,"spotify:track:1DMEzmAoQIikcL52psptQL","Joji","TEST DRIVE","88rising Music",101,101,3,"201925"
191,"spotify:track:14sOS5L36385FJ3OL8hew4","Kygo, Sandro Cavazza","Happy Now","Kygo",191,-1,1,"199535"
192,"spotify:track:5IXk9TVBuxG87sFrwclBJw","Lady Gaga, Bradley Cooper","Music To My Eyes","A Star is Born OST",156,156,2,"199220"
193,"spotify:track:2xGjteMU3E1tkEPVFBO08U","Keala Settle, The Greatest Showman Ensemble","This Is Me","Atlantic Records",20,187,43,"199089"
194,"spotify:track:3B8Tx2eKzZ1u6bPnozOL1h","RÜFÜS DU SOL","Treat You Better","Rose Avenue/Reprise",72,120,3,"198786"
195,"spotify:track:1a1i2IwXnUN0PjllVEhA4B","The Script","Breakeven","Epic/Phonogenic",171,181,6,"197671"
196,"spotify:track:0WdGQhoAP2LBsqr5Jhit2g","Maroon 5, SZA","What Lovers Do (feat. SZA)","Interscope Records*",7,183,62,"197422"
197,"spotify:track:6fxVffaTuwjgEk5h9QyRjy","Ed Sheeran","Photograph","Atlantic Records UK",62,-1,85,"196796"
198,"spotify:track:6PKxFkewPt55P5ao5tVS5o","PNAU, Kira Divine","Go Bang","etcetc AU",11,174,52,"196538"
199,"spotify:track:5fVZC9GiM4e8vu99W0Xf6J","The Fray","How to Save a Life","Epic",177,191,7,"194907"
200,"spotify:track:2fbJ5Msx8KoDKpyufH5YsU","Lady Gaga","I'll Never Love Again - Extended Version","A Star is Born OST",188,188,2,"194768"
