rank,uri,artist_names,track_name,source,peak_rank,previous_rank,days_on_chart,streams
1,"spotify:track:7so0lgd0zP2Sbgs2d7a1SZ","Lady Gaga, Bruno Mars","Die With A Smile","Interscope Records",1,1,263,"5744840"
2,"spotify:track:2RkZ5LkEzeHGRsmDqKwmaJ","Alex Warren","Ordinary","Atlantic Records",2,2,88,"5425366"
3,"spotify:track:6dOtVTDdiauQNBQEDOtlAB","Billie Eilish","BIRDS OF A FEATHER","Darkroom/Interscope Records",1,3,354,"4835329"
4,"spotify:track:4wJ5Qq0jBN4ajy7ouZIV1c","ROSÉ, Bruno Mars","APT.","Atlantic Records",1,4,200,"3869047"
5,"spotify:track:6iOndD4OFo7GkaDypWQIou","W Sound, Beéle, Ovy On The Drums","La Plena - W Sound 05","WEA Latina",5,5,69,"3623757"
6,"spotify:track:7ne4VBA60CxGM75vw0EYad","Gracie Abrams","That’s So True","Gracie Abrams, under exclusive license to Interscope Records",3,6,200,"3500735"
7,"spotify:track:2LHNTC9QZxsL3nWpt8iaSR","Lady Gaga","Abracadabra","Interscope Records",2,9,92,"3453933"
8,"spotify:track:0fK7ie6XwGxQTIkpFoWkd1","JENNIE","like JENNIE","OA Entertainment/Columbia",5,7,60,"3435754"
9,"spotify:track:0FTmksd2dxiE5e3rWyJXs6","sombr","back to friends","Warner Records",9,10,49,"3345512"
10,"spotify:track:2CGNAOSuO1MEFCbBRgUzjd","Kendrick Lamar, SZA","luther (with sza)","pgLang, under exclusive license to Interscope Records",2,8,165,"3273978"
11,"spotify:track:3QaPy1KgI7nu9FJEQUgn6h","Billie Eilish","WILDFLOWER","Darkroom/Interscope Records",8,14,354,"3187945"
12,"spotify:track:4AajxCEwGEsmHmT4H1TwjY","sombr","undressed","Warner Records",12,17,40,"3101062"
13,"spotify:track:3sK8wGT43QFpWrvNQsrQya","Bad Bunny","DtMF","Rimas Entertainment LLC.",1,16,121,"3095692"
14,"spotify:track:21IYMdzTrzSe191Cy5eMap","Gigi Perez","Sailor Song","Outtahere, LLC / Island Records",5,12,261,"3024437"
15,"spotify:track:3xkHsmpQCBMytMJNiDf3Ii","Benson Boone","Beautiful Things","Night Street Records, Inc./Warner Records Inc.",1,13,473,"3013942"
16,"spotify:track:7tI8dRuH2Yc6RuoTjxo4dU","Jimin","Who","BIGHIT MUSIC",1,11,291,"2934285"
17,"spotify:track:2HRqTpkrJO5ggZyyK6NPWz","Sabrina Carpenter","Espresso","Island Records",1,15,389,"2855717"
18,"spotify:track:35ISBknsCeZQtq66xABI9g","Lola Young","Messy","Universal-Island Records Ltd.",8,18,154,"2828803"
19,"spotify:track:4WFgvKVfEhb3IUAFGrutTR","Ravyn Lenae","Love Me Not","Atlantic Records",19,21,48,"2768250"
20,"spotify:track:2lTm559tuIvatlT1u0JYG2","Bad Bunny","BAILE INoLVIDABLE","Rimas Entertainment LLC.",3,23,121,"2723968"
21,"spotify:track:78HEzDEs1QUnHB2DbxgC1s","Alemán, Neton Vega","Te Quería Ver","HOMEGROWN MAFIA S.A. DE C.V./Sony Music México-Latin",13,19,90,"2591268"
22,"spotify:track:5ITV0zqzjOYfFWpW0xBmRa","WizTheMc, bees & honey","Show Me Love","Bamboo Artists",17,24,62,"2559993"
23,"spotify:track:3LPLRNr58Z9Pn0clnEtkXb","Doechii","Anxiety","Top Dawg Entertainment/Capitol Records",2,22,62,"2525584"
24,"spotify:track:4oB8Xd7gMlUEtWoD8bmCXW","Neton Vega, Peso Pluma","Morena","Josa Records",23,27,80,"2506478"
25,"spotify:track:0FIDCNYYjNvPVimz5icugS","The Weeknd, Playboi Carti","Timeless (feat Playboi Carti)","XO / Republic Records",2,25,221,"2493658"
26,"spotify:track:1QV6tiMFM6fSOKOGLMHYYg","Lady Gaga","Poker Face","Streamline/Interscope",26,37,102,"2468051"
27,"spotify:track:7CyPwkp0oE8Ro9Dd5CUDjW","The Weeknd, JENNIE, Lily-Rose Depp","One Of The Girls (with JENNIE, Lily Rose Depp)","XO / Republic Records",2,28,576,"2459041"
28,"spotify:track:3GCdLUSnKSMJhs4Tj6CV3s","Kendrick Lamar, SZA","All The Stars (with SZA)","Black Panther (TDE/DMG) PS",2,30,697,"2433422"
29,"spotify:track:1UPB5rYJ0bzn6mNSoAHrZC","NIKI","You'll Be in My Heart","88rising Music",15,20,44,"2405419"
30,"spotify:track:0WbMK4wrZ1wFSty9F7FCgu","Chappell Roan","Good Luck, Babe!","Chappell Roan PS/ Island",5,29,392,"2402584"
31,"spotify:track:2u9S9JJ6hTZS3Vf22HOZKg","Drake","NOKIA","OVO Sound",15,26,81,"2382339"
32,"spotify:track:3hRV0jL3vUpRrcy398teAU","Lord Huron","The Night We Met","Play It Again Sam",15,33,1008,"2359882"
33,"spotify:track:17phhZDn6oGtzMe56NuWvj","Teddy Swims","Lose Control","Warner Records",5,31,537,"2359267"
34,"spotify:track:6J5kc12BW5HuP3d7C3vvx8","Bad Bunny","EoO","Rimas Entertainment LLC.",9,43,121,"2247441"
35,"spotify:track:5XeFesFbtLpXzIVDNQP22n","Arctic Monkeys","I Wanna Be Yours","Domino Recording Co",11,34,1034,"2200554"
36,"spotify:track:0QkWikH5Z3U0f79T9iuF6c","Lady Gaga","Judas","Interscope",36,57,22,"2196678"
37,"spotify:track:6AI3ezQ4o3HUoP6Dhudph3","Kendrick Lamar","Not Like Us","Kendrick Lamar, under exclusive license to Interscope Records",1,35,365,"2181560"
38,"spotify:track:3siwsiaEoU4Kuuc9WKMUy5","The Marías","No One Noticed","Nice Life/Atlantic",32,41,178,"2180883"
39,"spotify:track:2RdEC8Ff83WkX7kDVCHseE","Charli xcx","party 4 u","Atlantic Records UK",39,44,15,"2154870"
40,"spotify:track:4e6TmHCC4PRUj75knNplNP","Fourtwnty, Charita Utami","Mangu","Fourtwnty Music",32,32,16,"2153498"
41,"spotify:track:6Qyc6fS4DsZjB2mRW9DsQs","The Goo Goo Dolls","Iris","Warner Records",27,40,599,"2147554"
42,"spotify:track:0cQVqPuHQP4KEwc7ZUQmj6","The Neighbourhood","Sweater Weather","Columbia",14,42,1715,"2133690"
43,"spotify:track:2wG1mwTiuvqll9YYLMjSaY","ATLXS","PASSO BEM SOLTO - Slowed","broke",35,38,40,"2130852"
44,"spotify:track:5UJbgR4XF4y1DvbkxEqe8S","Tate McRae","Sports car","RCA Records Label",14,49,102,"2128915"
45,"spotify:track:0L5gbpFGU06vqSHacOxgka","Clave Especial, Edgardo Nuñez","TU TU TU","WEA Latina",42,50,24,"2116866"
46,"spotify:track:77pDO4WZPIdkwFve0iHWnb","Fuerza Regida","Por Esos Ojos","Rancho Humilde/Street Mob Records/Sony Music Latin",26,39,83,"2089296"
47,"spotify:track:6393yGahSJ9slVdOwSxOVR","Chappell Roan","Pink Pony Club","Chappell Roan PS/ Island",18,36,262,"2074185"
48,"spotify:track:19XpFsce28aByvCC4g89tJ","Hozier","Too Sweet","Rubyworks / Universal-Island Records Ltd",2,48,410,"2070977"
49,"spotify:track:6WatFBLVB0x077xWeoVc2k","KAROL G","Si Antes Te Hubiera Conocido","Bichota/Interscope Records",4,46,319,"2063287"
50,"spotify:track:3D24ErT1MMmUfXWotSj2A2","Fuerza Regida, Grupo Frontera","ME JALO","Rancho Humilde/Streetmob Records/Grupo Frontera/Sony Music Latin",38,51,130,"2024889"
51,"spotify:track:1JSTJqkT5qHq8MDJnJbRE1","The Police","Every Breath You Take","Polydor Records",34,47,1300,"1997579"
52,"spotify:track:5HZBdV5AwSvKdHFOYbXYD7","Los Dareyes De La Sierra, Tito Double P","Vita Fer","Double P Records",49,56,31,"1988699"
53,"spotify:track:5G2f63n7IPVPPjfNIGih7Q","Sabrina Carpenter","Taste","Island Records",2,52,256,"1987091"
54,"spotify:track:0SiywuOBRcynK0uKGWdCnn","Lady Gaga","Bad Romance","Interscope",54,68,24,"1952719"
55,"spotify:track:4DnrAI8WyUY6gkOwl8GlPN","Alleh, Yorghaki","capaz (merengueton)","CONMUER LLC",34,54,135,"1946302"
56,"spotify:track:4N1dogCaVWnGyFdPjdqNWF","Clave Especial, Fuerza Regida","COMO CAPO","WEA Latina",49,59,35,"1946259"
57,"spotify:track:3be9ACTxtcL6Zm4vJRUiPG","yung kai","blue","BMG Rights Management (US) LLC",22,45,156,"1945156"
58,"spotify:track:5TFD2bmFKGhoCRbX61nXY5","Bad Bunny","NUEVAYoL","Rimas Entertainment LLC.",5,67,121,"1908192"
59,"spotify:track:5tlb0AxuzsMWL2GtEppXGX","Cup of Joe","Multo","Viva Records",24,55,31,"1906228"
60,"spotify:track:7d6yK8v8J484SWH5prIQiE","Bad Bunny, Omar Courtz, Dei V","VeLDÁ","Rimas Entertainment LLC.",8,76,121,"1891303"
61,"spotify:track:7KA4W4McWYRpgf0fWsJZWB","Tyler, The Creator, Kali Uchis","See You Again (feat. Kali Uchis)","Columbia",13,53,793,"1887812"
62,"spotify:track:3AJwUDP919kvQ9QcozQPxg","Coldplay","Yellow","Parlophone UK",15,58,1586,"1840917"
63,"spotify:track:1j15Ar0qGDzIR0v3CQv3JL","KATSEYE","Gnarly","HYBE/Geffen",63,74,4,"1836846"
64,"spotify:track:59D4DOkspUbWyMmbAPQkxZ","Bad Bunny","VOY A LLeVARTE PA PR","Rimas Entertainment LLC.",7,88,121,"1794869"
65,"spotify:track:58ge6dfP91o9oXMzq3XkIS","Arctic Monkeys","505","Domino Recording Co",40,71,1219,"1760580"
66,"spotify:track:2esZG2XFtuoWWA9AfDvSxy","FloyyMenor, Cris Mj","Gata Only","FloyyMenor under exclusive license to UnitedMasters LLC",2,60,449,"1757973"
67,"spotify:track:51ZQ1vr10ffzbwIjDCwqm4","Ariana Grande","we can't be friends (wait for your love)","Republic Records",1,75,424,"1755331"
68,"spotify:track:3KgHiAVuP88QoQs9CO4z1P","Tito Double P","TATTOO","Double P Records",21,73,67,"1745895"
69,"spotify:track:541sN2qNfIlllGn9nGOQoC","Tate McRae","Revolving door","RCA Records Label",18,79,74,"1743469"
70,"spotify:track:1mea3bSkSGXuIRvnydlB5b","Coldplay","Viva La Vida","Parlophone UK",27,63,982,"1739434"
71,"spotify:track:3t72JCbFJ3syOhFC7x9Pa4","Neton Vega","M&M","Josa Records",53,69,74,"1738056"
72,"spotify:track:0DMJz677XfXiiruhIELu2e","Jombriel, DFZM, Jøtta","VITAMINA","WEA Latina",24,62,60,"1735130"
73,"spotify:track:4eLDmhsJW3JoZTXCAozHor","Neton Vega","Loco","Josa Records",14,65,130,"1730661"
74,"spotify:track:2HRgqmZQC0MC7GeNuDIXHN","Jung Kook, Latto","Seven (feat. Latto) (Explicit Ver.)","BIGHIT MUSIC",1,64,661,"1730018"
75,"spotify:track:3x3K1RP3Zfi2qeMR8kyrNO","Benson Boone","Sorry I'm Here For Someone Else","Night Street Records, Inc./Warner Records Inc.",58,81,54,"1726181"
76,"spotify:track:0auX6W6oLjO9cHmx4UTaNj","d4vd","Feel It","Darkroom/Interscope Records",43,66,97,"1700298"
77,"spotify:track:3BntzKsnLf2pc0dsvE3Zav","Teddy Swims","Bad Dreams","Warner Records",41,70,184,"1698806"
78,"spotify:track:0aB0v4027ukVziUGwVGYpG","Kendrick Lamar, Lefty Gunplay","tv off (feat. lefty gunplay)","pgLang, under exclusive license to Interscope Records",5,72,165,"1692465"
79,"spotify:track:70LcF31zb1H0PyJoS1Sx1r","Radiohead","Creep","XL Recordings",79,97,522,"1688324"
80,"spotify:track:2FAZskT9yRjp2Oow9szJD8","Chrystal, NOTION","The Days - NOTION Remix","Polydor Records",49,80,120,"1684694"
81,"spotify:track:2jNyiavSywmA472t2m6ZBz","Lorde","What Was That","Universal Music New Zealand Limited",5,78,12,"1682858"
82,"spotify:track:0l0vcZMU7AOeQmUIREoI2U","Rauw Alejandro, Bad Bunny","Qué Pasaría...","Sony Music Latin/Duars Entertainment",13,90,172,"1677068"
83,"spotify:track:1dzQoRqT5ucxXVaAhTcT0J","Lady Gaga, Colby O'Donis","Just Dance","Streamline/Interscope",83,86,24,"1671131"
84,"spotify:track:0GRc3eGTg8HBdWLRGYgqIc","Ed Sheeran","Azizam","Gingerbread Man Records / Atlantic Records UK",27,91,28,"1669136"
85,"spotify:track:5fZJQrFKWQLb7FpJXZ1g7K","Shaboozey","A Bar Song (Tipsy)","American Dogwood / EMPIRE",5,61,386,"1667849"
86,"spotify:track:7MXVkk9YMctZqd1Srtv4MB","The Weeknd, Daft Punk","Starboy","Universal Republic Records",1,83,1674,"1663066"
87,"spotify:track:7ricDBUakN3N0YkkKE8Obu","Beéle, Ovy On The Drums","mi refe","5020 Records",52,92,124,"1650142"
88,"spotify:track:2tHwzyyOLoWSFqYNjeVMzj","Sabrina Carpenter","Please Please Please","Island Records",1,85,333,"1648505"
89,"spotify:track:7EW7Yivb93qKAtp5qEm5of","Lil Tecca","Dark Thoughts","Galactic / Republic Records",18,82,53,"1623498"
90,"spotify:track:6jbYpRPTEFl1HFKHk1IC0m","Tyler, The Creator, Lola Young","Like Him (feat. Lola Young)","Columbia",20,77,190,"1606369"
91,"spotify:track:2tpWsVSb9UEmDRxAl1zhX1","OneRepublic","Counting Stars","Mosley / Interscope",78,99,1476,"1585577"
92,"spotify:track:1oAwsWBovWRIp7qLMGPIet","Cigarettes After Sex","Apocalypse","Partisan Records",52,93,999,"1581488"
93,"spotify:track:6uroNiDEDd0xFLiri0aQNk","Esau Ortiz","Triple Lavada","ESAU ORTIZ AZUARA/Sony Music Latin",69,84,28,"1565470"
94,"spotify:track:3rUGC1vUpkDG9CZFHMur1t","Tate McRae","greedy","RCA Records Label",1,104,554,"1561144"
95,"spotify:track:3qhlB30KknSejmIvZZLjOD","Djo","End of Beginning","Djo",1,95,444,"1553468"
96,"spotify:track:60a0Rd6pjrkxjPbaKzXjfq","Linkin Park","In the End","Warner Records",7,112,696,"1533846"
97,"spotify:track:3Vr3zh0r7ALn8VLqCiRR10","Myles Smith","Stargazing","RCA Records Label",14,102,295,"1524675"
98,"spotify:track:4XTgFBxBHN6var1BzAgE1m","Maanu, Annural Khalid","Jhol","Giraffe Music",77,89,38,"1515581"
99,"spotify:track:50zAEIE4B1QqhPjRMK2Xmh","Jin","Running Wild","BIGHIT MUSIC",6,96,172,"1508059"
100,"spotify:track:75JFxkI2RXiU7L9VXzMkle","Coldplay","The Scientist","Parlophone Records Limited",79,116,404,"1495851"
101,"spotify:track:5LHPcY9yd0hWVFIW4yfOCJ","Chuyin, Fuerza Regida, Jorsshh, Calle 24","Pika Pika","Street Mob Records",71,101,82,"1495704"
102,"spotify:track:51rfRCiUSvxXlCSCfIztBy","Gracie Abrams","I Love You, I'm Sorry","Gracie Abrams, under exclusive license to Interscope Records",15,115,280,"1495045"
103,"spotify:track:5IZXB5IKAD2qlvTPJYDCFB","Post Malone, Morgan Wallen","I Had Some Help (Feat. Morgan Wallen)","Mercury Records / Republic Records",1,94,360,"1494110"
104,"spotify:track:5ThyDv6aRVU8AH4vXQNldF","Kushagra, Bharath, Saaheal","Finding Her","EYP Creations",89,98,28,"1478126"
105,"spotify:track:1PREzVLuDT6PSE9sej4wnV","Fuerza Regida, Grupo Frontera","COQUETA","Rancho Humilde/Streetmob Records/Grupo Frontera/Sony Music Latin",87,110,17,"1475488"
106,"spotify:track:7qiZfU4dY1lWllzX7mPBI3","Ed Sheeran","Shape of You","Atlantic Records UK",1,111,2501,"1469652"
107,"spotify:track:3zEN0ii6s4DHHBpnTp3RP7","Empire Of The Sun","We Are The People","EMI Recorded Music Australia Pty Ltd",89,125,59,"1468987"
108,"spotify:track:6RUKPb4LETWmmr3iAEQktW","The Chainsmokers, Coldplay","Something Just Like This","Disruptor Records/Columbia",2,109,1793,"1460680"
109,"spotify:track:63Pi2NAx5yCgeLhCTOrEou","Imogen Heap","Headlock","Megaphonic",63,103,123,"1438994"
110,"spotify:track:0tgVpDi06FyKpA1z0VMD4v","Ed Sheeran","Perfect","Atlantic Records UK",3,108,2756,"1437241"
111,"spotify:track:7BRD7x5pt8Lqa1eGYC4dzj","Billie Eilish","CHIHIRO","Darkroom/Interscope Records",3,121,352,"1427407"
112,"spotify:track:5TTGoX70AFrTvuEtqHK37S","Arctic Monkeys","No. 1 Party Anthem","Domino Recording Co",70,106,176,"1420820"
113,"spotify:track:0ofHAoxe9vBkTCp2UQIavz","Fleetwood Mac","Dreams - 2004 Remaster","Rhino/Warner Records",17,100,686,"1416986"
114,"spotify:track:0b0Dz0Gi86SVdBxYeiQcCP","Sabrina Carpenter","Busy Woman","Island Records",11,119,81,"1415436"
115,"spotify:track:2OxvanM5m1Na9OVlXyXmUp","Raim Laode","Lesung Pipi","Raim Laode",72,87,23,"1415177"
116,"spotify:track:0VjIjW4GlUZAMYd2vXMi3b","The Weeknd","Blinding Lights","Republic Records",1,117,1983,"1414271"
117,"spotify:track:7jtQIBanIiJOMS6RyCx6jZ","Tom Odell","Another Love","ITNO/Columbia",11,114,1480,"1413812"
118,"spotify:track:221eHga9f9Ne4f8D7WVgPT","Benson Boone","Mystical Magical","Night Street Records, Inc./Warner Records Inc.",40,167,11,"1408677"
119,"spotify:track:0ll8uFnc0nANY35E0Lfxvg","Keane","Somewhere Only We Know","Universal-Island Records Ltd.",63,123,875,"1406870"
120,"spotify:track:7hNgSEQ4Ho7kWBA2rKpDd9","Oscar Maydon, Neton Vega","Amigos? No.","Rancho Humilde/Sony Music Latin",88,129,55,"1403228"
121,"spotify:track:1FEiijYPJtyswChfcpv3p0","Lana Del Rey","Summertime Sadness","Polydor Records",74,127,862,"1401783"
122,"spotify:track:2uXlHCUbq9OMUwx3hrk06o","Vance Joy","Riptide","Atlantic Records",28,107,1544,"1396530"
123,"spotify:track:2nLtzopw4rPReszdYBJU6h","Linkin Park","Numb","Warner Records",12,151,417,"1391149"
124,"spotify:track:2a1o6ZejUi8U3wzzOtCOYw","Don Omar, Lucenzo","Danza Kuduro","UMLE - Machete",79,105,496,"1380847"
125,"spotify:track:6fxVffaTuwjgEk5h9QyRjy","Ed Sheeran","Photograph","Atlantic Records UK",40,131,1288,"1377220"
126,"spotify:track:22skzmqfdWrjJylampe0kt","Macklemore, Ryan Lewis, Macklemore & Ryan Lewis, Ray Dalton","Can't Hold Us (feat. Ray Dalton)","Macklemore",57,120,1106,"1374687"
127,"spotify:track:5Z75FvRFiultmPFWHx5jQ7","Gabito Ballesteros, Tito Double P","7 DIAS","Los CT Records",15,113,95,"1364434"
128,"spotify:track:0d28khcov6AiegSCpG5TuT","Gorillaz, De La Soul","Feel Good Inc.","Parlophone UK",94,135,156,"1342212"
129,"spotify:track:2LBqCSwhJGcFQeTHMVGwy3","The Weeknd","Die For You","Universal Republic Records",9,124,1186,"1342191"
130,"spotify:track:7BqBn9nzAq8spo5e7cZ0dJ","Bruno Mars","Just the Way You Are","Elektra (NEK)",27,132,849,"1339951"
131,"spotify:track:4MUrUT38U98olfnyzMBCzm","Bad Bunny","KLOuFRENS","Rimas Entertainment LLC.",18,174,121,"1332972"
132,"spotify:track:0IsIY8pfu1yaGkPUD7pkDx","Charli xcx, Billie Eilish","Guess featuring billie eilish","Atlantic Records",3,134,268,"1332833"
133,"spotify:track:07bruo5RoHasGqnun1Z31S","Neton Vega, Tito Double P","Chiquita","Josa Records",133,141,27,"1330123"
134,"spotify:track:1XGmzt0PVuFgQYYnV2It7A","Maroon 5, Wiz Khalifa","Payphone","Interscope Records*",63,142,433,"1328554"
135,"spotify:track:4iZ4pt7kvcaH6Yo8UoZ4s2","SZA","Snooze","Top Dawg Entertainment/RCA Records",25,126,809,"1327368"
136,"spotify:track:5O2P9iiztwhomNh8xkR9lJ","One Direction","Night Changes","Syco Music",6,130,942,"1320547"
137,"spotify:track:1BxfuPKGuaTgP7aM0Bbdwr","Taylor Swift","Cruel Summer","Taylor Swift",2,122,819,"1318608"
138,"spotify:track:0u2P5u6lvoDfwTYjAADbn4","Billie Eilish, Khalid","lovely (with Khalid)","Darkroom",19,149,2543,"1313665"
139,"spotify:track:4QNpBfC0zvjKqPJcyqBy9W","Pitbull, AFROJACK, Ne-Yo, Nayer","Give Me Everything (feat. Nayer)","Mr.305/Polo Grounds Music/J Records",58,140,265,"1310502"
140,"spotify:track:22YkP95GjCfXkWKyU5k1zZ","WizTheMc, bees & honey, Tyla","Show Me Love (with Tyla)","Bamboo Artists 2025 / Tyla appears courtesy of Fax/Epic",136,162,7,"1307955"
141,"spotify:track:2HbKqm4o0w5wEeEFXm2sD4","Kendrick Lamar, Jay Rock","Money Trees","Aftermath",31,146,482,"1303409"
142,"spotify:track:3dYD57lRAUcMHufyqn9GcI","Hozier","Take Me To Church","Universal-Island Records Ltd.",91,136,1277,"1297035"
143,"spotify:track:1wOp7yTVyH176bW1z9WAiv","Alex Warren","Carry You Home","Atlantic Records",85,147,88,"1294380"
144,"spotify:track:1JjHQ4lfAjbDq7wmOmH9wM","Pashanim, Ceren","Shabab(e)s im VIP","Urban",109,-1,3,"1292656"
145,"spotify:track:0gucTLf7trAf37Ua1uAyAu","Nirvana","Smells Like Teen Spirit","Geffen",92,155,710,"1286896"
146,"spotify:track:0fea68AdmYNygeTGI4RC18","J Balvin, Bad Bunny","LA CANCIÓN","Universal Music Latino / Rimas",16,188,810,"1285650"
147,"spotify:track:3U5JVgI2x4rDyHGObzJfNf","Natasha Bedingfield","Unwritten","Sony Music CG",14,137,380,"1281887"
148,"spotify:track:7bywjHOc0wSjGGbj04XbVi","Feid, ATL Jacob","LUNA","UMLE - Latino",7,169,517,"1280619"
149,"spotify:track:7G7mSV4BebkoHWwKTDvXu9","V, Park Hyo Shin","Winter Ahead (with PARK HYO SHIN)","BIGHIT MUSIC",15,118,158,"1271681"
150,"spotify:track:0dS2u2UFd88TIzDDaZDLvS","d4vd","Here With Me","Darkroom/Interscope Records",13,150,511,"1270060"
151,"spotify:track:3M0lSi5WW79CXQamgSBIjx","Chase Atlantic","Swim","Warner Records",46,138,212,"1266373"
152,"spotify:track:0COqiPhxzoWICwFCS4eZcp","Evanescence","Bring Me To Life","The Bicycle Music Company",123,192,32,"1265122"
153,"spotify:track:5Fhr3wqeieN5WDkAsqL1JJ","j-hope","MONA LISA","BIGHIT MUSIC",12,161,46,"1259285"
154,"spotify:track:5RKQ5NdjSh2QzD4MaunT91","Journey","Don't Stop Believin' (2022 Remaster)","Columbia/Legacy",61,133,482,"1256139"
155,"spotify:track:4Dvkj6JhhA12EX05fT7y2e","Harry Styles","As It Was","Columbia",1,143,1122,"1254464"
156,"spotify:track:4LMlVCXHJtCE9abhmn0mYo","Afusic, AliSoomroMusic","Pal Pal","Universal Music MENA (Pakistan)",128,148,20,"1254407"
157,"spotify:track:003vvx7Niy0yvhvHt4a68B","The Killers","Mr. Brightside","Island Records",59,145,1212,"1254208"
158,"spotify:track:2SkB7jADnfiWH8qAE9H8cO","Xavi, Manuel Turizo","En Privado","Interscope Records",77,139,47,"1251566"
159,"spotify:track:2VxeLyX666F8uXCJ0dZF8B","Lady Gaga, Bradley Cooper","Shallow","A Star is Born OST",2,157,1261,"1248035"
160,"spotify:track:3dj4wgM3cPeuLwMNHDuBon","Teddy Swims","The Door","Warner Records",88,171,234,"1245197"
161,"spotify:track:3p4hRhMcb6ch8OLtATMaLw","Cigarettes After Sex","Cry","Partisan Records",118,164,113,"1241207"
162,"spotify:track:0eaVIYo2zeOaGJeqZ5TwYz","Don Toliver","No Pole","Cactus Jack / Atlantic",58,144,174,"1238867"
163,"spotify:track:0AIpGG5dxEgnAymhdJRSZ0","Blood Orange","Champagne Coast","Domino Recording Co",163,198,6,"1238615"
164,"spotify:track:3avYqdwHKEq8beXbeWCKqJ","Katy Perry","Last Friday Night (T.G.I.F.)","Capitol Records",111,128,27,"1236772"
165,"spotify:track:38WyDtxZhxm63jiythwemE","Lorde","Ribs","Universal Music New Zealand Limited",136,177,8,"1234313"
166,"spotify:track:7D0RhFcb3CrfPuTJ0obrod","Coldplay","Sparks","Parlophone UK",82,152,254,"1222659"
167,"spotify:track:0FDzzruyVECATHXKHFs9eJ","Coldplay","A Sky Full of Stars","Parlophone UK",72,154,282,"1219433"
168,"spotify:track:5ceKWhT3J34xxw5uzIzgU9","Morgan Wallen, Post Malone","I Ain't Comin' Back (feat. Post Malone)","Big Loud Records / Mercury Records / Republic Records",18,163,18,"1217649"
169,"spotify:track:3xKsf9qdS1CyvXSMEid6g8","Frank Ocean","Pink + White","Boys Don't Cry",52,172,694,"1217633"
170,"spotify:track:4EIFwndJvGpgFjsEbNuYif","JENNIE, Doechii","ExtraL (feat. Doechii)","OA Entertainment/Columbia",18,168,74,"1215388"
171,"spotify:track:1edcyazKIdKrIuz9cWpXU6","Ariana Grande","twilight zone","Republic Records",3,170,39,"1214525"
172,"spotify:track:1cOboCuWYI2osTOfolMRS6","Oscar Maydon, Fuerza Regida","Tu Boda","Rancho Humilde/Sony Music Latin",4,153,216,"1212164"
173,"spotify:track:7u7IqryLFAygWFz6bsEB7y","Jessie Murph","Blue Strips","Columbia",127,193,8,"1206110"
174,"spotify:track:6dBUzqjtbnIa1TwYbyw5CM","TV Girl","Lovers Rock","TV Girl",92,166,594,"1205393"
175,"spotify:track:2uvE4L5ZsYKpv8hbK4TIOt","Leon Thomas","MUTT","EZMNY Records/Motown Records",106,182,31,"1199236"
176,"spotify:track:5EcG8eMMlwkHRVa4aTR1qd","Rihanna","Breakin' Dishes","Def Jam Recordings",85,159,129,"1197718"
177,"spotify:track:0nrRP2bk19rLc0orkWPQk2","Avicii","Wake Me Up","Universal Music AB",4,194,786,"1194755"
178,"spotify:track:5g7sDjBhZ4I3gcFIpkrLuI","Bruno Mars","Locked out of Heaven","Atlantic Records",21,156,1051,"1194625"
179,"spotify:track:7BKLCZ1jbUBVqRi2FVlTVw","The Chainsmokers, Halsey","Closer","Disruptor Records/Columbia",2,180,1400,"1192953"
180,"spotify:track:5CZ40GBx1sQ9agT82CLQCT","Olivia Rodrigo","traitor","Olivia Rodrigo PS",7,186,590,"1188039"
181,"spotify:track:02XnQdf7sipaKBBHixz3Zp","Lady Gaga","Paparazzi","Streamline/Interscope",181,-1,1,"1186417"
182,"spotify:track:1YYfyJ2yCvGFCxwjsIqEK9","Rauw Alejandro, Romeo Santos","Khé?","Sony Music Latin/Duars Entertainment",21,187,172,"1186331"
183,"spotify:track:5FVd6KXrgO9B3JPmC8OPst","Arctic Monkeys","Do I Wanna Know?","Domino Recording Co",91,189,968,"1186022"
184,"spotify:track:2nMeu6UenVvwUktBCpLMK9","Lana Del Rey","Young And Beautiful","Polydor Records",120,195,92,"1185186"
185,"spotify:track:1zv3WFUbZ5vPxFq9I2jAU1","Rihanna, Calvin Harris","We Found Love","Def Jam Recordings",18,-1,575,"1178860"
186,"spotify:track:51eSHglvG1RJXtL3qI5trr","Benson Boone","Slow It Down","Night Street Records, Inc./Warner Records Inc.",26,-1,351,"1178272"
187,"spotify:track:2XUx8PCXGpP1XhZJMGiUol","Malcolm Todd","Chest Pain (I Love)","Columbia",53,160,29,"1175068"
188,"spotify:track:3B54sVLJ402zGa6Xm4YGNe","French Montana, Swae Lee","Unforgettable","Bad Boy Entertainment/Epic Records",3,184,863,"1167738"
189,"spotify:track:1DpC4L3JjsGRW7y6eTHaMj","Selena Gomez, benny blanco, The Marías","Ojos Tristes (with The Marías)","SMG Music LLC & Friends Keep Secrets under exclusive license to Interscope Records",54,-1,42,"1159399"
190,"spotify:track:7lQ8MOhq6IN2w8EYcFNSUk","Eminem","Without Me","Aftermath",29,200,1305,"1158704"
191,"spotify:track:2uIX8YMNjGMD7441kqyyNU","Billie Eilish","ocean eyes","Darkroom",83,-1,518,"1158648"
192,"spotify:track:1BJJbSX6muJVF2AK7uH1x4","Adam Port, Stryv, Keinemusik, Orso, Malachiii","Move","Keinemusik",17,179,187,"1157579"
193,"spotify:track:5AEOqLsRJFAoSS4ay4Jzao","Nirvana","Come As You Are","Geffen",175,-1,16,"1154229"
194,"spotify:track:7snQQk1zcKl8gZ92AnueZW","Guns N' Roses","Sweet Child O' Mine","Guns N Roses P&D",94,191,165,"1153052"
195,"spotify:track:315aBOUD3xtj7sUMXtRgMV","Benson Boone","In The Stars","Night Street Records, Inc./Warner Records Inc.",49,-1,215,"1151425"
196,"spotify:track:0LTwdL5yZ6YOTEGUQPFuSN","Tito Double P","ROSONES","Double P Records",16,-1,144,"1150216"
197,"spotify:track:2WfaOiMkCvy7F5fcp2zZ8L","a-ha","Take on Me","Rhino",36,181,442,"1147156"
198,"spotify:track:4zbEItKoaRId1vRZkoO0Uh","Danny Ocean, Kapo","Imagínate","Atlantic Records",37,196,130,"1147033"
199,"spotify:track:7qEHsqek33rTcFNT9PFqLf","Lewis Capaldi","Someone You Loved","Vertigo Berlin",4,197,2223,"1146811"
200,"spotify:track:6czM6UMQD9qE5GAUp68oud","Justin Bieber, Chance the Rapper","Confident","RBMG/Def Jam",200,-1,1,"1144407"
