main_artist,individual_collaborators
$NOT, A$AP Rocky
$uicideboy$,
031CHOPPA, Madumane
031CHOPPA, Focalistic
031CHOPPA, Xduppy
031CHOPPA, Kingtone
2 Chainz, Drake
2 Chainz, Quavo
2 Chainz, Ariana Grande
2 Chainz, Travis Scott
21 Savage,
21 Savage, Metro Boomin
21 Savage, Metro Boomin
21 Savage, Drake
21 Savage, Metro Boomin
21 Savage, Young Thug
21 Savage, Metro Boomin
21 Savage, Young Nudy
24kGoldn,
24kGoldn, Justin Bieber
24kGoldn, J Balvin
24kGoldn, iann dior
24kGoldn, iann dior
25K, Zoocci Coke Dope
25K, FLVME
25K, A
25K,Reece
25K,
2Point1, Ntate Stunna
2Point1, Nthabi Sings
347aidan,
5 Seconds of Summer,
5 Seconds of Summer, Julia Michaels
6LACK,
6LACK, Offset
6LACK, Future
6LACK, Lil Baby
6LACK, J. Cole
6LACK, Khalid
6ix9ine, Anuel AA
6ix9ine, Nicki Minaj
6ix9ine, Murda Beatz
6ix9ine,
6ix9ine, Tory Lanez
6ix9ine, Nicki Minaj
6ix9ine, Kanye West
6ix9ine, Bobby Shmurda
6ix9ine, DJ SpinKing
6ix9ine, Lil Baby
6ix9ine, Nicki Minaj
9umba, TOSS
9umba, Mdoovar
9umba, ilovelethu
9umba, Tizzy
9umba, TOSS
9umba, Mdoovar
9umba, Sir Trill
9umba, Sino Msolo
9umba, Lady Du
9umba, Young Stunna
9umba, Slade
A Boogie Wit da Hoodie,
A Boogie Wit da Hoodie, London On Da Track
A Boogie Wit da Hoodie, Roddy Ricch
A Boogie Wit da Hoodie, Gunna
A Boogie Wit da Hoodie, Tyga
A Boogie Wit da Hoodie, Offset
A Boogie Wit da Hoodie, 6ix9ine
A$AP Ferg, Nicki Minaj
A$AP Ferg, MadeinTYO
A$AP Ferg,
A$AP Rocky, Moby
A$AP Rocky, Moby
A$AP Rocky, T.I.
A$AP Rocky, Kid Cudi
A$AP Rocky,
A$AP Rocky, BlocBoy JB
A$AP Rocky, French Montana
A$AP Rocky, Kodak Black
A$AP Rocky, FKA twigs
A$AP Rocky, Juicy J
A$AP Rocky, Skepta
A$AP Rocky, Frank Ocean
A-Reece,
A-Reece, Emtee
A-Reece, Stogie T
A-Reece, BeloSalo
A-Reece, IMP THA DON
A-Reece, Quentin Miller
A-Reece, Yolophonik
A-Reece, Marcus Harvey
A-Reece, Boy Wonder
A-Reece, Ayanda Jiya
A-Reece, Loatinover Pounds
A-Reece, Jay Jody
A-Reece, Maggz
A-Reece, BeloSalo
A-Reece, Wordz
A-Reece, 25K
A-Reece, Jay Jody
A-Reece, Jay Jody
A-Reece, DJ Maphorisa
A-Reece, Jay Jody
A-Reece, BLUE TAPE
A-Reece, Jay Jody
A-Reece, BLUE TAPE
A-Reece, Saul Madiope
A-Reece, Malusi Masia
A-Reece, Jay Jody
A-Reece, BLUE TAPE
A-Reece, Saul Madiope
A-Reece, Jay Jody
A-Reece, BLUE TAPE
A-Reece, Ayanda Jiya
A-Reece, Jay Jody
A-Reece, BLUE TAPE
A-Reece, ThandoNje
AC/DC,
ACRAZE, Cherish
AJR, Rivers Cuomo
AKA, ANATII
AKA, Burna Boy
AKA, Da Les
AKA, JR
AKA, Laylizzy
AKA, weathrd
AKA,
AKA, Burna Boy
AKA, Khuli Chana
AKA, Yanga
AKA, Sho Madjozi
AKA, FLVME
AKA, KDDO
AKA, Emtee
AKA, Manana
AKA, Blxckie
AKA, Nadia Nakai
AKA, Blxckie
AKA, Yanga Chief
AKA, Gemini Major
AKA, Riky Rick
AKA, DJ Tira
AKA, K.O
AKA, Nasty C
AKA, YoungstaCPT
AKA, Thato Saul
AKA, Musa Keys
AKA, Gyakie
AKA, Khuli Chana
AKA, Sjava
AKA, 031CHOPPA
AKA, Baby S.O.N
AKA, Stogie T
ANATII,
ATB, Topic
ATB, A7S
AURORA,
AVAION,
Abidoza, Cassper Nyovest
Abidoza, DJ Sumbody
Abidoza, Cassper Nyovest
Abidoza, Boohle
Adele,
Agust D,
Alan Walker, Noah Cyrus
Alan Walker, Digital Farm Animals
Alan Walker, Juliander
Alan Walker, Ava Max
Alan Walker, Au/Ra
Alan Walker, Tomine Harket
Alan Walker, Sophia Somajo
Alan Walker,
Alan Walker, Sabrina Carpenter
Alan Walker, Farruko
Alec Benjamin,
Alessia Cara,
Alesso, Marshmello
Alesso, James Bay
Alesso, Liam Payne
Alesso,
Alesso, TINI
Alexander 23,
Alfa Kat, Banaba'des
Ali Gatie,
Alicia Keys,
Alicia Keys, Khalid
Amaarae, Kali Uchis
Amaarae, Moliy
Amaarae, Vigro Deep
Amaarae, Kali Uchis
Amaarae, Moliy
Amanda Black, Adekunle Gold
Amanda Black,
Ami Faku, Emtee
Ami Faku,
Amin,
Amu Classic, Kappie
Amu Classic, Djy Jaivane
Amu Classic, Mashudu
Anderson .Paak, Smokey Robinson
Anderson .Paak, Kendrick Lamar
Andile Mpisane, LadyDu
Andile Mpisane, Reece
Andile Mpisane, Zuma
Andy Grammer,
Andy Williams,
Anne-Marie,
Anne-Marie, KSI
Anne-Marie, Digital Farm Animals
Anne-Marie, Niall Horan
Ant Saunders,
Anuel AA, Daddy Yankee
Anuel AA, KAROL G
Anuel AA, J Balvin
Anuel AA, Ozuna
Appel,
Arctic Monkeys,
Ari Lennox, J. Cole
Ariana Grande,
Ariana Grande, Doja Cat
Ariana Grande, Megan Thee Stallion
Ariana Grande, Normani
Ariana Grande, Nicki Minaj
Ariana Grande, Miley Cyrus
Ariana Grande, Lana Del Rey
Ariana Grande, Victoria Mont
Ariana Grande, Liz Gillies
Ariana Grande, Justin Bieber
Ariana Grande, Pharrell Williams
Ariana Grande, Social House
Ariana Grande, Doja Cat
Ariana Grande, The Weeknd
Ariana Grande, Ty Dolla $ign
Ariana Grande, Nicki Minaj
Arizona Zervas,
Armani White,
Armin van Buuren,
ArrDee,
Artwork Sounds, Bee bar
Artwork Sounds, Kabza De Small
Asanda Mkhize,
Ashe,
Ashley O,
Ashnikko,
Aubrey Qwana,
Audiomarc, Nasty C
Audiomarc, Blxckie
August Alsina, Rick Ross
Ava Max,
Avicii,
Avicii, Nicky Romero
Avicii, Rita Ora
Avicii, Aloe Blacc
Avicii, Agnes
Avicii, Vargas & Lagola
Avicii, Sandro Cavazza
Avril Lavigne, Nicki Minaj
Avril Lavigne,
Axwell /\ Ingrosso,
Aymos, Major League Djz
Aymos, Josiah De Disciple
Aymos, Jessica LM
Aymos, Ami Faku
Aymos, Focalistic
Aymos, Mas Musiq
Aymos,
Aymos, Mas Musiq
Aymos, Boohle
Ayra Starr,
Azana,
BANNERS,
BENEE, Gus Dapperton
BIA, J. Cole
BIA, Nicki Minaj
BLACKPINK, Cardi B
BLACKPINK,
BLACKPINK, Selena Gomez
BLEU, Nicki Minaj
BLEU, Drake
BLUE TAPE, A
BLUE TAPE,Reece
BLUE TAPE, Jay Jody
BRNS,
BROCKHAMPTON,
BTS,
BTS, Halsey
BTS, Megan Thee Stallion
BTS, Charli XCX
BTS, Nicki Minaj
BTS, Lauv
BTS, Sia
BTS, Steve Aoki
Baby Keem,
Baby Keem, Kendrick Lamar
Baby Keem, Don Toliver
Baby Keem, Travis Scott
Baby Keem, Brent Faiyaz
Baby S.O.N, Kelvin Momo
Baby S.O.N, Stixx
Baby S.O.N, Mashudu
Baby Tate,
Bad Bunny, Jhay Cortez
Bad Bunny, Drake
Bad Wolves,
Balcony Mix Africa, Lady Du
Balcony Mix Africa, Focalistic
Balcony Mix Africa, Major League Djz
Balcony Mix Africa, LuuDaDeejay
Balcony Mix Africa, Aunty Gelato
Balcony Mix Africa, Major League Djz
Balcony Mix Africa, Murumba Pitch
Balcony Mix Africa, Mathandos
Balcony Mix Africa, S.O.N
Balcony Mix Africa, Omit ST
Band Aid,
Barto,
Bas, J. Cole
Bas, J. Cole
Bas, Lil Tjay
Bastille,
Bayanni,
Bazzi,
Bazzi, Camila Cabello
Bazzi, 21 Savage
Bea Miller,
Beach Weather,
Bebe Rexha, Doja Cat
Bebe Rexha,
Bebe Rexha, Florida Georgia Line
Becky Hill, Topic
Bella Poarch,
Belly, The Weeknd
Belly, Nas
Belly, The Weeknd
Belly, Young Thug
Benny The Butcher, J. Cole
Benson Boone,
Bernice West,
Beyonc,
Beyonc, Shatta Wale
Beyonc, Major Lazer
Beyonc, Kendrick Lamar
Beyonc, BEAM
Beyonc, JAY
Beyonc,Z
Beyonc, Childish Gambino
Beyonc, Oumou Sangar
Beyonc, Grace Jones
Beyonc, Tems
Bezza, ElGrandeToto
Big Nuz, Dj Yamza
Big Sean, Hit
Big Sean,Boy
Big Sean, A$AP Ferg
Big Sean, Ty Dolla $ign
Big Sean, Jhen Aiko
Big Sean, Nipsey Hussle
Big Sean,
Big Sean, Travis Scott
Big Sean, Post Malone
Big Shaq,
Big Zulu, Xowla
Big Zulu, Riky Rick
Big Zulu, Intaba Yase Dubai
Big Zulu, Lwah Ndlunkulu
Big Zulu, Mduduzi Ncube
Big Zulu, Lwah Ndlunkulu
Big Zulu, Siya Ntuli
Big Zulu, Xowla
Big Zulu, Mduduzi Ncube
Big Zulu, Siya Ntuli
Big Zulu, Lwah Ndlunkulu
Big Zulu, Xowla
Big Zulu, Mnqobi Yazo
Biggy,
Billie Eilish,
Billie Eilish, ROSALA
Billie Eilish, Justin Bieber
Billie Eilish, Khalid
Bing Crosby, Ken Darby Singers
Bing Crosby, John Scott Trotter & His Orchestra
Black Coffee, Pharrell Williams
Black Coffee, Jozzy
Black Coffee, Karyendasoul
Black Coffee, Zhao
Black Coffee, David Guetta
Black Coffee, Delilah Montagu
Black Coffee, Una Rams
Black Coffee, Tellaman
Black Coffee, RY X
Black Coffee, Mondli Ngcobo
Black Coffee, Usher
Black Coffee, DJ Angelo
Black Coffee, Jinadu
Black Coffee, Samthing Soweto
Black Coffee, Diplo
Black Coffee, Elderbrook
Black Coffee, Celeste
Black Coffee, Sabrina Claudio
Black Coffee, Msaki
Black Coffee, Maxine Ashley
Black Coffee, Sun
Black Coffee,El Musician
Black Eyed Peas,
Black Eyed Peas, Ozuna
Black Eyed Peas, J. Rey Soul
Black Eyed Peas, J Balvin
Black Motion, Sun
Black Motion,El Musician
Black Motion, Nobuhle
Black Motion, Nokwazi
Black Motion, Brenden Praise
Black Sherif,
Blackstreet, Dr. Dre
Blackstreet, Queen Pen
Blanco Brown,
Blaq Diamond,
Blaq Diamond, Dumi Mkokstad
Blaq Diamond, Big Zulu
Blaq Diamond, Siya Ntuli
Blaqnick & MasterBlaq, Major League Djz
Blaqnick & MasterBlaq, M.J
Blaqnick & MasterBlaq, Mellow & Sleazy
Blaqnick & MasterBlaq, Uncle Jo
BlocBoy JB, Drake
BlocBoy JB, 21 Savage
Blue Ivy, SAINt JHN
Blue Ivy, Beyonc
Blue Ivy, WizKid
Blueface,
Blueface, Cardi B
Blueface, YG
Blxckie, Lucasraps
Blxckie,
Blxckie, Madumane
Blxckie, Chang Cello
Blxckie, FLVME
Blxckie, Nasty C
Blxckie, Nicole Elocin
Blxckie, K1llbrady
Blxckie, Scumie
Blxckie, A
Blxckie,Reece
Blxckie, Mench
Blxst, Tyga
Blxst, Ty Dolla $ign
Bobby Helms,
Boity,
Boity, Nasty C
Bok Van Blerk, Steve Hofmeyr
Bok Van Blerk, Bobby Van Jaarsveld
Bok Van Blerk, Ruhan Du Toit
Bok Van Blerk, Jay
Bok Van Blerk, Robbie Wessels
Boney M.,
Boohle, Busta 929
Boohle, Mpura
Boohle, Busta 929
Boohle, Reece Madlisa
Boohle, Zuma
Boohle, Josiah De Disciple
Boohle, Murumba Pitch
Boohle, Gaba Cannal
BoyWithUke, blackbear
BoyWithUke,
Boyz II Men,
Brenda Lee,
Brendan Peyper,
Brent Faiyaz, Tre' Amani
Brent Faiyaz,
Brent Faiyaz, Joony
Brent Faiyaz, Alicia Keys
Brent Faiyaz, DJ Dahi
Brent Faiyaz, Tyler
Brent Faiyaz, The Creator
Brent Faiyaz, Drake
Brent Faiyaz, The Neptunes
Brett Eldredge, Meghan Trainor
Bring Me The Horizon,
Britney Spears,
Bruce Springsteen,
Bruno Mars, Anderson .Paak
Bruno Mars, Silk Sonic
Bruno Mars, Thundercat
Bruno Mars, Bootsy Collins
Bruno Mars, Anderson .Paak
Bruno Mars, Silk Sonic
Bruno Mars, Cardi B
Bruno Mars,
Bryan Adams,
Bryce Vine,
Bryson Tiller,
Bryson Tiller, Drake
Burl Ives,
Burna Boy,
Burna Boy, J Hus
Burna Boy, Victony
Burna Boy, Ed Sheeran
Burna Boy, Ladysmith Black Mambazo
Burna Boy, Jorja Smith
Burna Boy, Youssou N'Dour
Burna Boy, Chris Martin
Burna Boy, Stormzy
Burna Boy, Blxst
Burna Boy, Kehlani
Burna Boy, Sauti Sol
Busiswa, DJ Maphorisa
Busiswa, Kabza De Small
Busiswa, Vyno Miller
Busiswa, Mas Musiq
Busta 929, Zuma
Busta 929, Boohle
Busta 929, Zuma
Busta 929, Mafidzodzo
Busta 929, Soulful G
Busta 929, Mgiftoz SA
Busta 929, Mzu M
Busta 929, Mzu M
Busta 929, Lady Du
Busta 929, Boohle
Busta 929, Almighty
Busta 929, Mgiftoz SA
Busta 929, Miano
Busta 929, 20ty Soundz
Busta 929, Mgiftoz SA
Busta 929,
Busta 929, Mpura
Busta 929, Zuma
Busta 929, Mr JazziQ
Busta 929, Lady Du
Busta 929, Reece Madlisa
Busta 929, Lady Du
Busta 929, Almighty
Busta 929, Lady Du
Busta 929, Zuma
Busta 929, Mpura
Busta 929, Mpura
Busta 929, Thembii. N
Busta 929, Sje Konka
Busta Rhymes, Kendrick Lamar
CJ,
CKay, Focalistic
CKay, Davido
CKay, Abidoza
CKay,
CKay, Dj Yo!
CKay, AX'EL
CORPSE, Savage Ga$p
CORPSE, Night Lovell
Caltonic SA, Focalistic
Caltonic SA, Makhadzi
Caltonic SA, Masterpiece YVK
Calum Scott,
Calvin Harris, Rag'n'Bone Man
Calvin Harris, Dua Lipa
Calvin Harris, The Weeknd
Calvin Harris, Dua Lipa
Calvin Harris, Young Thug
Calvin Harris, Sam Smith
Calvin Harris, Jessie Reyez
CamelPhat, Elderbrook
Camidoh, Mayorkun
Camidoh, Darkoo
Camidoh, King Promise
Camila Cabello, Ed Sheeran
Camila Cabello,
Camila Cabello, Young Thug
Camila Cabello, Daddy Yankee
Camila Cabello, DaBaby
Camila Cabello, Swae Lee
Camila Cabello, WILLOW
Cardi B, 21 Savage
Cardi B,
Cardi B, Chance the Rapper
Cardi B, Migos
Cardi B, Kanye West
Cardi B, Lil Durk
Cardi B, SZA
Cardi B, Bad Bunny
Cardi B, J Balvin
Cardi B, Bruno Mars
Cardi B, Kehlani
Cardi B, YG
Cardi B, Megan Thee Stallion
Carolina Gaitn - La Gaita, Mauro Castillo
Carolina Gaitn - La Gaita, Adassa
Carolina Gaitn - La Gaita, Rhenzy Feliz
Carolina Gaitn - La Gaita, Diane Guerrero
Carolina Gaitn - La Gaita, Stephanie Beatriz
Carolina Gaitn - La Gaita, Encanto 
Carolina Gaitn - La Gaita, Cast
Cash Cash, ABIR
Cashmere Cat, Major Lazer
Cashmere Cat, Tory Lanez
Cassper Nyovest,
Cassper Nyovest, Abidoza
Cassper Nyovest, Kammu Dee
Cassper Nyovest, LuuDaDeejay
Cassper Nyovest, Tweezy
Cassper Nyovest, Zola 7
Cassper Nyovest, Tellaman
Cassper Nyovest, African Gospel Singers
Cassper Nyovest, Anthony Hamilton
Cassper Nyovest, Samthing Soweto
Cassper Nyovest, Langa Mavuso
Cassper Nyovest, Nadia Nakai
Cassper Nyovest, PROKID
Cassper Nyovest, Bas
Cassper Nyovest, YoungstaCPT
Cassper Nyovest, Apu Sebekedi
Cassper Nyovest, Busiswa
Cassper Nyovest, Legendary P
Cassper Nyovest, HHP
Cassper Nyovest, Khuli Chana
Cassper Nyovest, Mo Molemi
Cassper Nyovest, Towdee Mac
Cassper Nyovest, Tuks
Cassper Nyovest, DJ Lemonka
Cassper Nyovest, Phantom Steeze
Cassper Nyovest, Abidoza
Cassper Nyovest, Boohle
Cassper Nyovest, RAYE
Cassper Nyovest, WESTSIDE BOOGIE
Cassper Nyovest, Frank Casino
Casswell P, Master KG
Casswell P, Lwami
Cat Burns,
Central Cee,
Ch'cco, Mellow & Sleazy
Ch'cco, Focalistic
Ch'cco, Mellow & Sleazy
Chance the Rapper,
Chance the Rapper, John Legend
Chance the Rapper, Death Cab for Cutie
Chance the Rapper, TisaKorean
Chance the Rapper, Murda Beatz
Chance the Rapper, MadeinTYO
Chance the Rapper, DaBaby
Charli XCX, Troye Sivan
Charlie Puth,
Charlie Puth, Kehlani
Charlie Puth, BTS
Charlie Puth, Jung Kook
Charlie Puth, Jung Kook
Charlie Puth, BTS
Chase Atlantic,
Cheat Codes, Little Mix
Childish Gambino,
Chle,
Chle, Chris Brown
Chloe x Halle,
Chris Brown, Lil Baby
Chris Brown,
Chris Brown, Fivio Foreign
Chris Brown, WizKid
Chris Brown, Wizkid
Chris Brown, H.E.R.
Chris Brown, Justin Bieber
Chris Brown, Ink
Chris Brown, Young Thug
Chris Brown, Gunna
Chris Brown, EST Gee
Chris Brown, Bryson Tiller
Chris Brown, Drake
Chris Brown, Lil Wayne
Chris Brown, BLEU
Chris Brown, Jack Harlow
Chris Brown, Ella Mai
Chris Brown, Blxst
Chris Brown, Lil Durk
Chris Brown, Capella Grey
Chris Brown, Nicki Minaj
Chris Brown, G
Chris Brown,Eazy
Chris Rea,
Christina Aguilera,
Chuck Berry,
Cian Ducrot,
Ciara,
Clairo,
Classic Man SmF,
Clean Bandit, Julia Michaels
Clean Bandit, Demi Lovato
Clean Bandit, Zara Larsson
Clean Bandit, Mabel
Clean Bandit, 24kGoldn
Cline Dion,
Clinton Kane,
Cochise, $NOT
Coi Leray, Nicki Minaj
Coi Leray,
Coldplay,
Coldplay, Selena Gomez
Coldplay, BTS
Conan Gray,
Coolio, L.V.
Coolkiid Da Vocalist,
Cordae, Roddy Ricch
Cordae, Anderson .Paak
Costa Titch, Riky Rick
Costa Titch, DJ Maphorisa
Costa Titch, CBuda M
Costa Titch, Alfa Kat
Costa Titch, Banaba Des
Costa Titch, Sdida
Costa Titch, Man T
Costa Titch, Sdida
Costa Titch, Alfa Kat
Costa Titch, Man T
Costa Titch, C'buda M
Costa Titch, Banaba Des
Curtis Waters, Harm Franklin
Cyfred, Mellow & Sleazy
Cyfred, Mr JazziQ
Cyfred, Seekay
Cyfred, Fake Love
DBN Gogo, Felo Le Tee
DBN Gogo, Pabi Cooper
DBN Gogo, Young Stunna
DBN Gogo, TNK MusiQ
DBN Gogo, DJ Stopper
DBN Gogo, Eltonk SA
DBN Gogo, Dinho
DBN Gogo, Hi Levelz
DBN Gogo, Optimist Music ZA
DBN Gogo, Felo Le Tee
DBN Gogo, Blaqnick & MasterBlaq
DBN Gogo, Mpura
DBN Gogo, Ama Avenger
DBN Gogo, M.J
DBN Gogo, Boontle RSA
DBN Gogo, Kammu Dee
DBN Gogo, Mpho Spizzy
DBN Gogo, Xduppy
DBN Gogo, QuayR Musiq
DBN Gogo, Musa Keys
DBN Gogo, Dinho
DBN Gogo, Optimist Music ZA
DBN Gogo, Makhanj
DBN Gogo, Lebza TheVillain
DBN Gogo, Koek Sista
DBN Gogo, Stixx
DBN Gogo, BoiBizza
DBN Gogo, MaWhoo
DDG, Blueface
DJ Big Sky, LuuDeDeejay
DJ Big Sky, Sbhanga
DJ Big Sky, Sbhanga
DJ Big Sky, Gaba Cannal
DJ Cleo, Bucy Radebe
DJ Durel, Migos
DJ Ganyani, Nomcebo
DJ Hlo, Lady Du
DJ Hlo, Bob Mabena
DJ Jaivane, Record L Jones
DJ Jaivane, Slenda Vocals
DJ Khaled, Future
DJ Khaled, SZA
DJ Khaled, Cardi B
DJ Khaled, Future
DJ Khaled, Lil Baby
DJ Khaled, Bryson Tiller
DJ Khaled, Roddy Ricch
DJ Khaled, Lil Baby
DJ Khaled, Travis Scott
DJ Khaled, Post Malone
DJ Khaled, Lil Baby
DJ Khaled, Lil Durk
DJ Khaled, Gunna
DJ Khaled, Roddy Ricch
DJ Khaled, Lil Wayne
DJ Khaled, Gunna
DJ Khaled, Rick Ross
DJ Khaled, Lil Wayne
DJ Khaled, JAY
DJ Khaled,Z
DJ Khaled, John Legend
DJ Khaled, Fridayy
DJ Khaled, Drake
DJ Khaled, Nipsey Hussle
DJ Khaled, John Legend
DJ Khaled, Buju Banton
DJ Khaled, Sizzla
DJ Khaled, Mavado
DJ Khaled, 070 Shake
DJ Khaled, Bryson Tiller
DJ Khaled, Meek Mill
DJ Khaled, H.E.R.
DJ Khaled, Post Malone
DJ Khaled, DaBaby
DJ Khaled, Megan Thee Stallion
DJ Khaled, Lil Baby
DJ Khaled, Justin Bieber
DJ Khaled, Quavo
DJ Khaled, Chance the Rapper
DJ Khaled, Lil Wayne
DJ Khaled, Nardo Wick
DJ Khaled, Kodak Black
DJ Khaled, Justin Timberlake
DJ Khaled, Chris Brown
DJ Khaled, Lil Wayne
DJ Khaled, Big Sean
DJ Khaled, Juice WRLD
DJ Khaled, SZA
DJ Khaled, Lil Durk
DJ Khaled, 21 Savage
DJ Khaled, Roddy Ricch
DJ Khaled, 21 Savage
DJ Khaled, Justin Bieber
DJ Khaled, Don Toliver
DJ Khaled, Travis Scott
DJ Khaled, Justin Bieber
DJ Khaled, Quavo
DJ Khaled, Chance the Rapper
DJ Khaled, Justin Bieber
DJ Khaled, Chance the Rapper
DJ Khaled, Quavo
DJ Khaled, Quavo
DJ Khaled, Takeoff
DJ Khaled, Nas
DJ Khaled, JAY
DJ Khaled,Z
DJ Khaled, James Fauntleroy
DJ Khaled, Drake
DJ Khaled, Lil Baby
DJ Khaled, Lil Wayne
DJ Khaled, Jeremih
DJ Khaled, Big Sean
DJ Khaled, Rick Ross
DJ Khaled, A Boogie Wit da Hoodie
DJ Khaled, Diddy
DJ Khaled, Big Sean
DJ Khaled, JAY
DJ Khaled,Z
DJ Khaled, Future
DJ Khaled, Beyonc
DJ Khaled, Kanye West
DJ Khaled, Eminem
DJ Khaled, Ye
DJ Khaled, Eminem
DJ Khaled, 21 Savage
DJ Khaled, H.E.R.
DJ Khaled, Migos
DJ Khaled, Meek Mill
DJ Khaled, Lil Baby
DJ Khaled, Cardi B
DJ Khaled, 21 Savage
DJ Khaled, Nas
DJ Khaled, CeeLo Green
DJ Khaled, Meek Mill
DJ Khaled, J Balvin
DJ Khaled, Lil Baby
DJ Khaled, Jeremih
DJ Maphorisa, Kabza De Small
DJ Maphorisa, Samthing Soweto
DJ Maphorisa, Mfr Souls
DJ Maphorisa, Visca
DJ Maphorisa, 2woshort
DJ Maphorisa, Stompiiey
DJ Maphorisa, Shaunmusiq
DJ Maphorisa, Ftears
DJ Maphorisa, Madumane
DJ Maphorisa, Visca
DJ Maphorisa, 2woshortrsa
DJ Maphorisa, Stompiiey
DJ Maphorisa, Shaunmusiq
DJ Maphorisa, Ftears
DJ Maphorisa, Madumane
DJ Maphorisa, Tyler ICU
DJ Maphorisa, Sir Trill
DJ Maphorisa, Daliwonga
DJ Maphorisa, Kabza De Small
DJ Maphorisa, Kabza De Small
DJ Maphorisa, Sandy MRD
DJ Maphorisa, Tyler ICU
DJ Maphorisa, Visca
DJ Maphorisa, Madumane
DJ Maphorisa, Mpura
DJ Maphorisa, Daliwonga
DJ Maphorisa, Kabza De Small
DJ Maphorisa, Mhaw Keys
DJ Maphorisa, Rude Boyz
DJ Maphorisa, Distruction Boyz
DJ Maphorisa, DJ Tira
DJ Maphorisa, Busiswa
DJ Maphorisa, Moonchild Sanelly
DJ Maphorisa, Visca
DJ Maphorisa, Da Muziqal Chef
DJ Maphorisa, Mawhoo
DJ Maphorisa, Kabza De Small
DJ Maphorisa, Visca
DJ Maphorisa, Da Muziqal Chef
DJ Maphorisa, MaWhoo
DJ Maphorisa, Kabza De Small
DJ Maphorisa, Kabza De Small
DJ Maphorisa, Focalistic
DJ Maphorisa, Mpura
DJ Maphorisa, Madumane
DJ Maphorisa, Mellow & Sleazy
DJ Maphorisa, Kabza De Small
DJ Maphorisa, Nokwazi
DJ Maphorisa, Vigro Deep
DJ Maphorisa, Kabza De Small
DJ Maphorisa, Sha Sha
DJ Maphorisa, DJ Raybel
DJ Maphorisa, Moonchild Sanelly
DJ Maphorisa, K.O
DJ Maphorisa, Zulu Mkhathini
DJ Ngwazi, Master KG
DJ Ngwazi, Nokwazi
DJ Ngwazi, Lowsheen
DJ Ngwazi, Caltonic SA
DJ Snake, Sheck Wes
DJ Snake, Offset
DJ Snake, 21 Savage
DJ Snake, Gucci Mane
DJ Snake, Justin Bieber
DJ Snake, J Balvin
DJ Snake, Tyga
DJ Snake, Selena Gomez
DJ Snake, Selena Gomez
DJ Snake, Ozuna
DJ Snake, Cardi B
DJ Stokie, Ben Da Prince
DJ Stokie, Nkosazana_Daughter
DJ Stokie, Ommit
DJ Stokie, Sobzeen
DJ Stokie, Zee_nhle
DJ Stokie, Daliwonga
DJ Stokie, Nia Pearl
DJ Stokie, Sha Sha
DJ Stokie, TylerICU
DJ Stokie, Loxion Deep
DJ Stokie, Sir Trill
DJ Stokie, Nobantu Vilakazi
DJ Stokie, Murumba Pitch
DJ Stokie, Kabza De Small
DJ Stokie, Masterpiece YVK
DJ Stokie, Madumane
DJ Stokie, Madumane
DJ Stokie, Howard Gomba
DJ Stokie, Bongza
DJ Stokie, Focalistic
DJ Stokie, Ommit
DJ Stokie, MaWhoo
DJ Stokie, Oscar Mbo
DJ Sumbody, Drip Gogo
DJ Sumbody, The Lowkeys
DJ Sumbody, Cassper Nyovest
DJ Sumbody, Thebe
DJ Sumbody, Vettys
DJ Sumbody, Londie London
DJ Sumbody, Leehleza
DJ Tarico, Preck
DJ Tarico, Nelson Tivane
DJ Tarico, Burna Boy
DJ Tarico, Preck
DJ Tarico, Nelson Tivane
DJ Tira, General C'mamane
DJ Tira, Dladla Mshunqisi
DJ Tira, Sizwe Mdlalose
DJ Tira, Ms Mamellow
DJ Tira, Miss Vee
DJ Tira, Joocy
DJ Zinhle, Dr Duda
DJ Zinhle, Lucille Slade
DJ Zinhle, Mvzzle
DJ Zinhle, Rethabile
DMX,
Da Les, Focalistic
Da Les, Kamo Mphela
Da Les, Jobe London
DaBaby, Young Thug
DaBaby,
DaBaby, Lil Wayne
DaBaby, Quavo
DaBaby, Migos
DaBaby, Roddy Ricch
DaBaby, Lil Baby
DaBaby, Moneybagg Yo
Daddy Yankee, Snow
Daliwonga, Mellow & Sleazy
Daliwonga, M.J
Dan + Shay, Justin Bieber
DaniLeigh,
DaniLeigh, Chris Brown
Daniel Caesar, H.E.R.
Daniel Caesar,
Daniel Caesar, Pharrell Williams
Daniel Caesar, Kali Uchis
Daniel Caesar, Brandy
Daniel Caesar, John Mayer
Darlene Love,
Daryl Hall & John Oates,
Dave, Stormzy
Dave,
Dave, Burna Boy
Dave, Central Cee
Dave, WizKid
David Guetta, Brooks
David Guetta, Loote
David Guetta, Anne
David Guetta,Marie
David Guetta, Sia
David Guetta, Bebe Rexha
David Guetta, Martin Garrix
David Guetta, Brooks
David Guetta, Bebe Rexha
David Guetta, J Balvin
David Guetta, RAYE
David Guetta, Martin Solveig
David Guetta, Showtek
David Kushner,
David Scott, Diamond Thug
Davido, Chris Brown
Davido, Focalistic
Davido, Musa Keys
Dax, Nasty C
Daya,
De Mthuda,
De Mthuda, Sir Trill
De Mthuda, Da Muziqal Chef
De Mthuda, Ami Faku
De Mthuda, Njelic
De Mthuda, Mkeyz
De Mthuda, Murumba Pitch
De Mthuda, Sino Msolo
De Mthuda, Da Muziqal Chef
De Mthuda, Kabza De Small
De Mthuda, MalumNator
De Mthuda, Da Muziqal Chef
De Mthuda, Sino Msolo
De Mthuda, Sipho Magudulela
De Mthuda, Da Muziqal Chef
De Mthuda, Eemoh
De Mthuda, Sipho Magudulela
De Mthuda, Da Muziqal Chef
De Mthuda, Eemoh
De Mthuda, Njelic
De Mthuda, Ntokzin
De Mthuda, MalumNator
Dean Lewis,
Dean Martin,
Dee-Jay,
Deep London, Boohle
Deep London, Nkosazana Daughter
Deep London, Murumba Pitch
Deep London, Janda_K1
Demi Lee Moore,
Demi Lovato,
Demi Lovato, Ariana Grande
Dennis Lloyd,
Dermot Kennedy,
Desiigner,
Die Heuwels Fantasties, Spoegwolf
Die Heuwels Fantasties, Appel
Dinky Kunene, Mellow & Sleazy
Diplo, Morgan Wallen
Diplo, Jonas Brothers
Diplo, French Montana
Diplo, Lil Pump
Diplo, Zhavia
Distruction Boyz,
Distruction Boyz, Benny Maverick
Distruction Boyz, Dladla Mshunqisi
Dixie,
Dj Abux, Soulking
Dj Boat,
Dj Coach, DJ Sgo
Dj Coach, Jess
Dj Karri, BL Zero
Dj Karri, Lebzito
Dj Karri, Mfana Kah Gogo
Dj Karri, BL Zero
Dj Karri, Lebzito
Dj Karri, Prime De 1st
Dj Melzi, Mkeyz
Dj Melzi, Moukz
Dj Melzi, Spitjo88
Dj Melzi, Mkeyz
Dj Melzi, Mphow 69
Dj Melzi, Mkeyz
Dj Melzi, Da Ish
Dj Melzi, Mfr Souls
Dj Melzi, Bassie
Dj Melzi, Senzo Afrika
Dj Melzi, Da Ish
Dj Obza, Nkosazana
Dj Obza, DJ Freetz
Dj Obza, Bongo Beats
Dj Obza, Professor
Dj Obza, Gem Valley
Dj Obza, Leon Lee
Dj Obza, Mthandazo Gatya
Dj Obza, Dj Gizo
Dj Sunco, Queen Jenny
Djy Zan SA, Fanarito
Djy Zan SA, Kyika DeSoul
Djy Zan SA, Konka
Dladla Mshunqisi, Distruction Boyz
Dladla Mshunqisi, DJ Tira
Dladla Mshunqisi, Sizwe Mdlalose
Dladla Mshunqisi, Assiye Bongzin
Dladla Mshunqisi, DJ Tira
Dlala Regal, Sir Sensei
Dlala Regal, Young Stunna
Dlala Regal, Scotts Maphuma
Dlala Thukzin, Zaba
Dlala Thukzin, Zaba
Dlala Thukzin, Sir Trill
Dlala Thukzin, Mpura
Dlala Thukzin, Rascoe Kaos
Dodo Nyoka,
Doja Cat,
Doja Cat, Ariana Grande
Doja Cat, SZA
Doja Cat, JID
Doja Cat, Young Thug
Doja Cat, Nicki Minaj
Doja Cat, The Weeknd
Dominic Fike,
Dominic Fike, Zendaya
Don Toliver,
Don Toliver, Kali Uchis
Don Toliver, Travis Scott
Don Toliver, Kaash Paige
Don Toliver, Travis Scott
Don Toliver, 21 Savage
Don Toliver, 2 Chainz
Don Toliver, Offset
Don Toliver, Quavo
Don Toliver, Justin Bieber
Don Toliver, Future
Dove Cameron,
Dove Cameron, Khalid
Dr. Dre, Eminem
Dr. Dre, Snoop Dogg
Drake,
Drake, Static Major
Drake, Ty Dolla $ign
Drake, 21 Savage
Drake, Giveon
Drake, Fivio Foreign
Drake, Sosa Geek
Drake, Future
Drake, Michael Jackson
Drake, Travis Scott
Drake, Tems
Drake, Ty Dolla $ign
Drake, James Fauntleroy
Drake, Lil Baby
Drake, Kid Cudi
Drake, Lil Durk
Drake, Giveon
Drake, J. Cole
Drake, 21 Savage
Drake, Project Pat
Drake, Lil Durk
Drake, Rick Ross
Drake, JAY
Drake,Z
Drake, Chris Brown
Drake, WizKid
Drake, Kyla
Drake, Wizkid
Drake, Kyla
Drake, Playboi Carti
Drake, Quavo
Drake, Travis Scott
Drake, 21 Savage
Drake, Travis Scott
Drake, Lil Wayne
Drake, Future
Drake, Young Thug
Drake, Yebba
Drake, Lil Wayne
Drake, Rick Ross
Dreamville, J. Cole
Dreamville, JID
Dreamville, Cozz
Dreamville, EARTHGANG
Dreamville, Smino
Dreamville, Buddy
Dreamville, Bas
Dreamville, JID
Dreamville, Guapdad 4000
Dreamville, Reese LAFLARE
Dreamville, Jace
Dreamville, Mez
Dreamville, Smokepurpp
Dreamville, Buddy
Dreamville, Ski Mask The Slump God
Dreamville, Bas
Dreamville, Cozz
Dreamville, Baby Tate
Dreamville, Guapdad 4000
Dreamville, Buddy
Dreamville, JID
Dreamville, Bas
Dreamville, J. Cole
Dreamville, EARTHGANG
Dreamville, Young Nudy
Dreamville, J. Cole
Dreamville, Ari Lennox
Dreamville, Omen
Dreamville, Ty Dolla $ign
Dreamville, Dreezy
Dreamville, JID
Dreamville, T.I.
Dreamville, Cozz
Dreamville, REASON
Dreamville, Childish Major
Dreamville, J. Cole
Dreamville, Zoink Gang
Dreamville, KEY!
Dreamville, Maxo Kream
Dreamville, Omen
Dreamville, Mereba
Dreamville, Deante' Hitchcock
Dreamville, St. Beauty
Dreamville, JID
Dreamville, J. Cole
Dreamville, Vince Staples
Dreamville, EARTHGANG
Dreamville, J. Cole
Dreamville, Smino
Dreamville, Saba
Dreamville, Ari Lennox
Dreamville, Bas
Dreamville, Baby Rose
Dreamville, Lute
Dreamville, Omen
Dreamville, Mez
Dreamville, DaVionne
Dreamville, JID
Dreamville, J. Cole
Dreamville, Kenny Mason
Dreamville, Sheck Wes
Dreamville, J. Cole
Dreamville, Young Nudy
Dreamville, EARTHGANG
Dreamville, J. Cole
Dreamville, Lute
Dreamville, DaBaby
Dreamville, JID
Dreamville, EARTHGANG
Dreamville, Buddy
Dreamville, Guapdad 4000
Drip Gogo, DJ Sumbody
Drip Gogo, The Lowkeys
DripReport,
Drizzy Sam Rsa, Kaymor
Drizzy Sam Rsa, Ohp Sage
Droomsindroom,
Dua Lipa,
Dua Lipa, BLACKPINK
Dua Lipa, DaBaby
Duncan Daniels,
Duncan Laurence,
Dynoro, Gigi D'Agostino
Dzo 729, Guyu Pane
Dzo 729, YoungStunner
ESK MUSIQ,
Eagles,
Early B, Jack Parow
Early B, Justin Vega
Earth, Wind & Fire
Ed Sheeran, Meek Mill
Ed Sheeran, A Boogie Wit da Hoodie
Ed Sheeran,
Ed Sheeran, Lil Baby
Ed Sheeran, Travis Scott
Ed Sheeran, Chris Stapleton
Ed Sheeran, Bruno Mars
Ed Sheeran, Bring Me The Horizon
Ed Sheeran, Kooldrink
Ed Sheeran, Khalid
Ed Sheeran, Yebba
Ed Sheeran, Chance the Rapper
Ed Sheeran, PnB Rock
Ed Sheeran, Young Thug
Ed Sheeran, J Hus
Ed Sheeran, Justin Bieber
Ed Sheeran, H.E.R.
Ed Sheeran, Elton John
Ed Sheeran, Paulo Londra
Ed Sheeran, Dave
Ed Sheeran, Beyonc
Ed Sheeran, Ella Mai
Ed Sheeran, Eminem
Ed Sheeran, 50 Cent
Ed Sheeran, Camila Cabello
Ed Sheeran, Cardi B
Ed Sheeran, Stormzy
Ed Sheeran, Taylor Swift
Ed Sheeran, Skrillex
Eduardo XD, Dj Abux
Elaine,
Elaine, Blxckie
Elandr,
Elevation Worship, Maverick City Music
Elevation Worship, Chandler Moore
Elevation Worship, Naomi Raine
Elevation Worship, Maverick City Music
Elevation Worship, Dante Bowe
Elevation Worship, Maverick City Music
Elevation Worship, Brandon Lake
Elevation Worship, Kari Jobe
Elevation Worship, Cody Carnes
Elevation Worship, Maverick City Music
Elevation Worship, Dante Bowe
Elevation Worship, Chandler Moore
Eliza Rose, Interplanetary Criminal
Ella Fitzgerald,
Ella Mai,
Ella Mai, John Legend
Ella Mai, H.E.R.
Ella Mai, Chris Brown
Elley Duh,
Ellie Goulding, Diplo
Ellie Goulding, Swae Lee
Ellie Goulding, Juice WRLD
Ellie Goulding,
Eloff,
Elton John, Dua Lipa
Elton John, PNAU
Elton John, Britney Spears
Elton John,
Elvirgo, TallexQ
Elvis Presley,
ElyOtto,
Em Beihold,
Eminem, Nate Dogg
Eminem,
Eminem, Skylar Grey
Eminem, Snoop Dogg
Eminem, Juice WRLD
Eminem, Jessie Reyez
Eminem, KXNG Crooked
Eminem," Royce Da 5'9"""
Eminem, Joell Ortiz
Eminem, Jack Harlow
Eminem, Cordae
Eminem, Anderson .Paak
Eminem, Joyner Lucas
Eminem, Don Toliver
Eminem," Royce Da 5'9"""
Eminem, Ed Sheeran
Eminem, Young M.A
Eminem," Royce Da 5'9"""
Eminem, Black Thought
Eminem, Q
Eminem,Tip
Eminem, Denaun
Eminem," Royce Da 5'9"""
Eminem, White Gold
Eminem, White Gold
Emmy Meli,
Emotionz DJ, Cassper Nyovest
Emotionz DJ, Zuma
Emotionz DJ, Coolkiid
Emotionz DJ, Nobantu Vilakazi
Emotionz DJ, LuuDaDeejay
Emotionz DJ, Alie
Emotionz DJ,Keyz
Emotionz DJ, Zuma
Emotionz DJ, Coolkiid
Emotionz DJ, Alie Keys
Emotionz DJ, Nobantu Vilakazi
Emotionz DJ, LuuDaDeejay
Emtee, Tuckshop Bafanaz
Emtee, Lolli Native
Emtee,
Emtee, Lolli Native
Emtee, Flash Ikumkani
Emtee, Moozlie
Emtee, Gwamba
Erica Banks,
Eurythmics, Annie Lennox
Eurythmics, Dave Stewart
FATMAN,
FIFTY FIFTY,
FLETCHER,
Fabolous, Tamia
Falz, Kamo Mphela
Falz, Mpura
Falz, Niniola
Falz, Sayfar
Famous Dex,
Famous Dex, A$AP Rocky
Fantasia,
Farruko,
Felix Jaehn, Mike Williams
FelixThe1st, Drya Mac
FelixThe1st, Finch Fetti
Felo Le Tee, Myztro
Felo Le Tee, Myztro
Felo Le Tee, Daliwonga
Felo Le Tee, Mellow & Sleazy
Felo Le Tee, SjavasDaDeejay
Felo Le Tee, Kabelo Sings
Felo Le Tee, Keynote
Felo Le Tee, Uncle Waffles
Felo Le Tee, Toss
Felo Le Tee, TOSS
Felo Le Tee, Madumane
Felo Le Tee, Mpura
Felo Le Tee, Kabza De Small
Felo Le Tee, Visca
Fifth Harmony, Ty Dolla $ign
Fireboy DML, Asake
Fireboy DML, Ed Sheeran
Fivio Foreign, Kanye West
Fivio Foreign, Alicia Keys
Fleetwood Mac,
Flipp Dinero,
Florence + The Machine,
Focalistic, DJ Maphorisa
Focalistic, Mellow & Sleazy
Focalistic, Madumane
Focalistic, Mellow & Sleazy
Focalistic, Madumane
Focalistic, M.J
Focalistic, Xduppy
Focalistic, Shaunmusiq
Focalistic, Ftears
Focalistic, Mr JazziQ
Focalistic, Lady Du
Focalistic, Mellow & Sleazy
Focalistic, Vigro Deep
Focalistic, Davido
Focalistic, Virgo Deep
Focalistic, Eeque
Focalistic, Thama Tee
Focalistic, Major League Djz
Focalistic, Moonchild Sanelly
Focalistic, Kabza De Small
Focalistic, The Lowkeys
Focalistic, Riky Rick
Focalistic, Semi Tee
Focalistic, Reece Madlisa
Focalistic, Mellow & Sleazy
Focalistic, M.J
Focalistic, Madumane
Focalistic, MDU aka TRP
Focalistic, Bongza
Focalistic, Kabza De Small
Focalistic, Mellow & Sleazy
Focalistic, Myztro
Focalistic, M.J
Focalistic, Mellow & Sleazy
Focalistic, M.J
Focalistic, Pabi Cooper
Fort Minor, Styles Of Beyond
Foster The People, Stereotypes
Foushe,
Francois van Coke, Hunter Kennedy
Francois van Coke, Spoegwolf
Frank Casino, Cassper Nyovest
Frank Casino, Major League
Frank Ocean,
Frank Sinatra, B. Swanson Quartet
Frank Sinatra,
Freddie Dredd,
French Montana, Drake
French Montana, Blueface
French Montana, Lil Tjay
French Montana, Swae Lee
French Montana, Rvssian
French Montana, Post Malone
French Montana, Cardi B
Frenzyoffixial, Bizizi
Frenzyoffixial, KayGee DaKing
Future,
Future, Lil Uzi Vert
Future, EST Gee
Future, Drake
Future, Young Thug
Future, Gunna
Future, Young Thug
Future, Juice WRLD
Future, Travis Scott
Future, Young Thug
Future, Drake
Future, Kanye West
Future, DaBaby
Future, Drake
Future, Lil Baby
Future, Nicki Minaj
Future, YoungBoy Never Broke Again
Future, Kodak Black
Future, Drake
Future, Tems
G Herbo, Lil Uzi Vert
G Herbo, Juice WRLD
G Herbo, Chance the Rapper
G-Eazy, Yo Gotti
G-Eazy, YBN Nahmir
G-Eazy, Blac Youngsta
G-Eazy, BlocBoy JB
G-Eazy, blackbear
G-Eazy, Halsey
G-Eazy, Gunna
G-Eazy, Jack Harlow
G-Eazy, A$AP Rocky
G-Eazy, Cardi B
G-Eazy, Chris Brown
G-Eazy, Mark Morrison
G-Eazy, Tory Lanez
G-Eazy, Tyga
G-Eazy, Blueface
GASHI, French Montana
GASHI, DJ Snake
GAYLE,
Gaba Cannal, Mr Abie
Gaba Cannal, Kandy Beats
Gaba Cannal, George Lesley
Gaba Cannal, Russell Zuma
Gaba Cannal, Xavi Yentin
Gaba Cannal, Ard Matthews
Gabry Ponte, LUM!X
Gabry Ponte, Prezioso
Galantis, OneRepublic
Galantis, David Guetta
Galantis, Little Mix
Gaullin,
Geato, Amapiano
Gee Six Five,
Gemini Major, Nasty C
Gemini Major, Tellaman
George Ezra,
Gesaffelstein, The Weeknd
Giveon,
Giveon, Snoh Aalegra
Glass Animals,
Glenn Jones,
GloRilla, Cardi B
Gnarls Barkley,
Gobi Beast, Dj Respect
GoldFish, Cat Dealers
GoldFish, Sorana
GoldFish, Zeeba
Goya Menor, Nektunez
Gryffin, Elley Duh
Gucci Mane, Justin Bieber
Gucci Mane, Bruno Mars
Gucci Mane, Kodak Black
Gunna, Lil Baby
Gunna,
Gunna, Roddy Ricch
Gunna, Young Thug
Gunna, Drake
Gunna, Lil Uzi Vert
Gunna, Travis Scott
Gunna, Chris Brown
Gunna, BLEU
Gunna, Kodak Black
Gunna, G Herbo
Gunna, Future
Gunna, Young Thug
Gunna, 21 Savage
Gunna, Future
Gunna, Future
Gunna, Roddy Ricch
Gunna, Chle
Gwen Stefani, Blake Shelton
Gyakie,
H.E.R.,
H.E.R., Chris Brown
H.E.R., Bryson Tiller
HENNYBELIT, TBO
HENNYBELIT, Mfana Kah Gogo
HVME,
Hailee Steinfeld, BloodPop
Hailee Steinfeld, Alesso
Hailee Steinfeld, Florida Georgia Line
Hailee Steinfeld, WATT
Hailee Steinfeld,
Hailee Steinfeld, Grey
Hailee Steinfeld, Zedd
Halsey,
Harry Styles,
Headie One, Drake
Heavy-K, Bucie
Heavy-K, Nokwazi
Hillsong Worship, Brooke Ligertwood
Hillsong Worship, Reuben Morgan
Holly Rey,
Hozier,
ILuvJupiter,
INNOVATIVE DJz, Wade Yarrow
INTERWORLD,
IShowSpeed,
Ice Beats Slide, Sbuda Maleather
Ice Beats Slide, Sbuda Maleather
Ice Beats Slide, 2woBunnies
Ice Spice,
Ice Spice, Nicki Minaj
Imagine Dragons,
Imagine Dragons, JID
Imagine Dragons, Arcane
Imagine Dragons, League of Legends
Imanbek, BYOR
Iniko,
Inkabi Zezwe, Sjava
Inkabi Zezwe, Big Zulu
Inkabi Zezwe, Sjava
Inkabi Zezwe, Big Zulu
Inkabi Zezwe, Xowla
Intaba Yase Dubai,
Internet Money, Trippie Redd
Internet Money, Diplo
Internet Money, Juice WRLD
Internet Money, Gunna
Internet Money, Don Toliver
Internet Money, Lil Uzi Vert
Internet Money, Gunna
Internet Money, Don Toliver
Internet Money, NAV
Internet Money, Don Toliver
Internet Money, Roddy Ricch
Irene-Louise Van Wyk,
Isaiah Rashad, Smino
Isaiah Rashad,
Isaiah Rashad, Lil Uzi Vert
Isaiah Rashad, Duke Deuce
Isaiah Rashad, SZA
Isaiah Rashad, 6LACK
Isaiah Rashad, Doechii
Isaiah Rashad, Kal Banx
Iyanya, DJ Tarico
Iyanya, Nelson Tivane
Iyanya, Preck
J Balvin, Dua Lipa
J Balvin, Bad Bunny
J Balvin, Tainy
J Hus, Drake
J. Cole, Bas
J. Cole,
J. Cole, kiLL edward
J. Cole, Cults
J. Cole, Amber Coffman
J. Cole, Bas
J. Cole, 6LACK
J. Cole, 21 Savage
J. Cole, Morray
J. Cole, Lil Baby
JACKBOYS, Sheck Wes
JACKBOYS, Pop Smoke
JACKBOYS, Travis Scott
JACKBOYS,
JACKBOYS, Travis Scott
JACKBOYS, Young Thug
JACKBOYS, Travis Scott
JACKBOYS, Don Toliver
JID, Kenny Mason
JIN,
JP Cooper,
JP Saxe, Julia Michaels
JVKE,
Jack Harlow, Drake
Jack Harlow,
Jack Harlow, Pharrell Williams
Jack Harlow, Justin Timberlake
Jack Harlow, Lil Wayne
Jack Harlow, Pooh Shiesty
Jack Harlow, Tory Lanez
Jack Harlow, DaBaby
Jack Harlow, Lil Wayne
Jack Harlow, Big Sean
Jacquees, Chris Brown
Jaden, Justin Bieber
Jaden, Christian Rich
Jaden,
Jaden, Lido
Jaden, WILLOW
Jain,
Jake Paul,
James Arthur,
James Arthur, Anne
James Arthur,Marie
James Bay,
James Bay, Julia Michaels
James Blake, Travis Scott
James Blake, Metro Boomin
James Hype, Miggy Dela Rosa
Jamie Fine,
Jason Derulo,
Jason Derulo, David Guetta
Jason Derulo, Nicki Minaj
Jason Derulo, Willy William
Jason Derulo, Adam Levine
Jason Derulo, Maroon 5
Jason Derulo, Nuka
Jason Isbell and the 400 Unit,
Jason Mraz,
Jawsh 685, Jason Derulo
Jawsh 685, BTS
Jawsh 685, Jason Derulo
Jax Jones, Martin Solveig
Jax Jones, Madison Beer
Jax Jones, Europa
Jax Jones, Ina Wroldsen
Jax Jones, Bebe Rexha
Jay, Irene
Jay,Louise Van Wyk
Jay Electronica, Travis Scott
Jay Music, Mellow & Sleazy
Jay Music, DJ SOL K
Jay Rock, Kendrick Lamar
Jay Rock, Future
Jay Rock, James Blake
Jay Rock,
Jay Rock, Kendrick Lamar
JayO,
Jaymes Young,
JazziDisciples, Mporoza
JazziDisciples, Vigro Deep
JazziDisciples, DJ Buckz
Jeremy Loops,
Jeremy Loops, Motheo Moleko
Jeremy Zucker,
Jess Glynne,
Jessica Darrow,
Jessie J, Ariana Grande
Jessie J, Nicki Minaj
Jessie Reyez, 6LACK
Jhen Aiko, Nas
Jhen Aiko, H.E.R.
Jhen Aiko,
Jhen Aiko, Future
Jhen Aiko, Miguel
Jhen Aiko, John Legend
Jhen Aiko, Big Sean
Jhen Aiko, Ab
Jhen Aiko,Soul
Jhen Aiko, Ty Dolla $ign
Jhen Aiko, Dr. Chill
Jhen Aiko, Micahfonecheck
Jimin,
Jnr Choi, Sam Tompkins
Jobe London, Mphow69
Jobe London, Kamo Manje
Joeboy,
Joel Corry, RAYE
Joel Corry, David Guetta
Joel Corry, MNEK
Joel Corry, Jax Jones
Joel Corry, Charli XCX
Joel Corry, Saweetie
Joey Bada$$, Diddy
Joey Bada$$,
Joey Fatts, A
Joey Fatts,Reece
John Legend, BloodPop
John Legend,
John Legend, Jhen Aiko
John Lennon, Yoko Ono
John Mayer,
Johnny Clegg & Savuka,
Joji, Diplo
Joji,
Jon Bellion,
Jonas Blue, Liam Payne
Jonas Blue, Lennon Stella
Jonas Blue, Jack & Jack
Jonas Blue, Theresa Rex
Jonas Brothers,
Jonas Brothers, KAROL G
Jorja Smith, GuiltyBeatz
Jorja Smith, Burna Boy
Jorja Smith,
Jos Feliciano,
Josiah De Disciple, Maline Aura
Josiah De Disciple, Reece Madlisa
Josiah De Disciple, Zuma
Josiah De Disciple, Jessica LM
Josiah De Disciple, Kabza De Small
Josiah De Disciple,
Journey,
Joyner Lucas,
Joyner Lucas, Logic
Joyner Lucas, Lil Baby
Joyner Lucas, Will Smith
Joyner Lucas, J. Cole
Joyous Celebration,
Jub Jub, Nathi
Jub Jub, Rebecca Malope
Jub Jub, Benjamin Dube
Jub Jub, Mlindo The Vocalist
Jub Jub, Tkinzy
Jub Jub, Judith Sephuma
Jub Jub, Blaq Diamond
Jub Jub, Lebo Sekgobela
Juice WRLD,
Juice WRLD, Young Thug
Juice WRLD, YoungBoy Never Broke Again
Juice WRLD, Marshmello
Juice WRLD, Polo G
Juice WRLD, Trippie Redd
Juice WRLD, SUGA
Juice WRLD, BTS
Juice WRLD, Marshmello
Juice WRLD, The Kid LAROI
Juice WRLD, Polo G
Juice WRLD, Halsey
Juice WRLD, Clever
Juice WRLD, Post Malone
Juice WRLD, benny blanco
Juice WRLD, The Kid LAROI
Juice WRLD, The Weeknd
Juice WRLD, Trippie Redd
Juice WRLD, Justin Bieber
Juice WRLD, Lil Uzi Vert
Julia Michaels, Selena Gomez
Julia Michaels,
Julia Michaels, Trippie Redd
Julia Michaels, Niall Horan
Juluka,
Jung Kook, BTS
Jung Kook, FIFA Sound
Jung Kook,
Junior De Rocka, Lady Du
Junior De Rocka, Mr JazziQ
Junior De Rocka, Mellow
Junior De Rocka, Sleazy
Junior De Rocka, DBN Gogo
Junior De Rocka, Khvya M
Junior De Rocka, Tripl3x_Da Ghost
Justin Bieber,
Justin Bieber, Khalid
Justin Bieber, Dominic Fike
Justin Bieber, Post Malone
Justin Bieber, Clever
Justin Bieber, Kehlani
Justin Bieber, Chance the Rapper
Justin Bieber, Don Toliver
Justin Bieber, Quavo
Justin Bieber, benny blanco
Justin Bieber, BEAM
Justin Bieber, Burna Boy
Justin Bieber, Daniel Caesar
Justin Bieber, Giveon
Justin Bieber, Lil Dicky
Justin Bieber, Travis Scott
Justin Bieber, The Kid LAROI
Justin Bieber, Summer Walker
Justin Timberlake, Chris Stapleton
Justin Timberlake,
K CAMP,
K.O,
K.O, Young Stunna
K.O, Blxckie
K.O, Diamond Platnumz
K.O, Oxlade
K.O, Young Stunna
K.O, Nandi Madida
K.O, Cassper Nyovest
KALEO,
KAROL G, Nicki Minaj
KDDO, Cassper Nyovest
KIDS SEE GHOSTS, Louis Prima
KIDS SEE GHOSTS,
KIDS SEE GHOSTS, Pusha T
KIDS SEE GHOSTS, Ty Dolla $ign
KIDS SEE GHOSTS, Yasiin Bey
KSI, Jeremih
KSI, Offset
KSI,
KSI, S
KSI,X
KSI, Lil Baby
KSI, Rick Ross
KSI, JAY1
KSI, Deno
KSI, Swarmz
KSI, Tion Wayne
KSI, Aiyana
KSI,Lee
KSI, Lil Wayne
KSI, Lil Durk
KSI, Tom Grennan
KSI, Future
KSI, 21 Savage
KSI, YUNGBLUD
KSI, Polo G
KSI, Lil Pump
KSI, Smokepurpp
KSI, Craig David
KSI, Digital Farm Animals
KSI, Trippie Redd
KYLE, Lil Yachty
KYLE, Kehlani
Kabza De Small, Nkosazana Daughter
Kabza De Small, DJ Maphorisa
Kabza De Small, Ami Faku
Kabza De Small, DJ Maphorisa
Kabza De Small, KingTha
Kabza De Small, Busiswa
Kabza De Small, DJ Maphorisa
Kabza De Small, Vyno Miller
Kabza De Small, Bontle Smith
Kabza De Small, Daliwonga
Kabza De Small, Dj Nsi
Kabza De Small,man
Kabza De Small, Dj Namandla
Kabza De Small, Young Stunna
Kabza De Small, Artwork Sounds
Kabza De Small, Nobuhle
Kabza De Small, Yallunder
Kabza De Small, DJ Maphorisa
Kabza De Small, Daliwonga
Kabza De Small, Young Stunna
Kabza De Small, Black Motion
Kabza De Small, Visca
Kabza De Small, Madumane
Kabza De Small, Daliwonga
Kabza De Small, Nia Pearl
Kabza De Small, Samthing Soweto
Kabza De Small, Mhaw Keys
Kabza De Small, Njelic
Kabza De Small, Simmy
Kabza De Small, DJ Maphorisa
Kabza De Small, TRESOR
Kabza De Small, DJ Maphorisa
Kabza De Small, Kelvin Momo
Kabza De Small, Kopzz Avenue
Kabza De Small, DJ Maphorisa
Kabza De Small, Kamazu
Kabza De Small, Mas Musiq
Kabza De Small, Spartz
Kabza De Small, Nkosazana Daughter
Kabza De Small, Murumba Pitch
Kabza De Small, Murumba Pitch
Kabza De Small, MDU aka TRP
Kabza De Small, Kopzz Avenue
Kabza De Small, DJ Maphorisa
Kabza De Small, Madumane
Kabza De Small, Toss
Kabza De Small, Felo Le Tee
Kabza De Small, Msaki
Kabza De Small, Stakev
Kabza De Small, Nobuhle
Kabza De Small, DJ Maphorisa
Kabza De Small, Semi Tee
Kabza De Small, Stakev
Kabza De Small, Da Muziqal Chef
Kabza De Small, DJ Maphorisa
Kabza De Small, Cassper Nyovest
Kabza De Small, Snowdeep
Kabza De Small, DJ Skelez
Kabza De Small, Focalistic
Kabza De Small, Madumane
Kabza De Small, Bongza
Kabza De Small, Da Muziqal Chef
Kabza De Small, Mr. Brown
Kabza De Small, Jon Delinger
Kabza De Small, DJ Maphorisa
Kabza De Small, Njelic
Kabza De Small, DJ Maphorisa
Kabza De Small, Njelic
Kabza De Small, Young Stunna
Kabza De Small, Nkosazana Daughter
Kabza De Small, Xolani Guitars
Kabza De Small, WizKid
Kabza De Small, Nicole Elocin
Kabza De Small, Phila Dlozi
Kabza De Small, Da Muziqal Chef
Kabza De Small, Nia Pearl
Kabza De Small, DJ Maphorisa
Kabza De Small, Cassper Nyovest
Kabza De Small, Qwesta Kufet
Kabza De Small, DJ Maphorisa
Kabza De Small, Mlindo The Vocalist
Kabza De Small, Daliwonga
Kabza De Small, XolaniGuitars
Kabza De Small, DJ Maphorisa
Kabza De Small, Focalistic
Kabza De Small, Kamo Mphela
Kabza De Small, Bontle Smith
Kabza De Small, Ami Faku
Kabza De Small, Mhaw Keys
Kabza De Small, WizKid
Kabza De Small, Burna Boy
Kabza De Small, Cassper Nyovest
Kabza De Small, Madumane
Kabza De Small, Tyler ICU
Kabza De Small, Nicole Elocin
Kabza De Small, Mlindo The Vocalist
Kabza De Small, Nia Pearl
Kabza De Small, MDU aka TRP
Kabza De Small, Aymos
Kabza De Small, Kelvin Momo
Kabza De Small, JaySax
Kabza De Small, Leehleza
Kabza De Small,
Kabza De Small, DJ Maphorisa
Kabza De Small, Makhadzi
Kabza De Small, Howard
Kabza De Small, Nia Pearl
Kabza De Small, Daliwonga
Kabza De Small, Sha Sha
Kabza De Small, Madumane
Kabza De Small, Young Stunna
Kabza De Small, Nobuhle
Kabza De Small, Ze2
Kabza De Small, DJ Tira
Kabza De Small, Young Stunna
Kabza De Small, Dladla Mshunqisi
Kabza De Small, Felo Le Tee
Kabza De Small, Beast
Kabza De Small, Dj Exit_sa
Kabza De Small, DJ Maphorisa
Kabza De Small, Aymos
Kabza De Small, Samthing Soweto
Kabza De Small, Mas Musiq
Kabza De Small, Myztro
Kabza De Small, Daliwonga
Kabza De Small, MDU aka TRP
Kali,
Kali Uchis,
Kamo Mphela, Daliwonga
Kamo Mphela, Sizwe Alakine
Kamo Mphela, Tyler ICU
Kamo Mphela, Daliwonga
Kamo Mphela, Felo Le Tee
Kamo Mphela, BoiBizza
Kamo Mphela, Chley
Kamo Mphela, Nobantu Vilakazi
Kamo Mphela, Bontle Smith
Kamo Mphela, Visca
Kamo Mphela, Shaun MusiQ
Kamo Mphela, Ftears
Kamo Mphela, Mellow & Sleazy
Kamo Mphela,
Kamo Mphela, Nobantu Vilakazi
Kamo Mphela, 9umba
Kane Brown, Swae Lee
Kane Brown, Khalid
Kanye West,
Kanye West, Sunday Service Choir
Kanye West, Ty Dolla $ign
Kanye West, Ant Clemons
Kanye West, PARTYNEXTDOOR
Kanye West, Jamie Foxx
Kanye West, Fred Hammond
Kanye West, Lil Pump
Kanye West, Andr 3000
Kanye West, XXXTENTACION
Kanye West, Clipse
Kanye West, Kenny G
Kanye West, Travis Scott
Kanye West, Ant Clemons
Kari Jobe, Cody Carnes
Kari Jobe, Elevation Worship
Karyendasoul, Zakes Bantwini
Karyendasoul, Nana Atta
Kate Bush,
Katy Perry,
KayGee DaKing, Bizizi
KayGee DaKing, Bizizi
KayGee DaKing, Killer Kau
Kaylow,
Keala Settle, The Greatest Showman Ensemble
Kehlani,
Kehlani, Jhen Aiko
Kehlani, James Blake
Kehlani, Masego
Kehlani, Ty Dolla $ign
Kehlani, Justin Bieber
Kelly Clarkson, Ariana Grande
Kelly Clarkson,
Kelly Khumalo,
Kelly Khumalo, Mondli Ngcobo
Kelvin Momo, MaWhoo
Kelvin Momo,
Kelvin Momo, Khalil Harrison
Kelvin Momo, Zwayetoven
Kelvin Momo, Loxion Deep
Kelvin Momo, S.O.N
Kelvin Momo, Babalwa M
Kelvin Momo, Steve
Kelvin Momo, Mgiftos
Kelvin Momo, Yumbs
Kelvin Momo, Mick Man
Kelvin Momo, Babalwa M
Kelvin Momo, Makhanj
Kelvin Momo, Nanette
Kelvin Momo, S.O.N
Kelvin Momo, Jay Sax
Kelvin Momo, TBO
Kelvin Momo, JaySax
Kelvin Momo, Nanette
Kelvin Momo, S.O.N
Kelvin Momo, Mzizi
Kelvin Momo, Jay Sax
Kelvin Momo, Stixx
Kelvin Momo, Makhanj
Kelvin Momo, Babalwa M
Kelvin Momo, Sekiwe
Kelvin Momo, Babalwa M
Kelvin Momo, Aymos
Kelvin Momo, Ch'cco
Kelvin Momo, Yumbs
Kelvin Momo, Ta Skipper
Kelvin Momo, Tlholo
Kelvin Momo, TBO
Kelvin Momo, Jay Sax
Kelvin Momo, Sipho Magudulela
Kelvin Momo, MaWhoo
Kelvin Momo, Babalwa M
Kelvin Momo, Chley
Kelvin Momo, Stixx
Kelvin Momo, C'zwe
Kelvin Momo, S.O.N
Kelvin Momo, Makhanj
Kelvin Momo, Sino Msolo
Kelvin Momo, Souloho
Kelvin Momo, Makhanj
Kelvin Momo, Nvcho
Kelvin Momo, Tyla
Kelvin Momo, 2woshort
Kelvin Momo, Babalwa M
Kelvin Momo, Stixx
Kelvin Momo, Mick Man
Kelvin Momo, C'zwe
Kelvin Momo, Mas Musiq
Kelvin Momo, TO Starquality
Kelvin Momo, Ch'cco
Kelvin Momo, Yumbs
Kelvin Momo, TNK Musiq
Kelvin Momo, Mhaw Keys
Kelvin Momo, Sipho Magudulela
Kelvin Momo, Jay Sax
Kelvin Momo, Babalwa M
Kelvin Momo, Sfarzo Rtee
Kelvin Momo, Jay Sax
Kelvin Momo, Nkulee501
Kelvin Momo, Skroef28
Kelvin Momo, HouseXcape
Kelvin Momo, Tribesoul
Kelvin Momo, Sipho Magudulela
Kelvin Momo, Cooper SA
Kelvin Momo, Yumbs
Kelvin Momo, Mashudu
Kelvin Momo, Yumbs
Kendrick Lamar, SZA
Kendrick Lamar,
Kendrick Lamar, Blxst
Kendrick Lamar, Amanda Reifer
Kendrick Lamar, Sampha
Kendrick Lamar, Zacari
Kendrick Lamar, Jay Rock
Kendrick Lamar, Beth Gibbons
Kendrick Lamar, Tanna Leone
Kendrick Lamar, Summer Walker
Kendrick Lamar, Ghostface Killah
Kendrick Lamar, Baby Keem
Kendrick Lamar, Sam Dew
Kendrick Lamar, Kodak Black
Kendrick Lamar, Taylour Paige
Kevboii, Charlie Beeskraal
Kevin Gates, Juicy J
Khalid,
Khalid, SAFE
Khalid, Summer Walker
Khalid, Disclosure
Khalid, Disclosure
Khalid, Davido
Khalid, Tems
Khalid, Normani
Khalid, 6LACK
Khalid, Ty Dolla $ign
Khalid, John Mayer
Khalid, A Boogie Wit da Hoodie
Khalid, Empress Of
Khalid, H.E.R.
Khanyisa, Marcus MC
Khanyisa, Lady Du
Khanyisa, Tsiki XII
Khanyisa, Sir Trill
Khanyisa, Marcus MC
Khanyisa, Tycoon
Khanyisa, Ben Da Prince
Khanyisa, Tyler ICU
Khanyisa, Nandipha808
Khanyisa, Ceeka RSA
Kharishma, Ba Bethe Gaoshazen
Khuzani, Luve
Khuzani, Sphesihle
Kid Cudi,
Kid Cudi, Skepta
Kid Cudi, Pop Smoke
Kid Cudi, Eminem
Kid X, Shwi No Mtekhala
Kid X, Makwa
Kiiara,
Killer Kau, Mr JazziQ
Killer Kau, Reece Madlisa
Killer Kau, Zuma
Killer Kau, ThackzinDJ
Kina, Adriana Proenza
Kina, Snw
King Modana,
King Monada, CK THE DJ
King Monada,
King Princess,
Kizz Daniel, Tekno
Kizz Daniel, EMPIRE
Kodak Black, NLE Choppa
Kodak Black, Jimin
Kodak Black, JVKE
Kodak Black, Muni Long
Kodak Black, NLE Choppa
Kodak Black, Jimin
Kodak Black, Fast & Furious: The Fast Saga
Kodak Black, JVKE
Kodak Black, Muni Long
Kodak Black, NLE Choppa
Kodak Black, Jimin
Kodak Black, JVKE
Kodak Black, Muni Long
Kodak Black, Fast & Furious: The Fast Saga
Kodak Black, Juice WRLD
Kodak Black, XXXTENTACION
Kodak Black,
Kodak Black, Offset
Kodak Black, Travis Scott
Konke, Musa Keys
Konke, Nkulee501
Konke, Skroef28
Konke, Chley
Konke, Musa Keys
Konke, Chley
Konke, Sayfar
Kordhell,
Kris Kross Amsterdam, The Boy Next Door
Kris Kross Amsterdam, Conor Maynard
Kususa, Argento Dust
Kususa, Zakes Bantwini
Kvng Vinci,
Kwesta, Rick Ross
Kwesta, Kabza De Small
Kwesta, Papta Mancane
Kwesta, Makwa
Kwesta, Tshego AMG
Kwesta, K.O
Kwesta, Focalistic
Kwesta, Bassie
Kwesta, Kabza De Small
Kwesta, Masterpiece YVK
Kwesta, Papta Mancane
Kwesta,
Kwesta, Rich Homie Quan
Kwesta, Wale
Kweyama Brothers, Mpura
Kweyama Brothers, Abidoza
Kweyama Brothers, Thabiso Lavish
Kwiish SA, BRG
Kwiish SA, C'buda M
Kwiish SA, Njelic
Kwiish SA, MalumNator
Kwiish SA, De Mthuda
Kwiish SA, Zaza
Kwiish SA, Da Muziqal Chef
Kygo, Imagine Dragons
Kygo, Rita Ora
Kygo, Avicii
Kygo, Sandro Cavazza
Kygo, Zak Abel
Kygo, Sandro Cavazza
Kygo, Whitney Houston
Kygo, Sasha Alex Sloan
Kygo, Selena Gomez
Kygo, Zara Larsson
Kygo, Tyga
Kygo, OneRepublic
Kygo, Zoe Wees
Kygo, Chelsea Cutler
Kygo, Miguel
Kygo, Justin Jesso
Kygo, Valerie Broussard
Kygo, X Ambassadors
Kygo, Tina Turner
Kygo, Gryffin
Kygo, Calum Scott
Kyle Watson,
Kyle Watson, Kylah Jasmine
Kylie Minogue,
LISA,
Labrinth, Zendaya
Labrinth,
Lady Amar, JL SA
Lady Amar, Cici
Lady Amar, Murumba Pitch
Lady Du, DBN Gogo
Lady Du, Mr JazziQ
Lady Du, Seekay
Lady Du, Busta 929
Lady Du, Djy Ma'Ten
Lady Du, Mellow & Sleazy
Lady Du, T
Lady Du,Man SA
Lady Du, TOSS
Lady Du, Robot Boii
Lady Du,
Lady Gaga,
Lady Gaga, Ariana Grande
Lady Gaga, Bradley Cooper
Lady Gaga, BLACKPINK
Lady Zamar,
Lana Del Rey,
Lauren Daigle,
Lauren Spencer-Smith,
Lauv,
Lauv, Conan Gray
Lauv, LANY
Lauv, Julia Michaels
Lauv, Anne
Lauv,Marie
Lauv, Troye Sivan
Leah Kate,
Lebza TheVillain, Sino Msolo
Lebza TheVillain, TOSS
Leeland,
Lennon Stella,
Leon Schuster,
Leona Lewis,
Lewis Capaldi,
Liam Payne, J Balvin
Liam Payne, Rita Ora
Liam Payne, Quavo
Lianie May,
Libianca,
Libianca, Ayra Starr
Libianca, Omah Lay
Lil Baby,
Lil Baby, Gunna
Lil Baby, Fridayy
Lil Baby, Future
Lil Baby, Lil Durk
Lil Baby, Travis Scott
Lil Baby, Young Thug
Lil Baby, Gunna
Lil Baby, Drake
Lil Baby, Nardo Wick
Lil Baby, Lil Durk
Lil Baby, 42 Dugg
Lil Baby, Drake
Lil Dicky,
Lil Dicky, Chris Brown
Lil Durk,
Lil Durk, J. Cole
Lil Durk, Future
Lil Durk, Gunna
Lil Mabu,
Lil Mosey,
Lil Mosey, Gunna
Lil Nas X,
Lil Nas X, Megan Thee Stallion
Lil Nas X, Jack Harlow
Lil Nas X, YoungBoy Never Broke Again
Lil Nas X, Elton John
Lil Nas X, RM
Lil Nas X, BTS
Lil Nas X, Billy Ray Cyrus
Lil Nas X, Billy Ray Cyrus
Lil Nas X, Mason Ramsey
Lil Nas X, Young Thug
Lil Nas X, DaBaby
Lil Nas X, Cardi B
Lil Nas X, Doja Cat
Lil Peep, XXXTENTACION
Lil Peep,
Lil Pump, Lil Wayne
Lil Pump,
Lil Skies,
Lil Skies, Landon Cube
Lil Tecca,
Lil Tecca, Gunna
Lil Tecca, Juice WRLD
Lil Tjay,
Lil Tjay, 6LACK
Lil Tjay, Polo G
Lil Tjay, Fivio Foreign
Lil Tjay, Offset
Lil Tjay, Moneybagg Yo
Lil Uzi Vert,
Lil Uzi Vert, sped up nightcore
Lil Uzi Vert, ARIZONATEARS
Lil Wayne,
Lil Wayne, Nicki Minaj
Lil Wayne, XXXTENTACION
Lil Wayne, Nivea
Lil Wayne, Snoop Dogg
Lil Wayne, Reginae Carter
Lil Wayne, Big Sean
Lil Wayne, Lil Baby
Lil Wayne, Travis Scott
Lil Wayne, Kendrick Lamar
Lil Wayne, Ashanti
Lil Wayne, Mack Maine
Lil Wayne, Wiz Khalifa
Lil Wayne, Imagine Dragons
Lil Wayne, X Ambassadors
Lil Wayne, Logic
Lil Wayne, Ty Dolla $ign
Lil Wayne, Swizz Beatz
Lil Wayne, Sosamann
Lil Xan,
Lil Yachty, Trippie Redd
Lil Yachty, Playboi Carti
Lil Yachty, DaBaby
Lil Yachty, Drake
Lil Yachty,
Lil Yachty, Tierra Whack
Lil Yachty, A$AP Rocky
Lil Yachty, Tyler
Lil Yachty, The Creator
Lil Yachty, Cardi B
Lil Yachty, Offset
Linkin Park,
Lira, DJ Maphorisa
Little Mix,
Little Mix, Nicki Minaj
Lizzo,
Lizzo, Ariana Grande
Lizzo, Cardi B
Lizzy McAlpine,
Lloyiso,
Loatinover Pounds, 25K
Loatinover Pounds, Thapelo Ghutra
Logic, Alessia Cara
Logic, Khalid
Logic,
Logic, G
Logic,Eazy
Logic, Marshmello
Logic, Eminem
Logic, Jaden
Logic, Gucci Mane
Logic, Wiz Khalifa
Logic, Cordae
Logic, Ryan Tedder
Lojay, DJ Maphorisa
Lojay, Kabza De Small
Lojay, Sarz
Lojay, Chris Brown
Lord Huron,
Lorde,
Los Unidades, Pharrell Williams
Los Unidades, Jozzy
Lost Frequencies, Zonderling
Lost Frequencies, Calum Scott
Loud Luxury, Brando
Loud Luxury, anders
Loufi,
Louis The Child, Wafia
Lowsheen, Master KG
Lowsheen, Nkosazana Daughter
Lucky Daye,
Lukas Graham,
Luu Nineleven, Daliwonga
Luude, Colin Hay
Luxury SA,
Lwah Ndlunkulu, Siya Ntuli
Lwah Ndlunkulu,
MASN,
MAX, Quinn XCII
MDU aka TRP, Kabza De Small
MDU aka TRP, Kabza De Small
MDU aka TRP, DJ Maphorisa
MDU aka TRP,
MEDUZA, James Carter
MEDUZA, Elley Duh
MEDUZA, FAST BOY
MEDUZA, Becky Hill
MEDUZA, Goodboys
MEDUZA, Dermot Kennedy
MEDUZA, Goodboys
MEDUZA, Hozier
MKTO,
MRDA, Oscar Mbo
MRDA, Murumba Pitch
MaWhoo, DJ Maphorisa
MaWhoo, Kabza De Small
MaWhoo, Kabza De Small
MaWhoo, DJ Maphorisa
MaWhoo, Da Muziqal Chef
Mabel,
Mac Miller,
Mac Miller, Miguel
MacG, Sir Trill
MacG, Bailey
MacG, EmjayKeyz
MacG, Sir Trill
MacG, Bailey RSA
MacG, EmjayKeyz
Machine Gun Kelly, YUNGBLUD
Machine Gun Kelly, Travis Barker
Machine Gun Kelly,
Machine Gun Kelly, Lil Wayne
Machine Gun Kelly, WILLOW
Machine Gun Kelly, Halsey
Machine Gun Kelly, Kellin Quinn
Machine Gun Kelly, blackbear
Machine Gun Kelly, Bring Me The Horizon
Madison Beer,
Madison Beer, Offset
Mafikizolo,
Maggie Lindemann, Cheat Codes
Maggie Lindemann, CADE
Majestic, Boney M.
Majid Jordan, Khalid
Major Keys,
Major Lazer, Tove Lo
Major Lazer, Major League Djz
Major Lazer, Tyla
Major Lazer, LuuDaDeejay
Major Lazer, Yumbs
Major Lazer, Major League Djz
Major Lazer, Tiwa Savage
Major Lazer, Diplo
Major Lazer, DJ Maphorisa
Major Lazer, Nyla
Major Lazer, Fuse ODG
Major Lazer, Nasty C
Major Lazer, Ice Prince
Major Lazer, Patoranking
Major Lazer, Jidenna
Major Lazer, DJ Maphorisa
Major Lazer, Khalid
Major Lazer, Death Stranding: Timefall
Major Lazer, Diplo
Major League Djz, Abidoza
Major League Djz, Costa Titch
Major League Djz, Reece Madlisa
Major League Djz, Mr. JazziQ
Major League Djz, Zuma
Major League Djz, Nvcho
Major League Djz, Mathandos
Major League Djz, C4 DJs
Major League Djz, Abidoza
Major League Djz, Mpho Sebina
Major League Djz, Abidoza
Major League Djz, Cassper Nyovest
Major League Djz, Kammu Dee
Major League Djz, Ma Lemon
Makhadzi, Kabza De Small
Makhadzi, Prince Benza
Makhadzi,
Makhadzi, Master KG
Makhadzi, Mr Brown
Makhadzi, Penny Penny
Makhadzi, Mlindo The Vocalist
Makhadzi, Mampintsha
Makhadzi, Lady Du
Makhadzi, Fortunator
Makhadzi, Mash K
Makhadzi, Mr Brown
Makhadzi, Airburn Sounds
Makhadzi, Big Zulu
Makhadzi, Jon Delinger
Makhadzi Entertainment, Mashudu
Makhadzi Entertainment, Mizo Phyll
Maluma, The Weeknd
Manqonqo, Dason
Manqonqo, Saviour Gee
Mapara A Jazz, Nhlanhla
Mapara A Jazz, Jazzy Deep
Mapara A Jazz, Ntosh Gazi
Mapara A Jazz, Colano
Marcus MC, Kabza De Small
Marcus MC, Hulumeni
Marcus MC, Khanyisa
Marcus MC, Dali
Maren Morris,
Mariah Carey,
Mario,
Mark Ronson, Camila Cabello
Mark Ronson, Miley Cyrus
Maroon 5, Megan Thee Stallion
Maroon 5, Cardi B
Maroon 5,
Maroon 5, A Boogie Wit da Hoodie
Maroon 5, SZA
Marshmello,
Marshmello, Halsey
Marshmello, Juice WRLD
Marshmello, Anne
Marshmello,Marie
Marshmello, Brent Faiyaz
Marshmello, Leah Culver
Marshmello, Bastille
Marshmello, CHVRCHES
Marshmello, Jonas Brothers
Marshmello, Tyga
Marshmello, Chris Brown
Marshmello, Khalid
Marshmello, Demi Lovato
Marshmello, Kane Brown
Marshmello, Roddy Ricch
Marshmello, A Day To Remember
Marshmello, YUNGBLUD
Marshmello, blackbear
Marshmello, Imanbek
Marshmello, Usher
Marshmello, Juicy J
Marshmello, James Arthur
Martin Garrix, Justin Mylo
Martin Garrix, Dewain Whitmore
Martin Garrix, Clinton Kane
Martin Garrix, Bonn
Martin Garrix, Bebe Rexha
Martin Garrix, G
Martin Garrix,Eazy
Martin Garrix, Sasha Alex Sloan
Martin Garrix, Khalid
Martin Garrix, Tove Lo
Martin Garrix, Dua Lipa
Martin Garrix, David Guetta
Martin Garrix, Jamie Scott
Martin Garrix, Romy Dya
Martin Garrix, Macklemore
Martin Garrix, Fall Out Boy
Martin Garrix, Troye Sivan
Martin Garrix, Dean Lewis
Martin Jensen, James Arthur
Mary J. Blige,
Mas Musiq, Aymos
Mas Musiq, Leon Lee
Mas Musiq, Howard Gomba
Mas Musiq, Aymos
Mas Musiq, DJ Maphorisa
Mas Musiq, Kabza De Small
Mas Musiq, Aymos
Mas Musiq, Kelvin Momo
Mas Musiq, Aymos
Mas Musiq, Kabza De Small
Mas Musiq, DJ Maphorisa
Mas Musiq, TO Starquality
Mas Musiq, Daliwonga
Mas Musiq, DJ Maphorisa
Mas Musiq, Kabza De Small
Mas Musiq, Babalwa M
Mas Musiq, Madumane
Mas Musiq, Daliwonga
Mas Musiq, Vyno Miller
Mas Musiq, Kabza De Small
Mas Musiq, Myztro
Mas Musiq, Riky Rick
Mas Musiq, Sha Sha
Mas Musiq, DJ Maphorisa
Mas Musiq, Kabza De Small
Mas Musiq, Daliwonga
Mas Musiq, Sir Trill
Mas Musiq, Major League
Mas Musiq, Daliwonga
Mas Musiq, Howard Gomba
Mas Musiq, Aymos
Mas Musiq, Young Stunna
Mas Musiq, Aymos
Mas Musiq, Kabza De Small
Mas Musiq, DJ Maphorisa
Masego, Don Toliver
Masego, Kabza De Small
Masego, DJ Maphorisa
Masego, Don Toliver
MashBeatz, Thato Saul
MashBeatz, Maglera Doe Boy
MashBeatz, Sjava
MashBeatz, 25K
MashBeatz, Lucasraps
MashBeatz, Wordz
MashBeatz, Thato Saul
MashBeatz, Saudi
MashBeatz, Maglera Doe Boy
MashBeatz, Buzzi Lee
MashBeatz, Roii
MashBeatz, YoungstaCPT
MashBeatz, Anzo
Masked Wolf,
Master KG, Burna Boy
Master KG, Nomcebo Zikode
Master KG, Nomcebo Zikode
Master KG, David Guetta
Master KG, Akon
Master KG,
Masterpiece YVK, Tyler ICU
Masterpiece YVK, Pure Surprise
Matthew Mole, Francois van Coke
Matthew Mole,
Max Hurrell,
Mduduzi, Big Zulu
Mduduzi Ncube, Zakwe
Mduduzi Ncube, Zamo Cofi
Meek Mill, Drake
Meek Mill,
Meek Mill, Cardi B
Meek Mill, Lil Durk
Meek Mill, Lil Baby
Meek Mill, Miguel
Meek Mill, Anuel AA
Meek Mill, Fabolous
Meek Mill, JAY
Meek Mill,Z
Meek Mill, Rick Ross
Megan Thee Stallion,
Megan Thee Stallion, DaBaby
Megan Thee Stallion, Normani
Megan Thee Stallion, Young Thug
Megan Thee Stallion, Ty Dolla $ign
Megan Thee Stallion, Nicki Minaj
Megan Thee Stallion, Beyonc
Megan Thee Stallion, Dua Lipa
Meghan Trainor,
Melanie Martinez,
Mellow & Sleazy, Tman Xpress
Mellow & Sleazy, SjavasDaDeejay
Mellow & Sleazy, TitoM
Mellow & Sleazy, DBN Gogo
Mellow & Sleazy, Thabza Tee
Mellow & Sleazy, LastbornDiroba
Mellow & Sleazy, Focalistic
Mellow & Sleazy, Felo Le Tee
Mellow & Sleazy, DJ Maphorisa
Mellow & Sleazy, Madumane
Mellow & Sleazy, Young Stunna
Mellow & Sleazy, Justin99
Mellow & Sleazy, Tman Xpress
Mellow & Sleazy, Keynote
Mellow & Sleazy,
Mellow & Sleazy, 2woshort
Mellow & Sleazy, LastbornDiroba
Mellow & Sleazy, Al xapo
Mellow & Sleazy, Sunde
Mellow & Sleazy, TumeloZa
Mellow & Sleazy, LeeMcKrazy
Mellow & Sleazy, TyroneDee
Mellow & Sleazy, TitoM
Mellow & Sleazy, M.J
Mellow & Sleazy, Azi
Mellow & Sleazy, Chley
Mellow & Sleazy, Boontle RSA
Mellow & Sleazy, 2woshort
Mellow & Sleazy, TNK MusiQ
Mellow & Sleazy, Sir Trill
Mellow & Sleazy, DJ Maphorisa
Mellow & Sleazy, DBN Gogo
Mellow & Sleazy, Dinho
Metro Boomin, 21 Savage
Metro Boomin, Gucci Mane
Metro Boomin, Gunna
Metro Boomin, Future
Metro Boomin, Lil Uzi Vert
Metro Boomin, A$AP Rocky
Metro Boomin, Roisee
Metro Boomin, Swae Lee
Metro Boomin, Lil Wayne
Metro Boomin, Offset
Metro Boomin, Don Toliver
Metro Boomin, Swae Lee
Metro Boomin, WizKid
Metro Boomin, Swae Lee
Metro Boomin, NAV
Metro Boomin, A Boogie Wit da Hoodie
Metro Boomin, The Weeknd
Metro Boomin, 21 Savage
Metro Boomin, Swae Lee
Metro Boomin, Travis Scott
Metro Boomin, A$AP Rocky
Metro Boomin, Takeoff
Metro Boomin, Don Toliver
Metro Boomin, Lil Uzi Vert
Metro Boomin, James Blake
Metro Boomin, Future
Metro Boomin, Don Toliver
Metro Boomin, Gunna
Metro Boomin, Young Thug
Metro Boomin, Don Toliver
Metro Boomin, Wizkid
Metro Boomin, BEAM
Metro Boomin, Toian
Metro Boomin, Travis Scott
Metro Boomin, Future
Metro Boomin, Young Thug
Metro Boomin, Travis Scott
Metro Boomin, 21 Savage
Metro Boomin, Offset
Metro Boomin, Drake
Metro Boomin, Travis Scott
Metro Boomin, Kodak Black
Metro Boomin, 21 Savage
Metro Boomin, John Legend
Metro Boomin, J Balvin
Metro Boomin, WizKid
Metro Boomin, Offset
Metro Boomin, Travis Scott
Metro Boomin, Coi Leray
Metro Boomin, Future
Metro Boomin, Chris Brown
Metro Boomin, Travis Scott
Metro Boomin, Young Thug
Metro Boomin, 21 Savage
Metro Boomin, Young Nudy
Metro Boomin, 21 Savage
Metro Boomin, Mustafa
Mfana Kah Gogo,
Mfr Souls, Major League Djz
Mfr Souls, Kamo Mphela
Mfr Souls, Bontle Smith
Mfr Souls, Big Zulu
Mfr Souls, The Squad
Mfr Souls, DJ Maphorisa
Mfr Souls, Sha Sha
Mfr Souls, Kabza De Small
Mfr Souls, Aymos
Mi Casa,
Michael Bubl,
Michael Bubl, The Puppini Sisters
Michael Bubl, Shania Twain
Michael Jackson,
Migos, Juice WRLD
Migos,
Migos, Travis Scott
Migos, Young Thug
Migos, Drake
Migos, Pop Smoke
Migos, Polo G
Migos, Nicki Minaj
Migos, Cardi B
Migos, YoungBoy Never Broke Again
Migos, Post Malone
Migos, Future
Migos, Gucci Mane
Migos, Cardi B
Migos, Justin Bieber
Miguel,
Miguel, Travis Scott
Mike Posner, Seeb
Mike WiLL Made-It, Pharrell Williams
Mike WiLL Made-It, Station Wagon P
Mike WiLL Made-It, Pharrell Williams
Mike WiLL Made-It, Kendrick Lamar
Mike WiLL Made-It, Nicki Minaj
Mike WiLL Made-It, YoungBoy Never Broke Again
Miley Cyrus,
Miley Cyrus, Dua Lipa
Miss Pru DJ, Blaq Diamond
Miss Pru DJ, Malome Vector
Mlindo The Vocalist, DJ Maphorisa
Mlindo The Vocalist,
Mlindo The Vocalist, Vyno Miller
Mlindo The Vocalist, Sjava
Mlindo The Vocalist, Sfeesoh
Mlindo The Vocalist, Kwesta
Mlindo The Vocalist, Thabsie
Mlindo The Vocalist, Mashudu
Mlindo The Vocalist, Kabza De Small
Mlindo The Vocalist, Shino Kikai
Mlindo The Vocalist, Shwi No Mtekhala
Mneskin,
Money Man, Lil Baby
Montell Fish,
Morgan Wallen,
Mr JazziQ, Mellow & Sleazy
Mr JazziQ, M.J
Mr JazziQ, Djy Ma'Ten
Mr JazziQ, Matute Boy
Mr JazziQ, JazziDisciples
Mr JazziQ, Josiah De Disciple
Mr JazziQ, Fakelove
Mr JazziQ, Moonchild Sanelly
Mr JazziQ, MDU aka TRP
Mr JazziQ, Nokwazi
Mr JazziQ, DJ Biza
Mr JazziQ, Tsiki XII
Mr JazziQ, DJ Biza
Mr JazziQ, Zan'Ten
Mr JazziQ, Zan'Ten
Mr JazziQ, Kyika
Mr JazziQ, Djy Biza
Mr JazziQ, Djy Ma'Ten
Mr JazziQ, Dinky Kunene
Mr JazziQ, Mellow & Sleazy
Mr JazziQ, Kay Invictus
Mr JazziQ, M.J
Mr JazziQ, Mellow & Sleazy
Mr JazziQ, Tsiki XII
Mr JazziQ, M.J
Mr JazziQ, F3 Dipapa
Mr JazziQ, Toss
Mr JazziQ, Busta 929
Mr JazziQ, Reece Madlisa
Mr JazziQ, Zuma
Mr JazziQ, Mdu M
Mr JazziQ, Mpura
Mr JazziQ, Purple Mellow
Mr JazziQ, Busta 929
Mr JazziQ, Busta 929
Mr JazziQ, Fakelove
Mr JazziQ, Focalistic
Mr JazziQ, Masterpiece
Mr JazziQ, EeQue
Mr JazziQ, Guluva
Mr JazziQ, Jandas
Mr JazziQ, Zan'Ten
Mr JazziQ, Zan'Ten
Mr JazziQ, Ta Skippa
Mr JazziQ, Mpura
Mr JazziQ, Fakelove
Mr JazziQ, M.J
Mr JazziQ, Mellow & Sleazy
Mr JazziQ, Djy Ma'Ten
Mr JazziQ, Khanyisa
Mr JazziQ, Busta 929
Mr JazziQ, Reece Madlisa
Mr JazziQ, Zuma
Mr JazziQ, Mpura
Mr JazziQ, Riky Rick
Mr JazziQ, 9umba
Mr JazziQ, Kabza De Small
Mr JazziQ, Lady Du
Mr JazziQ, Boohle
Mr JazziQ, 9umba
Mr JazziQ, Zuma
Mr JazziQ, Mpura
Mr. Probz,
Msaki, Abidoza
Msaki, Focalistic
Msaki, Kabza De Small
Mthandazo Gatya, DJ Manzo Sa
Mthandazo Gatya, Comado
Mthunzi, Claudio
Mthunzi, Kenza
Mumford & Sons,
Muni Long,
Murumba Pitch, Omit ST
Murumba Pitch, Nkosazana Daughter
Murumba Pitch, Sipho Magudulela
Murumba Pitch, Da Muziqal Chef
Murumba Pitch, Kabza De Small
Murumba Pitch, Omit ST
Murumba Pitch, Russell Zuma
Murumba Pitch, Sipho Magudulela
Murumba Pitch, Omit ST
Murumba Pitch, Dinky Kunene
Murumba Pitch, Buhle Sax
Murumba Pitch, Soa Mattrix
Murumba Pitch, Omit ST
Murumba Pitch, Dinky Kunene
Murumba Pitch, Soa Mattrix
Murumba Pitch, Buhle Sax
Musa Keys,
Musa Keys, Loui
Musa Keys, Dinga
Musa Keys, Sino Msolo
Musa Keys, Thando Nkosi
Musa Keys, Sir Trill
Musa Keys, Nobantu Vilakazi
Musketeers, AzMo
Mustard, NAV
Mustard, Playboi Carti
Mustard, A Boogie Wit da Hoodie
Mustard, Roddy Ricch
Mustard, Migos
Muzzy D Pilot, Dj Mavuthela
Muzzy D Pilot, Ribby De Dj
Muzzy D Pilot, Rhino
Myztro, Lady Du
Myztro, Mellow & Sleazy
Myztro, Dr Peppa
Myztro, Shaunmusiq
Myztro, Ftears
Myztro, Daliwonga
Myztro, Xduppy
Myztro, Shaunmusiq
Myztro, Ftears
Myztro, Xduppy
Myztro, Shaunmusiq
Myztro, Ftears
Myztro, Shaunmusiq
Myztro, Ftears
Myztro, Focalistic
Myztro, Daliwonga
Myztro, Shaunmusiq
Myztro, Ftears
Mzux Maen, Yasmin Levy
N.E.R.D, Rihanna
N.E.R.D, Drake
NAV, Travis Scott
NAV, Lil Baby
NAV, Travis Scott
NAV, The Weeknd
NAV, Gunna
NAV, Travis Scott
NEIKED, Mae Muller
NEIKED, Polo G
NF, Cordae
NF,
NF, Hopsin
NF, Sasha Alex Sloan
NLE Choppa,
NLE Choppa, Blueface
NLE Choppa, Roddy Ricch
NOTD, Bea Miller
NOTD, Felix Jaehn
NOTD, Captain Cuts
NOTD, Georgia Ku
Nardo Wick, G Herbo
Nardo Wick, Lil Durk
Nardo Wick, 21 Savage
Nas,
Nas, The
Nas,Dream
Nas, The WRLDFMS Tony Williams
Nas, Kanye West
Nas, Eminem
Nas, EPMD
Nas, The Firm
Nas, AZ
Nas, Foxy Brown
Nas, Cormega
Nas, Ms. Lauryn Hill
Nas, Diddy
Nas, 070 Shake
Nas, Big Sean
Nas, Don Toliver
Nas, Hit
Nas,Boy
Nas, The
Nas,Dream
Nas, Kanye West
Nasty C,
Nasty C, T.I.
Nasty C, Blxckie
Nasty C, Emtee
Nasty C, Ari Lennox
Nasty C, Lil Gotit
Nasty C, Lil Keed
Nasty C, Emtee
Nasty C, Rowlene
Nasty C, Kaien Cruz
Nasty C, Case
Nasty C,Klowzed
Nasty C, crownedYung
Nasty C, A$AP Ferg
Nasty C, Domani
Nasty C, Cassper Nyovest
Nasty C, Runtown
Nasty C, Tellaman
Nasty C, Nadia Nakai
Nasty C, Tellaman
Nat King Cole,
Natalie Taylor,
Nathan Dawe, KSI
Nathan Evans, 220 KID
Nathan Evans, Billen Ted
Ne-Yo,
Nea, Felix Jaehn
Neon Dreams,
Niall Horan,
Nick Jonas, Robin Schulz
Nicki Minaj,
Nicki Minaj, Ariana Grande
Nicki Minaj, PTAF
Nicki Minaj, Lil Baby
Nicki Minaj, G Herbo
Nicki Minaj, Swae Lee
Nicki Minaj, Foxy Brown
Nicki Minaj, Skillibeng
Nicki Minaj, Anuel AA
Nicki Minaj, Bantu
Nicki Minaj, Labrinth
Nicki Minaj, Eminem
Nicki Minaj, Lil Wayne
Nicki Minaj, Drake
Nicki Minaj, Lil Wayne
Nicki Minaj, Future
Nicki Minaj, The Weeknd
Nicky Jam, J Balvin
Nicky Youre, dazy
Nicole Elocin, Tyler ICU
Nicole Elocin, Sawce
Nija, Beyonc
Nija, Busiswa
Nija, Yemi Alade
Nija, Tierra Whack
Nija, Moonchild Sanelly
Nija, DJ Lag
Niniola, OSKIDO
Nipsey Hussle, Roddy Ricch
Nipsey Hussle, Hit
Nipsey Hussle,Boy
Nipsey Hussle, JAY
Nipsey Hussle,Z
Nissi, Major League Djz
Njelic, Thabza Tee
Njelic, Mkeyz
Njelic, Thabza Tee
Njelic, Rhythm Tee
Njelic, Boohle
Njelic, Da Muziqal Chef
Njelic, De Mthuda
Nkosazana Daughter, Master KG
Nkosazana Daughter, Lowsheen
Nkosazana Daughter, Murumba Pitch
Nkosazana_Daughter, Sir Trill
Nkosazana_Daughter, Josiah De Disciple
Nkosazana_Daughter, Mpura
Nkosazana_Daughter, Zaba
Nkosazana_Daughter, Tee Jay
Nkosazana_Daughter, ThackzinDJ
Nkulee501, Skroef 28
Nkulee501, Young Stunna
Nkulee501, Mpho Spizzy
Nkulee501, Housexcape
Noah Cyrus,
Nobuhle, Kabza De Small
Nomcebo Zikode, Bongo Beats
Nomcebo Zikode, Master KG
Nomfundo Moh, Naxion Cross
Nomfundo Moh, Beast Rsa
Nomfundo Moh, Sha Sha
Nomfundo Moh, Ami Faku
Nomfundo Moh, Kwesta
Nomfundo Moh,
Normani, Calvin Harris
Normani, WizKid
Normani,
Normani, 6LACK
Normani, Cardi B
Ntencane,
Ntokzin, De Mthuda
Ntokzin, Sir Trill
Ntokzin, Da Muziqal Chef
Ntokzin, MalumNator
Ntokzin, BoiBizza
Ntosh Gazi, Mapara A Jazz
Ntosh Gazi, Coster Vundras
Ntosh Gazi,
OSKIDO, Niniola
Oasis,
Octavian, Skepta
Ofenbach, Quarterhead
Ofenbach, Norma Jean Martine
Officixl Megaohms,
Officixl Rsa, Mid9t
Officixl Rsa, Benzoo
Officixl Rsa, De
Officixl Rsa,papzo
Officixl Rsa, Papiino SA
Offset,
Offset, Cardi B
Offset, JID
Offset, Big Rube
Offset, J. Cole
Offset, Travis Scott
Offset, 21 Savage
Offset, Metro Boomin
Offset, Gunna
Oliver Tree,
Oliver Tree, Robin Schulz
Olivia Rodrigo,
Omah Lay, Justin Bieber
Omah Lay,
Omar Apollo,
OneRepublic,
OneRepublic, Logic
Oxlade,
P!nk,
P!nk, Cash Cash
P!nk, Willow Sage Hart
P!nk, Khalid
PARTYNEXTDOOR, Rihanna
PARTYNEXTDOOR,
PARTYNEXTDOOR, Drake
Pabi Cooper, Focalistic
Pabi Cooper, Ch'cco
Pabi Cooper, LuuDadeejay
Pabi Cooper, Nobantu Vilakazi
Pabi Cooper, Yumbs
Pabi Cooper, MaWhoo
Pabi Cooper, Nkosazana Daughter
Pabi Cooper, Reece Madlisa
Pabi Cooper, Busta 929
Pabi Cooper, Joocy
Pabi Cooper, Mellow & Sleazy
Panic! At The Disco,
Papa Roach,
Pascal & Pearce, Jethro Tait
Passenger,
Paul McCartney,
Paul Rosenberg,
Pcee, Mr JazziQ
Pcee, Zan'Ten
Pcee, papi_sa
Pcee, Sgija'Disciples
Pcee, Zan'Ten
Pcee, Justin99
Pcee, Mema_Percent
Pcee, Mr JazziQ
Pcee, Mr JazziQ
Pcee, Umthakathi Kush
Pcee, Sizwe Alakine
Pcee, Justin99
Pcee, EeQue
Pcee, Mr JazziQ
Pedro Cap, Farruko
Perry Como, The Fontane Sisters
Perry Como, Mitchell Ayres & His Orchestra
Petit Biscuit,
Pharrell Williams, 21 Savage
Pharrell Williams, Tyler
Pharrell Williams, The Creator
Pharrell Williams, Travis Scott
Pharrell Williams, Camila Cabello
Pheelz, BNXN fka Buju
Pink Sweat$, Kehlani
PinkPantheress, Ice Spice
PinkPantheress,
Playboi Carti,
Playboi Carti, Kanye West
Playboi Carti, Kid Cudi
Playboi Carti, Lil Uzi Vert
Polo G,
Polo G, Juice WRLD
Polo G, Lil Wayne
Polo G, Stunna 4 Vegas
Polo G, NLE Choppa
Polo G, Mike WiLL Made
Polo G,It
Polo G, The Kid LAROI
Polo G, Lil Durk
Polo G, Lil Tjay
Poo Bear, Justin Bieber
Poo Bear, Jay Electronica
Pooh Shiesty, Lil Durk
Pop Smoke,
Pop Smoke, Quavo
Pop Smoke, 21 Savage
Pop Smoke, 42 Dugg
Pop Smoke, Rah Swish
Pop Smoke, Swae Lee
Pop Smoke, Dua Lipa
Pop Smoke, King Combs
Pop Smoke, KAROL G
Pop Smoke, Lil Baby
Pop Smoke, DaBaby
Pop Smoke, Lil Tjay
Pop Smoke, Swae Lee
Pop Smoke, A Boogie Wit da Hoodie
Pop Smoke, Rowdy Rebel
Pop Smoke, Rick Ross
Pop Smoke, The
Pop Smoke,Dream
Pop Smoke, Lil Tjay
Pop Smoke, Summer Walker
Pop Smoke, Lil Tjay
Pop Smoke, Quavo
Pop Smoke, Future
Pop Smoke, Kanye West
Pop Smoke, Pusha T
Pop Smoke, 50 Cent
Pop Smoke, Roddy Ricch
Pop Smoke, The Neptunes
Pop Smoke, BEAM
Pop Smoke, Pusha T
Pop Smoke, TRAVI
Pop Smoke, Tyga
Pop Smoke, Quavo
Pop Smoke, Takeoff
Pop Smoke, Chris Brown
Popcaan, Drake
Portugal. The Man,
Post Malone,
Post Malone, Nicki Minaj
Post Malone, Quavo
Post Malone, Roddy Ricch
Post Malone, Halsey
Post Malone, Future
Post Malone, DaBaby
Post Malone, Young Thug
Post Malone, Gunna
Post Malone, Doja Cat
Post Malone, Fleet Foxes
Post Malone, Meek Mill
Post Malone, Lil Baby
Post Malone, The Weeknd
Post Malone, Ty Dolla $ign
Post Malone, G
Post Malone,Eazy
Post Malone, YG
Post Malone, Swae Lee
Post Malone, SZA
Post Malone, Ozzy Osbourne
Post Malone, Travis Scott
Post Malone, The Kid LAROI
Post Malone, Roddy Ricch
Post Malone, Tyga
Post Malone, 21 Savage
Powfu, beabadoobee
Prince Benza, Makhadzi
Prince Kaybee, Busiswa
Prince Kaybee, TNS
Prince Kaybee, LaSoulMates
Prince Kaybee, TNS
Prince Kaybee, Zanda Zakuza
Prince Kaybee, Msaki
Prince Kaybee, Indlovukazi
Prince Kaybee, Supta
Prince Kaybee, Afro Brothers
Prince Kaybee, Rose
Pusha T,
Pusha T, Kanye West
Pusha T, Rick Ross
Pusha T, JAY
Pusha T,Z
Pusha T, Pharrell Williams
Pusha T, Kanye West
Pusha T, Kid Cudi
Pusha T, Lil Uzi Vert
Pusha T, Don Toliver
Pushkin, Springle
Pushkin, Mankay
Pushkin, ChocoDynasty
Pushkin & Springle, Mankay
Pushkin & Springle, Choco Dynasty
Pushkin RSA, Springle
Pushkin RSA, Mankay & Choco Dynasty
Q Twins, Xowla
Q Twins, Mduduzi Ncube
Q Twins, Big Zulu
Q Twins,
Q Twins, Kabza De Small
Q-Mark, TpZee
Q-Mark, Afriikan Papi
Quality Control, Lil Baby
Quality Control, DaBaby
Quality Control, Migos
Quavo, Drake
Quavo, Takeoff
Quavo, Lil Baby
Quavo, 21 Savage
Quavo,
QuayR Musiq, Mellow & Sleazy
QuayR Musiq, Lee Mckrazy
Queen,
Queen, David Bowie
R. Kelly,
R3HAB, A Touch Of Class
R3HAB, ZAYN
R3HAB, Jungleboi
R3HAB, Mike Williams
RAYE, 070 Shake
RM, Youjeen
ROS,
ROSALA, Travis Scott
Rae Sremmurd, Swae Lee
Rae Sremmurd, Slim Jxmmi
Rae Sremmurd, The Weeknd
Rae Sremmurd, Swae Lee
Rae Sremmurd, Slim Jxmmi
Rae Sremmurd, Travis Scott
Rae Sremmurd, Swae Lee
Rae Sremmurd, Slim Jxmmi
Rae Sremmurd, Pharrell Williams
Rae Sremmurd, Swae Lee
Rae Sremmurd, Slim Jxmmi
Rae Sremmurd, Swae Lee
Rae Sremmurd, Slim Jxmmi
Rae Sremmurd, Juicy J
Rag'n'Bone Man,
Rainbow Kitten Surprise,
RealestK,
Red Hot Chili Peppers,
Reece Madlisa, Zuma
Reece Madlisa, Busta 929
Reece Madlisa, Beast Rsa
Reece Madlisa, Dladla Mshunqisi
Reece Madlisa, Zuma
Reece Madlisa, Mr JazziQ
Reece Madlisa, Busta 929
Reece Madlisa, Zuma
Reece Madlisa, Spura
Reece Madlisa, Classic Deep
Regard,
Regard, RAYE
Regard, Troye Sivan
Regard, Tate McRae
Regi, Jake Reese
Regi, Jake Reese
Regi, OT
Regi,
Rema,
Rema, Selena Gomez
Ren,
Rethabile Khumalo, Master KG
Riaan Benad, Ricus Nel
Riaan Benad, Jay
Riaan Benad,
Rich The Kid,
Rich The Kid, Lil Wayne
Rich The Kid, Kendrick Lamar
Rick Ross, Wale
Rick Ross, Swizz Beatz
Rick Ross, Meek Mill
Rick Ross, Drake
Rick Ross, Nipsey Hussle
Rick Ross, Teyana Taylor
Rick Ross, A Boogie Wit da Hoodie
Rick Ross, Denzel Curry
Rick Ross, Summer Walker
Ricus Nel, Snotkop
Ricus Nel, Adam Tas
Ricus Nel, Bok Van Blerk
Ricus Nel, Refentse
Ricus Nel,
Rihanna, Kanye West
Rihanna, Paul McCartney
Rihanna,
Rihanna, Mikky Ekko
Riky Rick, Mas Musiq
Riky Rick,
Riky Rick, Cassper Nyovest
Riky Rick, Professor
Riky Rick, Major League
Riky Rick, Alie
Riky Rick,Keyz
Riky Rick, Focalistic
Riky Rick, Tyler ICU
Riky Rick, Mlindo The Vocalist
Rita Ora, Bebe Rexha
Rita Ora, Charli XCX
Rita Ora, Cardi B
Rita Ora,
Riton, Nightcrawlers
Riton, Mufasa & Hypeman
Riton, Dopamine
Ritt Momney,
Rob $tone, J. Davi$
Rob $tone, Spooks
Robin Schulz, Erika Sirola
Robinson,
Robot Boii, Mellow & Sleazy
Robot Boii, Soul Revolver
Robot Boii, Shaun MusiQ
Robot Boii, F Teearse
Rod Wave,
Rod Wave, ATR Son Son
Rod Wave, Lil Baby
Rod Wave, Polo G
Roddy Ricch,
Roddy Ricch, Mustard
Rosa Linn,
Rudimental, Major Lazer
Rudimental, Anne
Rudimental,Marie
Rudimental, Mr Eazi
Rudimental, Jess Glynne
Rudimental, Macklemore
Rudimental, Dan Caplen
Ruger,
Russ, Ty Dolla $ign
Russ, Ed Sheeran
Russ, BIA
Russ,
Russ, Rick Ross
Russ Millions, Tion Wayne
Russell Zuma, CocoSA
Russell Zuma, George Lesley
Ruth B.,
S'Villa, Zuma
SAINt JHN, Imanbek
SALES,
SHAED,
SHAED, ZAYN
SHELOVESKAMO, Ch'cco
SHELOVESKAMO, Crush
SZA,
SZA, Ol' Dirty Bastard
SZA, Phoebe Bridgers
SZA, The Neptunes
SZA, Pharrell Williams
SZA, Ty Dolla $ign
SZA, Doja Cat
SZA, Travis Scott
SZA, The Weeknd
SZA, Travis Scott
SZA, Game of Thrones
SZA, Justin Timberlake
SZA, Don Toliver
Sabrina Carpenter, Jonas Blue
Sabrina Carpenter,
Saint Bandz,
Salatiel, Pharrell Williams
Salatiel, Beyonc
Sam Deep, Playgal
Sam Deep, De Mthuda
Sam Deep, Babalwa M
Sam Deep, Sipho Magudulela
Sam Deep, MaWhoo
Sam Deep, Eemoh
Sam Deep, Da Muziqal Chef
Sam Feldt, RANI
Sam Fischer,
Sam Fischer, Demi Lovato
Sam Smith, Normani
Sam Smith,
Sam Smith, Calvin Harris
Sam Smith, Jessie Reyez
Sam Smith, Demi Lovato
Sam Smith, Burna Boy
Sam Smith, Kim Petras
Samthing Soweto, Sha Sha
Samthing Soweto, DJ Maphorisa
Samthing Soweto, Kabza De Small
Samthing Soweto, DJ Maphorisa
Samthing Soweto, Kabza De Small
Samthing Soweto, Mfr Souls
Samthing Soweto,
Samthing Soweto, De Mthuda
Samthing Soweto, Njelic
Samthing Soweto, Mlindo The Vocalist
Samthing Soweto, DJ Maphorisa
Samthing Soweto, Kabza De Small
Samthing Soweto, Makhafula Vilakazi
Samthing Soweto, De Mthuda
Saweetie, Doja Cat
Saweetie,
Saweetie, Post Malone
Saweetie, DaBaby
Saweetie, Jack Harlow
Sayfar, Rethabile Khumalo
ScHoolboy Q,
ScHoolboy Q, Travis Scott
ScHoolboy Q, Kid Cudi
ScHoolboy Q, 6LACK
ScHoolboy Q, 21 Savage
ScHoolboy Q, Ty Dolla $ign
ScHoolboy Q, YG
ScHoolboy Q, Lil Baby
Sdala B, Paige
Seafret,
Sean Paul, David Guetta
Sean Paul, Becky G
Seeb, Dagny
Seeb, Bastille
Selena Gomez,
Selena Gomez, Rauw Alejandro
Selena Gomez, 6LACK
Selena Gomez, Marshmello
Semi Tee, MDU aka TRP
Semi Tee, Sir Trill
Semi Tee, Miano
Semi Tee, Kammu Dee
Senior Oat, Kemy Chienda
Senior Oat, Mzweshper_sa
Senior Oat, Sir Bless
Sfarzo Rtee, Kelvin Momo
Sfarzo Rtee, DBN Gogo
Sfarzo Rtee, Shaun 101
Sha Sha, Samthing Soweto
Sha Sha, Mellow & Sleazy
Sha Sha, Mas Musiq
Sha Sha, Soa Mattrix
Sha Sha, DJ Maphorisa
Sha Sha, Kabza De Small
Sha Sha, Musa keys
Sha Sha, DJ Maphorisa
Sha Sha,
Sha Sha, Kamo Mphela
Sha Sha, Felo Le Tee
Shado M,
Shakin' Stevens,
Shane Eagle, YoungstaCPT
Shane Eagle,
Shane Eagle, Nasty C
Shaunmusiq, Ftears
Shaunmusiq, Xduppy
Shaunmusiq, Myztro
Shaunmusiq, Mellow & Sleazy
Shaunmusiq, QuayR Musiq
Shaunmusiq, Matute Boy
Shaunmusiq, Ftears
Shaunmusiq, Young Stunna
Shaunmusiq, DJ Maphorisa
Shaunmusiq, Visca
Shawn Mendes,
Shawn Mendes, Julia Michaels
Shawn Mendes, Zedd
Shawn Mendes, Justin Bieber
Shawn Mendes, Camila Cabello
Shawn Mendes, Tainy
Shawn Mendes, Khalid
Sheck Wes,
Shekhinah, Mariechan
Shekhinah, Luke Goliath
Shekhinah, Bey T
Shekhinah,
Shekhinah, Una Rams
Shekhinah, Synx
Shekhinah, Mr Eazi
Sho Madjozi,
Sho Madjozi, Ycee
Shouse,
SiR, Kendrick Lamar
Sia, Diplo
Sia, Labrinth
Sia, LSD
Sia,
Sia, David Guetta
Sigala, Ella Eyre
Sigala, Meghan Trainor
Sigala, French Montana
Sigala, James Arthur
Sigala, Paloma Faith
Sigala, The Vamps
Silk City, Dua Lipa
Silk City, Diplo
Silk City, Mark Ronson
Simmy, Da Capo
Simmy, Sun
Simmy,El Musician
Simmy, Black Motion
Simmy,
Sir Trill, Jessica LM
Sir Trill, ThackzinDJ
Sir Trill, Tee Jay
Sir Trill, Daliwonga
Sir Trill, Visca
Sista Prod, Subvrbs
Sithelo, Skyewanda
Sjava, Mzukulu
Sjava, Inkos'yamagcokama
Sjava, Udumakahle
Sjava, Anzo
Sjava, Vernotile
Sjava,
Sjava, Saudi
Sjava, Delayde
Sjava, Umzulu Phaqa
Sjava, Webmoms
Sjava, Q Twins
Sjava, Mzukulu
Sjava, Shwi
Sjava, Emtee
Sjava, Lolli Native
Sjava, Nontokozo Mkhize
Sjava, Saudi
Sjava, Sampa the Great
Ski Mask The Slump God,
Ski Mask The Slump God, Juice WRLD
Skrillex, Justin Bieber
Skrillex, Don Toliver
Skweletu, Khuzani
Skweletu, Sne Ntuli
Skylar Grey, Polo G
Skylar Grey, Mozzy
Skylar Grey, Eminem
Slade, Sino Msolo
Slade, Tweezy
Slade, Yumbs
Sleepy Hallow,
Sleepy Hallow, Foushe
Sleepy Hallow, 347aidan
Slipknot,
Smash Mouth,
Smiley, Drake
Smino, J. Cole
Smokepurpp, Murda Beatz
Smokepurpp, Lil Pump
Snoh Aalegra,
Snoh Aalegra, Tyler
Snoh Aalegra, The Creator
Snotkop,
Soa Mattrix, DJ Maphorisa
Soa Mattrix, Simmy
Soa Mattrix, Kabza De Small
Soa Mattrix, DJ Maphorisa
Soa Mattrix, DJ Maphorisa
Soa Mattrix, Phila Dlozi
Soa Mattrix, Boohle
Soa Mattrix, Kabza De Small
Soa Mattrix, Mashudu
Soa Mattrix, Happy Jazzman
Soa Mattrix, Emotionz DJ
Soa Mattrix, DJ Maphorisa
Soa Mattrix, Nkosazana Daughter
Soa Mattrix, Mas Musiq
Soa Mattrix, Soulful G
Soa Mattrix, Shaun 101
Soa mattrix, Mashudu
Soa mattrix, Happy Jazzman
Soa mattrix, Emotionz DJ
Social House, Lil Yachty
Sofa Reyes, Jason Derulo
Sofa Reyes, De La Ghetto
Sofa Reyes, Rita Ora
Sofa Reyes, Anitta
Sofi Tukker,
Sofia Carson,
Solange,
Sonder, Jorja Smith
Southside, Future
Southside, Travis Scott
Soweto's Finest, KayGee DaKing
Soweto's Finest, Bizizi
Spirit Of Praise, Mpumi Mtsweni
Spoegwolf,
Spoegwolf, Francois van Coke
SpotemGottem, DaBaby
StarBoi3, Doja Cat
Starley, Ryan Riback
StaySolidRocky,
StaySolidRocky, Lil Uzi Vert
Stephen Sanchez,
Stephen Sanchez, Em Beihold
Steve Aoki, Nicky Romero
Steve Aoki, Kiiara
Steve Aoki, BTS
Steve Hofmeyr, Demi Lee Moore
Steve Lacy,
Steve Lacy, Foushe
Stevie Wonder,
Stillaround,
Stillaround, Sage17
Stillaround, B
Stillaround,RAD
Stormzy, Burna Boy
Stormzy, Ed Sheeran
Stormzy,
Stray Kids,
Sueco,
Summer Walker,
Summer Walker, Cardi B
Summer Walker, Ciara
Summer Walker, Usher
Summer Walker, Pharrell Williams
Summer Walker, The Neptunes
Summer Walker, JT
Summer Walker, City Girls
Summer Walker, Drake
Summer Walker, Jhen Aiko
Summer Walker, PARTYNEXTDOOR
Summer Walker, 6LACK
Summer Walker, Childish Gambino
Summer Walker, SZA
Summer Walker, Bryson Tiller
Summer Walker, NO1
Summer Walker,NOAH
Summer Walker, Omarion
Summer Walker, A Boogie Wit da Hoodie
Summer Walker, J. Cole
Summer Walker, Lil Durk
Summer Walker, Ari Lennox
Sun-El Musician, Mlindo The Vocalist
Sun-El Musician, Msaki
Sun-El Musician, Julia Church
Sun-El Musician, Simmy
Sun-El Musician, Ami Faku
Sund, ColKaze
Superstar Pride,
Surf Curse,
Surf Mesa, Emilee
Surfaces,
Swae Lee,
Swae Lee, Drake
Swedish House Mafia, The Weeknd
Synth Peter, Katinka
Synth Peter, Loufi
Synth Peter, What The Faf
Synth Peter, Wortel Kombat
TAEYANG, Jimin
TALK,
TBO, Soa Mattrix
TBO, Marsey
TBO, Leenathi
TBO, Happy Jazzman
TDK Macassette, Mdoovar
TDK Macassette, 9umba
TEEKS,
THE ANXIETY, WILLOW
THE ANXIETY, Tyler Cole
THE SCOTTS, Travis Scott
THE SCOTTS, Kid Cudi
TNK, DJ Maphorisa
TNK, Ricky Lenyora
TNK, Vaal Nation
TNS, Mpumi
TOKYOS REVENGE,
TOOL,
TOSS, Tyler ICU
TOSS, Nandipha808
TOSS, Ceekay RSA
TOSS, Felo Le Tee
TOSS, Young Stunna
TOSS, Tyler ICU
TOTO,
Tai Verdes,
Takeoff,
Tamia,
Tate McRae,
Tate McRae, Khalid
Taylor Swift,
Taylor Swift, Shawn Mendes
Taylor Swift, Brendon Urie
Taylor Swift, Panic! At The Disco
Taylor Swift, Ed Sheeran
Taylor Swift, Lana Del Rey
Taylor Swift, The Chicks
Taylor Swift, The National
Taylor Swift, Bon Iver
Taylor Swift, HAIM
Tee Jay, Basetsana
Tee Jay, Lucille Slade
Tee Jay, Makwa
Tee Jay, Moscow
Tee Jay, Le Sax
Tee Jay, ThackzinDJ
Tee Jay, Kid X
Tee Jay, T
Tee Jay,Man SA
Tee Jay, Rascoe Kaos
Tee Jay, Rascoe Kaos
Tee Jay, Mr JazziQ
Tee Jay, Sir Trill
Tee Jay, ThackzinDJ
Tee Jay, Boohle
Tekno, Lord Afrixana
Tekno, Mr Eazi
Tekno, Yemi Alade
Tellaman, Shekhinah
Tellaman, Nasty C
Temple Boys Cpt, Sleeks
Temple Boys Cpt, Young King The Vocalist
Tems, Brent Faiyaz
Tems,
Tevin Campbell,
Teyana Taylor,
Teyana Taylor, Iman.
ThackzinDJ, Tee Jay
ThackzinDJ, Sir Trill
ThackzinDJ, Dlala Thukzin
ThackzinDJ, Nkosazana_Daughter
ThackzinDJ, Rascoe Kaos
ThackzinDJ, Moscow
ThackzinDJ, Mpura
The 1975,
The Carters,
The Chainsmokers,
The Chainsmokers, Bebe Rexha
The Chainsmokers, Halsey
The Chainsmokers, Ty Dolla $ign
The Chainsmokers, blow
The Chainsmokers, Daya
The Chainsmokers, Kygo
The Chainsmokers, Winona Oak
The Chainsmokers, Emily Warren
The Chainsmokers, Drew Love
The Chainsmokers, Coldplay
The Chainsmokers, ILLENIUM
The Chainsmokers, Lennon Stella
The Chainsmokers, Kelsea Ballerini
The Chainsmokers, 5 Seconds of Summer
The Game, Kanye West
The Goo Goo Dolls,
The Jackson 5,
The Kid LAROI,
The Kid LAROI, Juice WRLD
The Kid LAROI, Polo G
The Kid LAROI, Stunna Gambino
The Kid LAROI, Justin Bieber
The Kid LAROI, Miley Cyrus
The Killers,
The Lowkeys, Shizo
The Lowkeys, Swartspeare
The Lumineers,
The Neighbourhood,
The Pogues, Kirsty MacColl
The Police,
The Ronettes,
The Walters,
The Weeknd,
The Weeknd, Ariana Grande
The Weeknd, Future
The Weeknd, Tyler
The Weeknd, The Creator
The Weeknd, Gesaffelstein
The Weeknd, Lil Wayne
The Weeknd, Doja Cat
The Weeknd, Playboi Carti
The Weeknd, Madonna
The Weeknd, Kendrick Lamar
The Weeknd, Daft Punk
The White Stripes,
Theuns Jordaan,
ThxSoMch,
TiMO ODV, J'Something
TiMO ODV,
Tion Wayne, Russ Millions
Tion Wayne, ArrDee
Tion Wayne, E1 (3x3)
Tion Wayne, ZT (3x3)
Tion Wayne, Bugzy Malone
Tion Wayne, Buni
Tion Wayne, Fivio Foreign
Tion Wayne, Darkoo
Tisto, Tate McRae
Tisto, KAROL G
Tisto, Dzeko
Tisto, Preme
Tisto, Post Malone
Tisto, Jonas Blue
Tisto, Rita Ora
Tisto,
Tisto, Ava Max
Tiwa Savage, Mr Eazi
Tom Odell,
Tom Walker,
Tones And I,
Tony Bennett,
Toosii,
Topic, A7S
Toploader,
Tory Lanez, Snoop Dogg
Tory Lanez,
Tory Lanez, Quavo
Tory Lanez, Tyga
Tory Lanez, T
Tory Lanez,Pain
Tory Lanez, Gunna
Tory Lanez, Chris Brown
Train,
Travis Scott,
Travis Scott, Young Thug
Travis Scott, M.I.A.
Travis Scott, HVME
Travis Scott, ROSALA
Travis Scott, Lil Baby
Travis Scott, Skrillex
Travis Scott, Lil Uzi Vert
Travis Scott, Kanye West
Trevor Daniel,
Trevor Daniel, Selena Gomez
Trinidad Cardona,
Trippie Redd, Juice WRLD
Trippie Redd, YNW Melly
Trippie Redd, PARTYNEXTDOOR
Trippie Redd, Lil Uzi Vert
Trippie Redd, Juice WRLD
Trippie Redd, Playboi Carti
Trippie Redd, Polo G
Trippie Redd, Lil Durk
Trippie Redd,
Troye Sivan,
Troye Sivan, Ariana Grande
Tshego, King Monada
TuksinSA,
Tumisho, DJ Manzo Sa
Twenty One Pilots,
Ty Dolla $ign, Jhen Aiko
Ty Dolla $ign, Mustard
Ty Dolla $ign, 21 Savage
Ty Dolla $ign, FKA twigs
Ty Dolla $ign, Skrillex
Ty Dolla $ign, Kanye West
Ty Dolla $ign, Gucci Mane
Ty Dolla $ign, Quavo
Ty Dolla $ign, J. Cole
Ty Dolla $ign, Post Malone
Tyga,
Tyga, Nicki Minaj
Tyga, Doja Cat
Tyga, G
Tyga,Eazy
Tyga, Rich The Kid
Tyga, J Balvin
Tyga, Chris Brown
Tyga, YG
Tyga, Santana
Tyga, Jhen Aiko
Tyga, Pop Smoke
Tyga, Offset
Tyla, Kooldrink
Tyla Yaweh, Post Malone
Tyler, The Creator
Tyler, The Creator
Tyler, Lil Wayne
Tyler, The Creator
Tyler, Lil Uzi Vert
Tyler, Pharrell Williams
Tyler, The Creator
Tyler, 42 Dugg
Tyler, The Creator
Tyler, Domo Genesis
Tyler, The Creator
Tyler, DAISY WORLD
Tyler, The Creator
Tyler, Teezo Touchdown
Tyler, The Creator
Tyler, DJ Drama
Tyler, The Creator
Tyler, Brent Faiyaz
Tyler, Fana Hues
Tyler, The Creator
Tyler, Kali Uchis
Tyler, The Creator
Tyler, YoungBoy Never Broke Again
Tyler, Ty Dolla $ign
Tyler ICU, Freddy K
Tyler ICU, Chley Nkosi
Tyler ICU, TOSS
Tyler ICU, Nicole Elocin
Tyler ICU, Kabza De Small
Tyler ICU, DJ Maphorisa
Tyler ICU, DJ Maphorisa
Tyler ICU, Nkosazana Daughter
Tyler ICU, Kabza De Small
Tyler ICU, Tumelo_za
Tyler ICU, DJ Maphorisa
Tyler ICU, Nandipha808
Tyler ICU, Ceeka RSA
Tyler ICU, Tyrondee
Tyler ICU, Khanyisa
Tyler ICU, Tumelo_za
Tyler ICU, Tyrondee
Tyler ICU, DJ Maphorisa
Tyler ICU, Sir Trill
Tyler ICU, Young Stunna
Tyler ICU, Kabza De Small
U2,
UNLIMITED SOUL, DBN Gogo
Uncle Vinny, Yumbs
Uncle Vinny, Kailey Botman
Uncle Waffles, Tony Duardo
Uncle Waffles, Dinky Kunene
Uncle Waffles, BoiBizza
Uncle Waffles, Yedda
Uncle Waffles, Nvcho
Uncle Waffles, Tony Duardo
Uncle Waffles, Sino Msolo
Uncle Waffles, BoiBizza
Uncle Waffles, Tony Duardo
Uncle Waffles, Justin99
Uncle Waffles, Pcee
Uncle Waffles, EeQue
Uncle Waffles, Chley
Vance Joy,
Vedo,
Venom, Shishiliza
Venom, Yumbs
Venom, Raspy
Venom, Blxckie
Venom, Riky Rick
Venom, Tshego
Vetkuk, Mahoota
Vetkuk, Mr. JazziQ
Vetkuk, Mpura
Vetkuk, Lady Du
Vetkuk, Fakelove
Vetkuk, Kevi Kev
Vetkuk, Mellow & Sleazy
Vetkuk, Mahoota
Vetkuk, Taribo West
Vetkuk, Dr Lamondro
Vetkuk, NtoMusica
Vetkuk, Dladla Mshunqisi
Vetkuk, DJ Tira
Vhudie,
Victony, Tempoe
Victony, Don Toliver
Victony, Rema
Victony, Tempoe
Vigiland, Alexander Tidebrink
Vigro Deep, Murumba Pitch
Vigro Deep, Lady Du
Vigro Deep, Focalistic
Vigro Deep,
Vigro Deep, Sdala The Vocalist
Vigro Deep, M.J
Vigro Deep, Mhawkeys
Vigro Deep, Focalistic
Vigro Deep, Kamo Mphela
Vigro Deep, Rams The Violinist
Vigro Deep, Sha Sha
Villosoul, Khanyisa
Villosoul, Focalistic
Villosoul, Acutedose
Vusi Nova, Jessica Mbangeni
Vusi Nova, Dumi Mkokstad
Vusinator, Soso
Vusinator, Killa
WALK THE MOON,
WATTS, Khalid
WILLOW,
WILLOW, Travis Barker
Wale, J. Cole
Wale, Jeremih
Wallows, Clairo
Wanitwa Mos, Master KG
Wanitwa Mos, Nkosazana Daughter
Wanitwa Mos, Basetsana
Wanitwa Mos, Obeey Amor
Wanitwa Mos, Sir Trill
Wanitwa Mos, Nkosazana Daughter
Wanitwa Mos, Master KG
Wanitwa Mos, Master KG
Wanitwa Mos, Lowsheen
Wanitwa Mos, Nkosazana Daughter
Wanitwa Mos, Master KG
Wanitwa Mos, Seemah
Wanitwa Mos, Lowsheen
Wendy Shay,
Wham!,
Whitney Houston,
WhoHeem,
Why Don't We,
Why Don't We, Macklemore
Will Linley,
William Last KRM, Takunda
Wiz Khalifa, Lil Skies
Wiz Khalifa, Swae Lee
WizKid, Damian Marley
WizKid, Justin Bieber
WizKid, Tems
WizKid, Tems
WizKid, Burna Boy
WizKid, Skepta
WizKid,
Wizkid, Ayra Starr
Wizkid,
XXXTENTACION, Matt Ox
XXXTENTACION,
XXXTENTACION, Lil Pump
XXXTENTACION, Swae Lee
XXXTENTACION, Maluma
XXXTENTACION, Trippie Redd
XXXTENTACION, Rio Santana
XXXTENTACION, Judah
XXXTENTACION, Andrez Babii
XXXTENTACION, Kanye West
XXXTENTACION, Travis Barker
XXXTENTACION, Travis Barker
XXXTENTACION, PnB Rock
XXXTENTACION, Trippie Redd
XXXTENTACION, Joey Bada$$
Y2K, bbno$
YBN Nahmir,
YG, 2 Chainz
YG, Big Sean
YG, Nicki Minaj
YG, Tyga
YG, Jon Z
YG,
YNW Melly, 9lokknine
YNW Melly, Kanye West
YNW Melly,
YNW Melly, Juice WRLD
YUNGBLUD, Halsey
YUNGBLUD, Travis Barker
Yanga Chief, Blxckie
Yanga Chief, 25K
Yanga Chief, Boity
Yanga Chief, Dee Koala
Yanga Chief, Riky Rick
Years & Years,
Yeat,
Young Stoner Life, Young Thug
Young Stoner Life, Rowdy Rebel
Young Stoner Life, Young Thug
Young Stoner Life, Gunna
Young Stoner Life, Travis Scott
Young Stoner Life, Young Thug
Young Stoner Life, Gunna
Young Stoner Life, YTB Trench
Young Stoner Life, Lil Baby
Young Stoner Life, Young Thug
Young Stoner Life, Yung Kayo
Young Stoner Life, Lil Uzi Vert
Young Stoner Life, Young Thug
Young Stoner Life, Gunna
Young Stoner Life, Young Thug
Young Stoner Life, Gunna
Young Stoner Life, Lil Duke
Young Stoner Life, Yak Gotti
Young Stoner Life, Young Thug
Young Stoner Life, Gunna
Young Stoner Life, Drake
Young Stunna, Kabza De Small
Young Stunna, DJ Maphorisa
Young Stunna, Daliwonga
Young Stunna, Mellow
Young Stunna, Sleazy
Young Stunna, Kabza De Small
Young Stunna, Visca
Young Stunna, Kabza De Small
Young Stunna, Black Motion
Young Stunna, Nkulee501
Young Stunna, Skroef 28
Young Stunna, Big Zulu
Young Stunna, DJ Maphorisa
Young Stunna, Kabza De Small
Young Stunna, Madumane
Young Stunna, Kabza De Small
Young T & Bugsey, Headie One
Young Thug, Lil Baby
Young Thug, Drake
Young Thug, Travis Scott
Young Thug, Young Stoner Life
Young Thug, Gunna
Young Thug, Lil Baby
Young Thug, Strick
Young Thug, Travis Scott
Young Thug, Gunna
Young Thug, Gunna
Young Thug,
Young Thug, A$AP Rocky
Young Thug, Post Malone
Young Thug, Bslime
Young Thug, Future
Young Thug, Juice WRLD
Young Thug, Jaden
Young Thug, J. Cole
Young Thug, T
Young Thug,Shyne
Young Thug, Future
Young Thug, J. Cole
Young Thug, Travis Scott
Young Thug, Travis Scott
Yumbs, Justin99
Yumbs, Uncle Vinny
Yumbs, Pcee
Yung Lean,
ZAYN, Zhavia
ZAYN,
ZAYN, Sia
ZAYN, Taylor Swift
ZAYN, Timbaland
Zac Efron, Zendaya
Zahara,
Zain SA,
Zakes Bantwini, Kasango
Zandimaz, Nokwazi
Zandimaz, Ceejay
Zandimaz, Chuchu
Zandimaz, Michel'le
Zara Larsson,
Zara Larsson, MNEK
Zedd, Katy Perry
Zedd, Kehlani
Zedd, Elley Duh
Zedd, Alessia Cara
Zedd, Maren Morris
Zedd, Grey
Zero12Finest,
Zonke,
Zoocci Coke Dope, Blxckie
Zoocci Coke Dope, Nasty C
Zoocci Coke Dope,
Zoocci Coke Dope, Lady Zamar
Zoocci Coke Dope, Mars Baby
Zuko SA, Nwabisa
Zuko SA,G
a-ha,
ajof., K.U.B.
ajof., DIRTY COMPUTR.
benny blanco, BTS
benny blanco, Snoop Dogg
benny blanco, Jesse
benny blanco, Swae Lee
benny blanco, Halsey
benny blanco, Khalid
benny blanco, Juice WRLD
benny blanco, Selena Gomez
benny blanco, J Balvin
benny blanco, Tainy
benny blanco, Calvin Harris
benny blanco, Calvin Harris
benny blanco, Miguel
benny blanco, Juice WRLD
benny blanco, Brendon Urie
benny blanco, Marshmello
benny blanco, Vance Joy
blackbear,
charlieonnafriday,
d4vd,
dvsn,
dvsn, Snoh Aalegra
dvsn, Jessie Reyez
dvsn, Ty Dolla $ign
dvsn, Buju Banton
dvsn, PARTYNEXTDOOR
dvsn, Future
evvz,
grandson,
j-hope,
j-hope, J. Cole
lil Shordie Scott,
pewdiepie, Party in Backyard
rum.gold,
salem ilese,
twocolors,
uLazi, Thabza Tee
uLazi, Infinity MusiQ
