main_artist,artist_names
$,Ty Dolla $ign - Kanye West
$,Playboi Carti - Rich The Kid - Ty Dolla $ign - Kanye West
$NOT,A$AP Rocky
$uicideboy$,
(G)I-DLE,
*NSYNC,
13 Organis,Elams - Jul - SCH - Kofs - Naps - Houari - Solda - Soso Maness
187 Strassenbande,Frauenarzt - Bonez MC
187 Strassenbande,Bonez MC - Gzuz
2 Chainz,Travis Scott
2 Chainz,Drake - Quavo
2 Chainz,Gucci Mane - Quavo
2 Chainz,Jhen Aiko - Ty Dolla $ign - Trey Songz
2 Chainz,Ariana Grande
21 Savage,
21 Savage,Metro Boomin
21 Savage,Offset - Metro Boomin - Travis Scott
21 Savage,Metro Boomin - Drake
21 Savage,Offset - Metro Boomin - Quavo
21 Savage,Metro Boomin - Young Thug
21 Savage,Metro Boomin - Young Nudy
21 Savage,Metro Boomin - Future
21 Savage,Lil Durk - Metro Boomin
21 Savage,Metro Boomin - Burna Boy
21 Savage,Doja Cat
21 Savage,Metro Boomin - Travis Scott
21 Savage,Metro Boomin - Young Thug
21 Savage,Summer Walker
21 Savage,Mikky Ekko - Tommy Newport
21 Savage,Brent Faiyaz
24kGoldn,
24kGoldn,iann dior - J Balvin - Justin Bieber
24kGoldn,iann dior
347aidan,
4*TOWN (From Disney and Pixars Turning Red),Grayson Villanueva - Topher Ngo - Josh Levi - Jordan Fisher - Finneas O'Connell
4batz,
4batz,Drake
5 Seconds of Summer,
5 Seconds of Summer,Julia Michaels
50 Cent,
6LACK,Offset
6LACK,J. Cole
6ix9ine,Anuel AA
6ix9ine,
6ix9ine,Murda Beatz - Nicki Minaj
6ix9ine,Kanye West
6ix9ine,Fetty Wap - A Boogie Wit da Hoodie
6ix9ine,Tory Lanez
6ix9ine,Nicki Minaj - Kanye West
6ix9ine,Tory Lanez - Young Thug
6ix9ine,Bobby Shmurda
6ix9ine,DJ SpinKing
6ix9ine,Lil Baby
6ix9ine,Nicki Minaj
6ix9ine,A Boogie Wit da Hoodie
A Boogie Wit da Hoodie,
A Boogie Wit da Hoodie,Juice WRLD
A Boogie Wit da Hoodie,Kodak Black
A Boogie Wit da Hoodie,Young Thug
A Boogie Wit da Hoodie,Roddy Ricch - London On Da Track - Gunna
A Boogie Wit da Hoodie,Lil Uzi Vert
A Boogie Wit da Hoodie,Offset - Tyga
A Boogie Wit da Hoodie,6ix9ine
A R I Z O N A,
A$AP Ferg,Nicki Minaj - MadeinTYO
A$AP Ferg,
A$AP Rocky,Moby
A$AP Rocky,Moby - T.I. - Kid Cudi
A$AP Rocky,
A$AP Rocky,BlocBoy JB
A$AP Rocky,21 Savage - Gucci Mane - London On Da Track
A$AP Rocky,FKA twigs
A$AP Rocky,Clams Casino - Imogen Heap
A$AP Rocky,Skepta
A-Wall,
ABBA,
AC/DC,
ACRAZE,Cherish
AJR,
AK AUSSERKONTROLLE,Bonez MC
AP Dhillon,Intense - Gurinder Gill
AP Dhillon,
ATB,Topic - A7S
ATLXS,
AUR,
AURORA,
AYLIVA,MERO
AYLIVA,Apache 207
Aaron Carter,
Aaron Smith,Luvli - Krono
Ab-Soul,James Blake - Anderson .Paak
Abraham Mateo,Christian Daniel - Farruko
Achille Lauro,
Adam Port,Malachiii - Stryv - Orso - Keinemusik
Addison Rae,
Adele,
Aerosmith,
AgroPlay,Ana Castela
Agust D,
Agust D,IU
Aitana,
Ak4:20,Pailita - Cris Mj
Akon,Eminem
Alan Walker,Juliander - Noah Cyrus - Digital Farm Animals
Alan Walker,
Alan Walker,Ava Max
Alan Walker,Au/Ra - Tomine Harket
Alan Walker,Sophia Somajo
Alan Walker,Sabrina Carpenter - Farruko
Alan Walker,Gavin James
Alec Benjamin,
Alejo,ROBI - Feid
Alemn,Neton Vega
Alessandra,
Alessia Cara,
Alesso,Marshmello - James Bay
Alesso,Anitta
Alesso,
Alesso,TINI
Alesso,Katy Perry
Alex Favela,Grupo Marca Registrada - Joaquin Medina
Alex Rose,Rafa Pabn
Alex Rose,Rauw Alejandro
Alex Rose,Lyanno - Cazzu - Rauw Alejandro - Lenny Tavrez
Alex Sensation,Ozuna
Alex Warren,
Alexander 23,
Ali Gatie,
Alleh,Yorghaki
Alok,Zeeba - Bruno Martini
Alok,Mc Don Juan - Dj GBR
Alonzo,Ninho - Naps
Alphaville,
Alvaro Diaz,Feid
Alvaro Diaz,Rauw Alejandro
Alvaro Soler,
Alvaro Soler,TINI - Flo Rida
Amaarae,Kali Uchis - Moliy
Amenazzy,Nicky Jam - Farruko
Amin,
Amy Grant,
Amy Winehouse,
Ana Castela,Dj Chris No Beat - Melody
Ana Castela,
Anderson .Paak,Kendrick Lamar
Andmesh,
Andy Grammer,
Andy Williams,
Angelina Mango,
Anggi Marito,
Anirudh Ravichander,Arijit Singh - Shilpa Rao
Anirudh Ravichander,Arijit Singh - Shilpa Rao - Kumaar
Anirudh Ravichander,Super Subu
Anitta,
Anitta,Lusa Sonza - Lexa - Rebecca
Anitta,J Balvin
Anitta,Cardi B - Myke Towers
Anitta,MC Kevinho
Anitta,Tropkillaz - ZAAC - Maejor - DJ Yuri Martins
Annalisa,
Anne-Marie,
Anne-Marie,KSI - Digital Farm Animals
Anne-Marie,Little Mix
Anne-Marie,Niall Horan
AnnenMayKantereit,Giant Rooks
Ant Saunders,
Anuel AA,Haze
Anuel AA,Ozuna
Anuel AA,J Balvin - Daddy Yankee - Ozuna - KAROL G
Anuel AA,J Balvin - Daddy Yankee - Ozuna - KAROL G
Anuel AA,
Anuel AA,Romeo Santos
Anuel AA,Enrique Iglesias
Anuel AA,Bad Bunny
Anuel AA,Zion
Anuel AA,Tego Caldern
Anuel AA,Mambo Kingz - DJ Luian
Anuel AA,Mambo Kingz - DJ Luian
Anuel AA,Maluma - Quevedo - Mambo Kingz - DJ Luian
Anuel AA,Myke Towers - Jhay Cortez
Anuel AA,Jhayco - Myke Towers
Anuel AA,KAROL G
Anuel AA,Wisin - Daddy Yankee - Farruko - Zion & Lennox
Anurag Saikia,Madhubanti Bagchi - Raj Shekhar - Romy - Amarabha Banerjee - Varun Jain - Mismatched - Cast
Anuv Jain,
Apache 207,
Aqua,
Arcane,Pomme - Stromae
Arcane,Ashnikko
Arcane,Twenty One Pilots
Arcngel,Bad Bunny
Arcngel,Dmelo Flow - Sech
Arcngel,Romeo Santos - Sech
Arctic Monkeys,
Aretha Franklin,
Ariana Grande,
Ariana Grande,Doja Cat - Megan Thee Stallion
Ariana Grande,Normani - Nicki Minaj
Ariana Grande,John Legend
Ariana Grande,Lana Del Rey - Miley Cyrus
Ariana Grande,Future
Ariana Grande,Kid Cudi
Ariana Grande,Victoria Mont
Ariana Grande,Liz Gillies
Ariana Grande,Nicki Minaj
Ariana Grande,Justin Bieber
Ariana Grande,Cynthia Erivo
Ariana Grande,Pharrell Williams
Ariana Grande,Missy Elliott
Ariana Grande,Social House
Ariana Grande,Doja Cat
Ariana Grande,The Weeknd
Ariana Grande,Nonna
Ariana Grande,Ty Dolla $ign
Arijit Singh,Shreyas Puranik - Siddharth - Garima
Arizona Zervas,
Armani White,
Armin van Buuren,
Artemas,
Ashe,
Ashley O,
Ashnikko,
Ashnikko,Arcane - League of Legends
Ashnikko,Princess Nokia
Astrid S,
Ava Max,
Aventura,Bad Bunny
Avicii,
Avicii,Joe Janiak
Avicii,Vargas & Lagola
Avicii,Imagine Dragons
Avicii,A R I Z O N A
Avicii,Nicky Romero
Avicii,Rita Ora
Avicii,Aloe Blacc
Avicii,Agnes - Vargas & Lagola
Avicii,Aluna
Avicii,Sandro Cavazza
Avicii,Billy Raffoul
Avine Vinny,Matheus Fernandes
Avril Lavigne,Nicki Minaj
Avril Lavigne,
Axwell /\ Ingrosso,
Axwell /\ Ingrosso,Kid Ink
Aya Nakamura,Maluma
Aya Nakamura,
Ayo & Teo,
Ayra Starr,
Azet,Zuna
BABYMONSTER,
BANDIDO,Rei - Tiago PZK - Duki
BANNERS,
BENEE,Gus Dapperton
BENNETT,
BIA,Nicki Minaj
BIGBANG,
BLACKPINK,
BLACKPINK,Cardi B
BLACKPINK,Selena Gomez
BLANCO,Sfera Ebbasta
BLOK3,Ati242
BRNS,
BROCKHAMPTON,
BTS,
BTS,Zara Larsson
BTS,Juice WRLD
BTS,Halsey
BTS,Charli XCX
BTS,Nicki Minaj
BTS,Desiigner - Steve Aoki
BTS,Lauv
BTS,Sia
BTS,Steve Aoki
Baby Keem,Travis Scott
Baby Keem,Kendrick Lamar
Baby Lasagna,
Baby Tate,
Backstreet Boys,
Bad Bunny,
Bad Bunny,Arcngel - engo Flow - De La Ghetto
Bad Bunny,Buscabulla
Bad Bunny,Nicky Jam
Bad Bunny,Yaviah
Bad Bunny,Los Pleneros de la Cresta
Bad Bunny,Tainy
Bad Bunny,Jhayco
Bad Bunny,Jhay Cortez
Bad Bunny,Gabriela
Bad Bunny,Anuel AA
Bad Bunny,Young Miko
Bad Bunny,Mora
Bad Bunny,Pablo Chill-E - Duki
Bad Bunny,Sech
Bad Bunny,ROSALA
Bad Bunny,Tony Dize
Bad Bunny,Daddy Yankee
Bad Bunny,YOVNGCHIMI
Bad Bunny,Drake
Bad Bunny,Zion & Lennox
Bad Bunny,Chencho Corleone
Bad Bunny,Bomba Estreo
Bad Bunny,The Maras
Bad Bunny,Kendo Kaponi - Arcngel
Bad Bunny,Don Omar
Bad Bunny,RaiNao
Bad Bunny,Feid
Bad Bunny,Rauw Alejandro
Bad Bunny,Myke Towers
Bad Bunny,engo Flow
Bad Bunny,Bryant Myers
Bad Bunny,ABRA
Bad Bunny,Jowell & Randy - engo Flow
Bad Bunny,J Balvin - Prince Royce - Mambo Kingz - DJ Luian
Bad Bunny,Luar La L
Bad Bunny,Eladio Carrion
Bad Bunny,Omar Courtz - Dei V
Bad Bunny,Chuwi
Bad Gyal,Tokischa - Young Miko
Bag Raiders,
Bakar,Summer Walker
Band Aid,
Banda MS de Sergio Lizrraga,Snoop Dogg
Banx & Ranx,Ella Eyre - Yxng Bane
Barbara Pravi,
Bas,Lil Tjay - J. Cole
Bausa,Juju
Bausa,Apache 207
Bausa,
Bayhan,
Bazzi,
Bazzi,Camila Cabello
Bazzi,21 Savage
Bea Miller,
Beach Bunny,
Beach House,
Beach Weather,
Beat Record,
Bebe Rexha,Doja Cat
Bebe Rexha,Ty Dolla $ign
Bebe Rexha,
Bebe Rexha,Florida Georgia Line
Bebe Rexha,Lil Wayne
Becky G,Prince Royce - Anuel AA - Mambo Kingz - DJ Luian
Becky G,Peso Pluma
Becky G,Paulo Londra
Becky G,El Alfa
Becky G,KAROL G
Becky G,Bad Bunny
Becky G,Natti Natasha
Becky Hill,David Guetta
Bele,Ovy On The Drums
Bele,
Belinda,Natanael Cano
Bella Poarch,
Bellakath,
Bellakath,Dani Flow
Belly,The Weeknd - Nas
Belly,The Weeknd - Young Thug
Benson Boone,
Bernadya,
Beyonc,
Beyonc,Kendrick Lamar
Beyonc,Tanner Adell - Reyna Roberts - Tiera Kennedy - Brittney Spencer
Beyonc,BEAM
Beyonc,Miley Cyrus
Beyonc,Willie Jones
Beyonc,Post Malone
Beyonc,JAY-Z - Childish Gambino - Oumou Sangar
Beyonc,Tems - Grace Jones
Beyonc,Rumi Carter
Beyonc,Willie Nelson
Beyonc,Linda Martell - Shaboozey
Beyonc,Dolly Parton
Bhavi,Neo Pistea - Seven Kayne - Tiago PZK - Milo j - KHEA
Bibi Babydoll,Dj Brunin XM
Bibi Babydoll,Dj Brunin XM - KZA Produes
Big One,Trueno - Maria Becerra
Big One,Ke Personajes - FMK
Big Red Machine,Taylor Swift
Big Sean,A$AP Ferg - Hit-Boy
Big Sean,Starrah - The Flint Chozen Choir
Big Sean,
Big Sean,Metro Boomin - Travis Scott
Big Sean,Jeremih
Big Sean,Travis Scott
Big Sean,Eminem
Big Sean,Metro Boomin - 21 Savage
Big Sean,Migos
Big Sean,Metro Boomin - Kash Doll
Big Sean,Post Malone
Big Shaq,
BigXthaPlug,Bailey Zimmerman
Bill Withers,
Billie Eilish,
Billie Eilish,ROSALA
Billie Eilish,Justin Bieber
Billie Eilish,Khalid
Bing Crosby,
Bing Crosby,The Andrews Sisters
Bing Crosby,John Scott Trotter & His Orchestra - Ken Darby Singers
Bizarrap,Anuel AA
Bizarrap,Arcngel
Bizarrap,Duki
Bizarrap,Eladio Carrion
Bizarrap,Natanael Cano
Bizarrap,Milo j
Bizarrap,L-Gante
Bizarrap,Morad
Bizarrap,NATHY PELUSO
Bizarrap,Nicki Nicole
Bizarrap,Nicky Jam
Bizarrap,Paulo Londra
Bizarrap,Peso Pluma
Bizarrap,Ptazeta
Bizarrap,Quevedo
Bizarrap,Rauw Alejandro
Bizarrap,Residente
Bizarrap,Shakira
Bizarrap,Snow Tha Product
Bizarrap,Tiago PZK
Bizarrap,Villano Antillano
Bizarrap,Nicki Nicole - Duki
Bizarrap,Young Miko
Black Eyed Peas,David Guetta - Shakira
Black Eyed Peas,Shakira
Black Eyed Peas,
Black Eyed Peas,Ozuna - J. Rey Soul
Black Eyed Peas,J Balvin
Blanco Brown,
Blessd,Anuel AA - Ovy On The Drums
Blessd,Justin Quiles - Lenny Tavrez
Blessd,Ovy On The Drums
Blessd,Feid
Blind Channel,
BlocBoy JB,Drake
Blue Ivy,SAINt JHN - Wizkid - Beyonc
Blueface,
Blueface,YG - Cardi B
Blxst,Tyga - Ty Dolla $ign
Bo Burnham,
Bob Marley & The Wailers,
"Bobby ""Boris"" Pickett",The Crypt-Kickers
Bobby Helms,
Boef,
Bomba Estreo,Tainy
Boney M.,
Bonez MC,RAF Camora
Bonez MC,
Bonez MC,Maxwell
Bonez MC,RAF Camora - Gzuz
Booba,JSX
Boomdabash,Alessandra Amoroso
Bosh,
BoyWithUke,blackbear
BoyWithUke,
Boza,Bele - Juhn - Lunay - Lenny Tavrez
Boza,
Boza,ELENA ROSE
Brenda Lee,
Brenno & Matheus,DJ Ari SL
Brent Faiyaz,
Brent Faiyaz,DJ Dahi - The Creator - Tyler
Brent Faiyaz,Drake - The Neptunes
Brett Eldredge,Meghan Trainor
Brian Kierulf,Josh Schwartz - Britney Spears
Bring Me The Horizon,
Britney Spears,
Bruce Springsteen,
Bruno Mars,
Bruno Mars,Anderson .Paak - Silk Sonic
Bruno Mars,Thundercat - Anderson .Paak - Bootsy Collins - Silk Sonic
Bruno Mars,Cardi B
Bryant Myers,Anuel AA
Bryant Myers,
Bryce Vine,
Bryson Tiller,
Bryson Tiller,Drake
Brytiago,Darell
Brytiago,Darell - Daddy Yankee - Ozuna - Anuel AA
Burak Yeter,Danelle Sandoval
Burl Ives,
Burna Boy,
Bushido,Capital Bra - Samra
Bushido,Animus
C. Tangana,NATHY PELUSO
C. Tangana,
C. Tangana,Paloma Mami
C. Tangana,Ed Maverick
C. Tangana,Nio de Elche - La Hngara
CJ,
CKay,
CKay,AX'EL - Dj Yo!
CKay,ElGrandeToto
CNCO,Yandel
CNCO,
CNCO,Little Mix
CORPSE,Savage Ga$p
CORPSE,Night Lovell
CYRIL,
Calboy,
Cali Y El Dandee,Shaggy
Cali Y El Dandee,Danna Paola
Calibre 50,
Calle 24,Chino Pacas
Calle 24,Fuerza Regida - Chino Pacas
Calum Scott,
Calvin Harris,Tom Grennan
Calvin Harris,Funk Wav - DRAM - ScHoolboy Q - PARTYNEXTDOOR
Calvin Harris,Sam Smith
Calvin Harris,Lil Yachty - Funk Wav - Kehlani
Calvin Harris,Pharrell Williams - Katy Perry - Big Sean - Funk Wav
Calvin Harris,Rag'n'Bone Man
Calvin Harris,Pharrell Williams - Funk Wav - Young Thug - Ariana Grande
Calvin Harris,Ellie Goulding
Calvin Harris,
Calvin Harris,PARTYNEXTDOOR
Calvin Harris,Dua Lipa
Calvin Harris,The Weeknd
Calvin Harris,Young Thug - Dua Lipa
Calvin Harris,A-Trak - Travis Scott - Funk Wav
Calvin Harris,Sam Smith - Jessie Reyez
Calvin Harris,Funk Wav - Khalid - Future
Calvin Harris,Nicki Minaj - Funk Wav
Calvin Harris,Frank Ocean - Funk Wav - Migos
Calvin Harris,Pharrell Williams - Justin Timberlake - Halsey
Calvin Harris,Rihanna
Camila Cabello,
Camila Cabello,Ed Sheeran
Camila Cabello,Young Thug
Camila Cabello,Daddy Yankee
Camila Cabello,Playboi Carti
Camila Cabello,DaBaby
Camila Cabello,Quavo
Camila Cabello,Tainy - Myke Towers
Camila Cabello,WILLOW
Camilo,El Alfa
Camilo,Pablo Alborn
Camilo,
Camilo,Shawn Mendes
Camilo,Evaluna Montaner
Camilo,Pedro Cap
Capital Bra,Samra
Capital Bra,LEA - Samra
Capital Bra,
Capital Bra,Clueso - KC Rebell
Capital Bra,CRO
Capital Bra,Bozza
Capital Bra,Juju
Capital Bra,Ufo361
Capital Bra,Loredana
Capital Bra,Summer Cem - KC Rebell
Capital Bra,Eno - Luciano
Capital Cities,
Capo Plaza,DrefGold - Sfera Ebbasta
Cardi B,21 Savage
Cardi B,
Cardi B,Chance the Rapper
Cardi B,Migos
Cardi B,Lil Durk - Kanye West
Cardi B,SZA
Cardi B,Bad Bunny - J Balvin
Cardi B,Bruno Mars
Cardi B,Kehlani
Cardi B,YG
Carin Leon,Gabito Ballesteros
Carin Leon,
Carin Leon,Grupo Frontera
Carlos Vives,Shakira
Carlos Vives,Sebastian Yatra
Carnage,Lil Pump
Carolina Gaitn - La Gaita,Rhenzy Feliz - Adassa - Encanto - Cast - Diane Guerrero - Mauro Castillo - Stephanie Beatriz
Cartel De Santa,La Kelly
Cash Cash,Conor Maynard
Cashmere Cat,Tory Lanez - Major Lazer
Cashmere Cat,Ariana Grande
Cashmere Cat,Tory Lanez - Selena Gomez
Cauty,Rafa Pabn - Cosculluela - Brytiago - Chencho Corleone - Darell
Cazzu,
Central Cee,Lil Baby
Central Cee,Dave
Central Cee,
Central Cee,21 Savage
Chance the Rapper,
Chance the Rapper,John Legend
Chance the Rapper,Knox Fortune
Chance the Rapper,Death Cab for Cutie
Chance the Rapper,Murda Beatz - TisaKorean
Chance the Rapper,DaBaby - MadeinTYO
Chance the Rapper,Lil Wayne - 2 Chainz
Chanel,
Chappell Roan,
Charli XCX,Troye Sivan
Charli XCX,
Charli xcx,
Charli xcx,Billie Eilish
Charli xcx,Ariana Grande
Charli xcx,Lorde
Charlie Charles,Sfera Ebbasta - Ghali
Charlie Puth,
Charlie Puth,Kehlani
Charlie Puth,BTS - Jung Kook
Charlie Puth,Selena Gomez
Charly Black,Daddy Yankee
Chase Atlantic,
Cheat Codes,Fetty Wap - CVBZ
Cheat Codes,Dante Klein
Cheat Codes,Demi Lovato
Cheat Codes,Little Mix
Cheat Codes,Kris Kross Amsterdam
Chefin,Mainstreet
Chencho Corleone,
Cher,
Chezile,
Childish Gambino,
Chino & Nacho,Daddy Yankee
Chino Pacas,Fuerza Regida
Chino Pacas,
Chle,
ChocQuibTown,Manuel Turizo - Farruko - Zion & Lennox
Chris Brown,Ink - Justin Bieber
Chris Brown,Young Thug
Chris Brown,Young Thug - Future
Chris Brown,Drake
Chris Brown,Usher - Gucci Mane
Chris Brown,Yo Gotti - A Boogie Wit da Hoodie - Kodak Black
Chris Brown,
Chris Jedi,Ozuna - J Balvin - Arcangel
Chris Jedi,Anuel AA - Chencho Corleone - engo Flow
Chris Rea,
Christian Nodal,ngela Aguilar
Christian Nodal,Peso Pluma
Christian Nodal,
Chrystal,NOTION
Chuck Berry,
Chuyin,Jorsshh - Fuerza Regida - Calle 24
Cigarettes After Sex,
Clairo,
Clave Especial,Fuerza Regida
Clave Especial,Edgardo Nuez
Clean Bandit,Luis Fonsi - MARINA
Clean Bandit,Julia Michaels
Clean Bandit,Anne-Marie - Sean Paul
Clean Bandit,Demi Lovato
Clean Bandit,Zara Larsson
Clean Bandit,Mabel - 24kGoldn
Cline Dion,
Clinton Kane,
Cochise,$NOT
Coi Leray,
Colde,RM
Coldplay,
Coldplay,Seeb
Coldplay,Selena Gomez
Coldplay,Big Sean
Coldplay,BTS
Conan Gray,
Conkarah,Shaggy - DJ Fle
Coolio,L.V.
Cordae,Roddy Ricch
Cordae,Anderson .Paak
Cosculluela,Bad Bunny
Creedence Clearwater Revival,
Creepy Nuts,
Cris Mj,FloyyMenor - LOUKI
Cris Mj,Standly - Stars Music Chile - Nicki Nicole - Duki
Cris Mj,
Crissin,Natan & Shander - Totoy El Frio
Crowded House,
Crush,j-hope
Cup of Joe,
Curtis Waters,Harm Franklin
Cynthia Erivo,Ariana Grande
DDG,Blueface
DENNIS,MC Kevinho
DENNIS,MC Kevin o Chris
DG e Batido Stronda,J. Eskine - Mc Davi - MC G15
DJ Ivis,Tarcsio do Acordeon
DJ JZ,DJ LG PROD - Humberto & Ronaldo - Mc Mininin - Silvanno Salles
DJ Jeeh FDC,MC Menor MT - Mc Pel - Yuri Redicopa
DJ Khaled,SZA - Future
DJ Khaled,Lil Baby - Future
DJ Khaled,Travis Scott - Post Malone
DJ Khaled,Jeremih - Travis Scott - Calvin Harris
DJ Khaled,Lil Durk - Lil Baby
DJ Khaled,Lil Wayne - John Legend - Rick Ross - Fridayy - JAY-Z
DJ Khaled,Drake
DJ Khaled,John Legend - Nipsey Hussle
DJ Khaled,DaBaby - Lil Baby - Megan Thee Stallion - Post Malone
DJ Khaled,Lil Wayne - Chance the Rapper - Quavo - Justin Bieber
DJ Khaled,Lil Wayne - Chris Brown - Big Sean
DJ Khaled,SZA
DJ Khaled,21 Savage - Justin Bieber
DJ Khaled,Chance the Rapper - Quavo - Justin Bieber
DJ Khaled,Drake - Lil Baby
DJ Khaled,JAY-Z - Beyonc
DJ Khaled,Future - JAY-Z - Beyonc
DJ Khaled,Rihanna - Bryson Tiller
DJ Khaled,21 Savage - Cardi B
DJ Luian,Brytiago - Anuel AA - Nicky Jam - Mambo Kingz - Darell
DJ Matt D,Vulgo FK - MC GP - Menor MC
DJ Patrick Muniz,Dj Olliver - Mc Rennan - Mc Topre
DJ Robin,Schrze
DJ Snake,Lauv
DJ Snake,Offset - 21 Savage - Gucci Mane - Sheck Wes
DJ Snake,Sean Paul - Anitta - Tainy
DJ Snake,Justin Bieber
DJ Snake,Tyga - J Balvin
DJ Snake,Bipolar Sunshine
DJ Snake,Ozuna - LISA - Megan Thee Stallion
DJ Snake,Selena Gomez
DJ Snake,Ozuna - Cardi B - Selena Gomez
DJ TOPO,Seu Jorge - Mc Leozin
DJ TOPO,MC G15 - Seu Jorge - Mc Leozin
DMX,
DNCE,
DRAM,Lil Yachty
DVBBS,CMC$ - Gia Koka
DaBaby,
DaBaby,Young Thug
DaBaby,YoungBoy Never Broke Again
DaBaby,jetsonmade - Future
DaBaby,Quavo
DaBaby,Migos
DaBaby,Roddy Ricch
DaBaby,Moneybagg Yo - Lil Baby
Dad Bolado,OIK - Tati Zaqui
Daddy Yankee,Anuel AA
Daddy Yankee,Snow
Daddy Yankee,Katy Perry - Snow
Daddy Yankee,Sech
Daddy Yankee,Kendo Kaponi - Anuel AA
Daddy Yankee,
Daddy Yankee,Bad Bunny - Natti Natasha - Becky G
Daddy Yankee,Ozuna
Daddy Yankee,Wisin & Yandel
Daddy Yankee,Bad Bunny
Daft Punk,Pharrell Williams - Nile Rodgers
Dai Freyr,
Dalex,
Dalex,Lenny Tavrez
Dalex,Farruko - Anitta - Justin Quiles - NATTI NATASHA - Lenny Tavrez
Dalex,Rafa Pabn - Sech - Justin Quiles - Nicky Jam - Feid - Lenny Tavrez
Dalex,Dmelo Flow - Juhn - Chencho Corleone - Lenny Tavrez
Dalex,Sech
Dalex,Rafa Pabn - Sech - Cazzu - KHEA - Feid - Lenny Tavrez
Damso,Hamza
Damso,
Dan + Shay,Justin Bieber
Dan + Shay,
Daniel Caesar,H.E.R.
Daniel Caesar,Kali Uchis
Danny Ocean,
Danny Ocean,Kapo
Dardan,Monet192
Dardan,
Dardan,Eno
Darell,
Darlene Love,
Darshan Raval,
Daryl Hall & John Oates,
Dasha,
Dave,Stormzy
Dave,Central Cee
Dave,
Davi Kneip,Lusa Sonza - Dj Gabriel do Borel - Mc Frog
David Guetta,Justin Bieber
David Guetta,Anne-Marie - Coi Leray
David Guetta,Brooks - Loote
David Guetta,Becky Hill - Ella Henderson
David Guetta,Charli XCX - French Montana - Afrojack
David Guetta,Anne-Marie
David Guetta,Sia
David Guetta,OneRepublic
David Guetta,Bebe Rexha
David Guetta,
David Guetta,Brooks - Martin Garrix
David Guetta,Bebe Rexha - J Balvin
David Guetta,RAYE
David Guetta,Martin Solveig
David Guetta,Chris Willis - Cedric Gervais
David Kushner,
Daya,
Dayvi,Kelly Ruz - Victor Cardenas
De La Ghetto,Daddy Yankee - Ozuna - Chris Jedi
De La Rose,Omar Courtz
Dean Lewis,
Dean Martin,
Dedublman,Mavzer Tabancas
Demi Lovato,
Demi Lovato,Ariana Grande
Dennis Lloyd,
Dermot Kennedy,
Desiigner,
Diane Guerrero,Stephanie Beatriz
Diego & Victor Hugo,Bruno & Marrone
Diego & Victor Hugo,
Dimitri Vegas & Like Mike,David Guetta - Dimitri Vegas - Kiiara
Dimitri Vegas & Like Mike,Dimitri Vegas - Afro Bros - NATTI NATASHA - David Guetta - Daddy Yankee - Like Mike
Dimitri Vegas & Like Mike,Dido - Dimitri Vegas - Tisto - W&W - Like Mike
Dionela,
Dionela,Jay R
Diplo,M
Diplo,Morgan Wallen
Diplo,Jonas Brothers
Diplo,Zhavia - French Montana - Lil Pump
Disturbed,CYRIL
Dj GBR,Mc IG - Mc Kadu - MC GH do 7 - Mc Davi - Mc Luki - Mc Don Juan - MC GP - TrapLaudo - MC Ryan SP - MC PH
Dj Guuga,Wesley Safado - Z Felipe
Dj Guuga,DJ Ivis
Dj Kass,
Dj LK da Esccia,Tchakabum - mc jhenny - Mc RF - MC Ryan SP
Djo,
Dmelo Flow,Sech - Farruko - Nicky Jam - Zion - Lunay
Dmelo Flow,Dalex - Sech - Justin Quiles - De La Ghetto - Arcangel - Lenny Tavrez
Doechii,
Doja Cat,
Doja Cat,Ariana Grande
Doja Cat,Tyga
Doja Cat,SZA
Doja Cat,Gucci Mane
Doja Cat,Young Thug
Doja Cat,Nicki Minaj
Doja Cat,The Weeknd
Dominic Fike,
Dominic Fike,Zendaya
Don Omar,Lucenzo
Don Omar,Zion & Lennox
Don Patricio,Cruz Cafun
Don Toliver,
Don Toliver,Travis Scott
Don Toliver,Offset - Quavo
Don Toliver,Pharrell Williams - j-hope - Speedy
Don Toliver,Justin Bieber - Future
Donny Hathaway,
Dove Cameron,
Dr. Dre,Snoop Dogg
Drake,Sampha
Drake,
Drake,Ty Dolla $ign - Static Major
Drake,Chief Keef
Drake,Teezo Touchdown
Drake,Lil Yachty
Drake,21 Savage
Drake,Giveon
Drake,Fivio Foreign - Sosa Geek
Drake,Future
Drake,Michael Jackson
Drake,J. Cole
Drake,Travis Scott
Drake,Tems
Drake,Bad Bunny
Drake,Ty Dolla $ign
Drake,Black Coffee - Jorja Smith
Drake,Lil Baby
Drake,Kanye West
Drake,Yeat
Drake,Kid Cudi
Drake,Young Thug
Drake,Lil Durk - Giveon
Drake,21 Savage - Young Thug
Drake,Giggs
Drake,21 Savage - Project Pat
Drake,Lil Durk
Drake,Rick Ross
Drake,JAY-Z
Drake,PARTYNEXTDOOR
Drake,Chris Brown
Drake,Central Cee
Drake,Kyla - Wizkid
Drake,Playboi Carti
Drake,Travis Scott - Quavo
Drake,21 Savage - Travis Scott
Drake,SZA - Sexyy Red
Drake,2 Chainz - Young Thug
Drake,SZA
Drake,Rihanna
Drake,Young Thug - Future
Drake,Yebba
Drake,Lil Wayne - Rick Ross
Dream,
Dreamville,JID - Jace - Smokepurpp - Bas - Guapdad 4000 - Reese LAFLARE - Ski Mask The Slump God - Mez - Buddy
Dreamville,JID - J. Cole - Bas - Young Nudy - EARTHGANG
Dreamville,Young Nudy - J. Cole
Dreamville,J. Cole - Lute - DaBaby
DripReport,
Dua Lipa,
Dua Lipa,Angle
Dua Lipa,BLACKPINK
Dua Lipa,DaBaby
Dua Lipa,The Blessed Madonna - Madonna - Missy Elliott
Duki,
Duki,Myke Towers
Duki,Jhayco
Duki,De La Ghetto - Quevedo
Duki,Bizarrap - Justin Quiles
Duncan Laurence,
Dynoro,Gigi D'Agostino
ENHYPEN,
EXO,
Eagles,
Earl Agustin,
Earth,Wind & Fire
Eartha Kitt,Henri Ren and His Orchestra
Ed Sheeran,Meek Mill - A Boogie Wit da Hoodie
Ed Sheeran,
Ed Sheeran,Lil Baby
Ed Sheeran,Travis Scott
Ed Sheeran,Bruno Mars - Chris Stapleton
Ed Sheeran,Khalid
Ed Sheeran,Yebba
Ed Sheeran,PnB Rock - Chance the Rapper
Ed Sheeran,Young Thug - J Hus
Ed Sheeran,Justin Bieber
Ed Sheeran,H.E.R.
Ed Sheeran,Elton John
Ed Sheeran,Paulo Londra - Dave
Ed Sheeran,Beyonc
Ed Sheeran,Andrea Bocelli
Ed Sheeran,Ella Mai
Ed Sheeran,Eminem - 50 Cent
Ed Sheeran,Kranium - Nyla - Major Lazer
Ed Sheeran,Stormzy
Ed Sheeran,Camila Cabello - Cardi B
Ed Sheeran,Taylor Swift
Ed Sheeran,Skrillex
Ed Sheeran & Justin Bieber,Justin Bieber
Eden Muoz,Junior H
Eden Muoz,
Edison Lighthouse,
El Alfa,Peso Pluma
El Alfa,Chael Produciendo
El Chachito,Junior H
El Padrinito Toys,
Eladio Carrion,Bad Bunny
Eladio Carrion,
Eladio Carrion,Myke Towers
Eleni Foureira,
Eliza Rose,Interplanetary Criminal
Ella Fitzgerald,
Ella Mai,
Elley Duh,
Ellie Goulding,Swae Lee - Diplo
Ellie Goulding,Juice WRLD
Ellie Goulding,
Elton John,PNAU - Dua Lipa
Elton John,Britney Spears
Elton John,
Elvis Presley,
ElyOtto,
Em Beihold,
Emilia,TINI
Emilia,TINI - Nicki Nicole
Emilia,Duki
Eminem,
Eminem,X Ambassadors
Eminem,White Gold
Eminem,PHresher
Eminem,Snoop Dogg
Eminem,JID
Eminem,Juice WRLD
Eminem,Jessie Reyez
Eminem,Ez Mil
Eminem,"KXNG Crooked - Royce Da 5'9"" - Joell Ortiz"
Eminem,Cordae - Jack Harlow
Eminem,Skylar Grey
Eminem,Alicia Keys
Eminem,Anderson .Paak
Eminem,Rihanna
Eminem,Sly Pyper
Eminem,Joyner Lucas
Eminem,P!nk
Eminem,Don Toliver
Eminem,"Royce Da 5'9"""
Eminem,Kehlani
Eminem,Ed Sheeran
Eminem,Sly Pyper - Dem Jointz
Eminem,Jelly Roll
Eminem,Dido
Eminem,Dina Rae
Eminem,Nate Dogg
Eminem,BabyTron - Big Sean
Eminem,Young M.A
Eminem,Beyonc
Eminem,"Denaun - Royce Da 5'9"" - Q-Tip - Black Thought"
Eminem,"Royce Da 5'9"" - White Gold"
Emir Can rek,
Emmy Meli,
Empire Of The Sun,
Eno,
Eno,MERO
Enrique Iglesias,Wisin
Enrique Iglesias,Bad Bunny
Enrique Iglesias,Descemer Bueno - Zion & Lennox
Eric Land,Natanzinho Lima
Erica Banks,
Esau Ortiz,
Eslabon Armado,Peso Pluma
Eslabon Armado,DannyLux
Eugenio Esquivel,Grupo Marca Registrada - Sebastian Esquivel
Eurythmics,Annie Lennox - Dave Stewart
Evanescence,
Ezhel,
FIFTY FIFTY,
FLETCHER,
FRENSHIP,Emily Warren
Fall Out Boy,
Famous Dex,
Famous Dex,A$AP Rocky
Farid Bang,Capo - SCH - 6ix9ine
Farid Bang,French Montana - Khaled
Faris Adam,
Farruko,Ky-Mani Marley
Farruko,Dj Adoni - Victor Cardenas
Farruko,Rvssian - Bad Bunny
Farruko,
Fedez,
Fedez,Achille Lauro - Orietta Berti
Feid,
Feid,Young Miko
Feid,ATL Jacob
Feid,Sean Paul
Feid,Justin Quiles
Feid,Sech - Justin Quiles - Maluma - Nicky Jam - J Balvin
Felipe Amorim,
Felipe Arajo,Ferrugem
Felipe e Rodrigo,
Felix Jaehn,Hight - Alex Aiono
Fero47,
Fetty Wap,
Fifth Harmony,
Fifth Harmony,Gucci Mane
Fifth Harmony,Ty Dolla $ign
Fireboy DML,Ed Sheeran
Fivio Foreign,Kanye West - Alicia Keys
Fivio Foreign,The Kid LAROI
Fleetwood Mac,
Flipp Dinero,
Flo Milli,
Flo Rida,99 Percent
Flo Rida,
Florence + The Machine,
Florida Georgia Line,
FloyyMenor,Lewis Somes
FloyyMenor,Cris Mj
FloyyMenor,
Flume,kai
Flume,Tove Lo
Foo Fighters,
Foster The People,
Foudeqush,Ludwig Goransson
Foushe,
Francesca Michielin,Fedez
Frank Ocean,
Frank Sinatra,
Frank Sinatra,B. Swanson Quartet
Freddie Dredd,
French Montana,The Weeknd - Max B
French Montana,Drake
French Montana,Swae Lee
French Montana,Rvssian - Post Malone - Cardi B
French Montana,Rvssian - Post Malone - Cardi B
Frenna,Lil Kleine
Fuego,Manuel Turizo - Duki
Fuerza Regida,Grupo Frontera
Fuerza Regida,Edgardo Nuez
Fuerza Regida,
Fuerza Regida,Natanael Cano
Fuerza Regida,Marshmello
Fuerza Regida,Peso Pluma
Fujii Kaze,
Future,
Future,Lil Uzi Vert
Future,Juice WRLD
Future,Metro Boomin - Travis Scott
Future,Metro Boomin
Future,The Weeknd
Future,Drake - Young Thug
Future,Metro Boomin - Rick Ross
Future,Gunna - Young Thug
Future,Travis Scott
Future,Drake
Future,Young Scooter - Juice WRLD
Future,Kanye West
Future,Drake - DaBaby - Lil Baby
Future,Metro Boomin - Kendrick Lamar
Future,Kendrick Lamar
Future,Young Thug
Future,Offset - Young Thug
Future,Rihanna
Future,YoungBoy Never Broke Again
Future,Metro Boomin - Travis Scott - Playboi Carti
Future,Tems - Drake
Future,The Weeknd - Metro Boomin
G Herbo,Lil Uzi Vert - Juice WRLD - Chance the Rapper
G-Eazy,Yo Gotti - YBN Nahmir
G-Eazy,Kehlani
G-Eazy,blackbear
G-Eazy,Halsey
G-Eazy,Gunna
G-Eazy,
G-Eazy,Bebe Rexha
G-Eazy,A$AP Rocky - Cardi B
G-Eazy,Charlie Puth
G-Eazy,Marc E. Bassy
G-Eazy,Tory Lanez - Tyga
G3 GELO,
GASHI,DJ Snake - French Montana
GAYLE,
GELO,
GIVON,
Gabito Ballesteros,Tito Double P
Gabito Ballesteros,Natanael Cano
Gabito Ballesteros,Luis R Conriquez - Neton Vega - Natanael Cano
Gabriel Diniz,
Gabry Ponte,Prezioso - LUM!X
Gaby Music,Lunay - Luar La L
Galantis,OneRepublic
Galantis,David Guetta - Little Mix
Galantis,
Galantis,Hook N Sling
Gambi,Heuss L'enfoir
Gambi,
Gaullin,
Gemitaiz,MadMan
Gene Autry,
Geolier,
George Ezra,
George Henrique & Rodrigo,Marlia Mendona
George Michael,
Gera MX,Christian Nodal
Gera MX,Rels B
Gesaffelstein,The Weeknd
Ghali,
Ghea Indrawari,
Ghost,
Gigi Perez,
Giorgia,
Giveon,
Gjon's Tears,
Glass Animals,
GloRilla,Sexyy Red
Go_A,
Good Neighbours,
Gordo,Drake
Gorillaz,DRAM
Gorillaz,Vince Staples
Gorillaz,
Gorillaz,De La Soul
Gorillaz,George Benson
Gorillaz,Tame Impala - Bootie Brown
Gorillaz,Popcaan
Gorillaz,Bad Bunny
Gotye,Kimbra
Gracie Abrams,
Gracie Abrams,Taylor Swift
Gradur,Heuss L'enfoir
Grelo,
Grey,Bahari
Grupo Firme,
Grupo Frontera,Grupo Firme
Grupo Frontera,
Grupo Frontera,Carin Leon
Grupo Frontera,Bad Bunny
Grupo Marca Registrada,Grupo Frontera
Grupo Marca Registrada,Junior H
Grupo Menos  Mais,
Grupo Menos  Mais,Matheus Fernandes
Gryffin,Elley Duh
Guaynaa,
Guaynaa,Sech - Farruko - Nicky Jam - Becky G
Gucci Mane,Drake
Gucci Mane,The Weeknd
Gucci Mane,Migos
Gucci Mane,Justin Bieber
Gucci Mane,Offset
Gucci Mane,Bruno Mars - Kodak Black
Guilherme & Benuto,Hugo & Guilherme
Gunna,Lil Baby
Gunna,Roddy Ricch
Gunna,Young Thug
Gunna,
Gunna,Drake
Gunna,Travis Scott
Gunna,Young Thug - Future
Gunna,21 Savage
Gunna,Future
Guns N' Roses,
Gustavo Mioto,Mari Fernandez
Gustavo Moura & Rafael,
Gusttavo Lima,
Gusttavo Lima,Ana Castela
Gwen Stefani,Blake Shelton
Gym Class Heroes,
Gym Class Heroes,Adam Levine
Gzuz,
H.E.R.,Chris Brown
HUMBE,
HVME,
Hailee Steinfeld,BloodPop
Hailee Steinfeld,Florida Georgia Line - Alesso - WATT
Hailee Steinfeld,
Hailee Steinfeld,Zedd - Grey
Halsey,
Halsey,SUGA
Halsey,SUGA - BTS
Halsey,Lauren Jauregui
Hanumankind,Kalmi
Harry Nach,
Harry Styles,
Headie One,AJ Tracey - Stormzy
Headie One,Drake
Hearts & Colors,Andrelli
Henrique & Juliano,
Henry Freitas,Mc Th
Henry Moodie,
Hippie Sabotage,
Hotel Ugly,
Hozier,
Hugh Jackman,The Greatest Showman Ensemble - Daniel Everidge - Keala Settle - Zendaya
Hugh Jackman,The Greatest Showman Ensemble
Hugh Jackman,The Greatest Showman Ensemble - Keala Settle - Zendaya - Zac Efron
Hugh Jackman,Zac Efron
Hugo & Guilherme,
Hugo & Guilherme,Marlia Mendona
Huncho Jack,Travis Scott - Quavo
Huncho Jack,Offset - Travis Scott - Quavo
Huncho Jack,Travis Scott - Quavo - Takeoff
IAmChino,El Chacal - Yandel - Pitbull
ILLIT,
INTERWORLD,
ITZY,
IU,SUGA
IVE,
Ice Spice,Central Cee
Ice Spice,
Ice Spice,Nicki Minaj
Idina Menzel,Michael Bubl
Idina Menzel,AURORA
Idina Menzel,Evan Rachel Wood
Iggy Azalea,Anitta
Imagine Dragons,
Imagine Dragons,JID - Arcane - League of Legends
Imagine Dragons,Arcane - League of Legends
Imanbek,BYOR
Imogen Heap,
Ingratax,
Internet Money,Trippie Redd - Diplo - Juice WRLD
Internet Money,Gunna - Don Toliver - Lil Uzi Vert
Internet Money,Gunna - Don Toliver - NAV
Internet Money,Roddy Ricch - Don Toliver
Internet Money,Lil Tecca - A Boogie Wit da Hoodie
Irama,
Isabel LaRosa,
Isaiah Firebrace,
Israel & Rodolffo,
Israel & Rodolffo,Ana Castela
Israel & Rodolffo,Wesley Safado
Israel & Rodolffo,Mari Fernandez
ItaloBrothers,
Ivan Cornejo,
Ivete Sangalo,LUDMILLA
J Balvin,
J Balvin,Mr Eazi
J Balvin,Jowell & Randy
J Balvin,Mr Eazi - Bad Bunny
J Balvin,Bad Bunny
J Balvin,Skrillex
J Balvin,Anitta - Jeon
J Balvin,Willy William
J Balvin,Willy William - Beyonc
J Balvin,Zion & Lennox
J Balvin,Khalid
J Balvin,Natan & Shander - Crissin - KAROL G - Nicky Jam - Totoy El Frio
J Balvin,Maria Becerra
J Balvin,Pharrell Williams - BIA - Sky Rompiendo
J Balvin,Ed Sheeran
J Balvin,Tainy - Bad Bunny - Dua Lipa
J Balvin,Bad Bunny - Marciano Cantero
J Balvin,Sech
J Balvin,Sky Rompiendo
J Hus,Drake
J. Cole,Bas
J. Cole,
J. Cole,kiLL edward
J. Cole,Central Cee - Bas
J. Cole,Ari Lennox - Gucci Mane - Young Dro
J. Cole,Amber Coffman - Cults
J. Cole,6LACK - Bas
J. Cole,21 Savage - Morray
J. Cole,Lil Baby
J. Eskine,Alef Donk
J. Fred Coots,Bruce Springsteen
JACKBOYS,Sheck Wes
JACKBOYS,Travis Scott - Pop Smoke
JACKBOYS,
JACKBOYS,Travis Scott - Young Thug
JACKBOYS,Don Toliver - Travis Scott
JAY-Z,Linkin Park
JC NO BEAT,MC Meno Dani - Silva Mc - DJ F7
JENNIE,Kali Uchis - Childish Gambino
JENNIE,Doechii
JENNIE,Dua Lipa
JENNIE,Dominic Fike
JENNIE,
JID,21 Savage - Baby Tate
JIN,
JISOO,
JP Cooper,
JP Saxe,Julia Michaels
JVKE,Fast & Furious: The Fast Saga - Jimin - Muni Long - Charlie Puth
JVKE,
Jaani,B Praak
Jack Black,
Jack Harlow,Drake
Jack Harlow,
Jack Harlow,Doja Cat
Jack Harlow,Pooh Shiesty
Jack Harlow,Lil Wayne - Tory Lanez - DaBaby
Jack Harlow,Big Sean
Jain,
James Arthur,
James Arthur,Anne-Marie
James Bay,
James Blake,Metro Boomin - Travis Scott
James Hersey,
James Hype,Miggy Dela Rosa
Jamie Miller,
Jasleen Royal,Arijit Singh - Dulquer Salmaan
Jasleen Royal,Romy - Anvita Dutt - B Praak
Jasleen Royal,Radhikka Madan - Stebin Ben - Aditya Sharma - Vijay Deverakonda - Priya Saraiya
Jason Derulo,
Jason Derulo,Jhorrmountain - Puri
Jason Derulo,David Guetta - Nicki Minaj - Willy William
Jason Derulo,Maroon 5 - Adam Levine
Jason Derulo,Nuka
Jason Derulo,Ty Dolla $ign - Nicki Minaj
Jason Derulo,French Montana
Jason Mraz,
Jawsh 685,BTS - Jason Derulo
Jawsh 685,Jason Derulo
Jax Jones,Madison Beer - Europa - Martin Solveig
Jax Jones,Ina Wroldsen
Jax Jones,Bebe Rexha
Jax Jones,Stefflon Don - Demi Lovato
Jax Jones,MNEK
Jax Jones,RAYE
Jaxomy,Agatino Romero - Raffaella Carr
Jay Rock,James Blake - Kendrick Lamar - Future
Jay Wheeler,DJ Nelson - Myke Towers
Jaymes Young,
Jennifer Lopez,Gente De Zona
Jere Klein,Gittobeatz
Jeremy Zucker,
Jerry Di,
Jess Glynne,
Jesse & Joy,Gente De Zona
Jessi,
Jessica Darrow,
Jhayco,Bad Bunny
Jhayco,Sech - Feid
Jhayco,
Jhayco,Anuel AA
Jhayco,Quevedo
Jhayco,Anuel AA - J Balvin
Jhayco,Bad Bunny - J Balvin
Jhen Aiko,H.E.R.
Jimin,
Jimin,Sofia Carson
Jimin,Loco
Jimin,HA SUNG WOON
Jin,WENDY
Jin,
Jnr Choi,Sam Tompkins
Joakim Lundell,Arrhult
Joel Adams,
Joel Corry,David Guetta - RAYE
Joel Corry,MNEK
Joel Corry,Charli XCX - Saweetie - Jax Jones
Joey Bada$$,
Joey Montana,Sebastian Yatra
John Amplificado,
John Legend,
John Lennon,Yoko Ono
John Mayer,
John Williams,
Joji,
Joji,BENEE
Joji,Diplo
Joji,Lil Yachty
Joker Bra,VIZE
Jombriel,Alex Krack - Jtta
Jombriel,DFZM - Jtta
Jon Bellion,
Jonas Blue,RAYE
Jonas Blue,Dakota
Jonas Blue,William Singe
Jonas Blue,JP Cooper
Jonas Blue,Liam Payne - Lennon Stella
Jonas Blue,Jack & Jack
Jonas Blue,Theresa Rex
Jonas Brothers,
Jonas Brothers,KAROL G
Jonas Esticado,
Joo Gomes,
Joo Gomes,Vitor Fernandes
Joost,
Jordan Adetunji,
Jorge & Mateus,
Jorja Smith,Burna Boy
Jorja Smith,
Jorsshh,Fuerza Regida
Jos Feliciano,
Journey,
Jovem Dionisio,
Jowell & Randy,J Balvin
Joyner Lucas,Logic
Joyner Lucas,Lil Baby
Joyner Lucas,J. Cole
Juan Magn,B-Case - Belinda - Snova - Manuel Turizo
Juanfran,
Judy Garland,
Juice WRLD,
Juice WRLD,Young Thug
Juice WRLD,YoungBoy Never Broke Again
Juice WRLD,Marshmello
Juice WRLD,Trippie Redd - Polo G
Juice WRLD,SUGA - BTS
Juice WRLD,Marshmello - The Kid LAROI - Polo G
Juice WRLD,Halsey
Juice WRLD,Clever - Post Malone
Juice WRLD,benny blanco
Juice WRLD,The Kid LAROI
Juice WRLD,Rvssian - Clever
Juice WRLD,The Weeknd
Juice WRLD,Trippie Redd
Juice WRLD,Justin Bieber
Juice WRLD,Lil Uzi Vert
Juju,Loredana - Miksu / Macloud
Juju,Henning May
Julia Michaels,Selena Gomez
Julia Michaels,
Julia Michaels,Trippie Redd
Julia Michaels,Niall Horan
Julin lvarez y su Norteo Banda,
Jung Kook,
Jung Kook,Jack Harlow
Jung Kook,Major Lazer
Jung Kook,FIFA Sound - BTS
Jung Kook,DJ Snake
Jung Kook,Latto
Jungle,
Junior H,
Junior H,Peso Pluma
Junior H,Gabito Ballesteros - Peso Pluma
Justin Bieber,
Justin Bieber,Khalid
Justin Bieber,Dominic Fike
Justin Bieber,Clever - Post Malone
Justin Bieber,BloodPop
Justin Bieber,Kehlani
Justin Bieber,Chance the Rapper
Justin Bieber,Don Toliver
Justin Bieber,Quavo
Justin Bieber,benny blanco
Justin Bieber,BEAM
Justin Bieber,Burna Boy
Justin Bieber,Giveon - Daniel Caesar
Justin Bieber,TroyBoi
Justin Bieber,Lil Dicky
Justin Bieber,Travis Scott
Justin Bieber,The Kid LAROI
Justin Quiles,Dalex - Farruko - NATTI NATASHA - Zion - Lenny Tavrez
Justin Quiles,
Justin Quiles,Chimbala - Zion & Lennox
Justin Quiles,Zion & Lennox
Justin Quiles,Daddy Yankee - El Alfa
Justin Timberlake,
Justin Timberlake,Chris Stapleton
Justin Wellington,Small Jam
K CAMP,
K/DA,Lexie Liu - Seraphine - League of Legends - (G)I-DLE - Jaira Burns - Madison Beer
K/DA,Jaira Burns - Madison Beer - (G)I-DLE - League of Legends
K/DA,Wolftyla - Bea Miller - (G)I-DLE - League of Legends
KAI,
KALEO,
KALIM,Ufo361
KALUSH,
KAROL G,DFZM - Maluma - Feid - Ovy On The Drums - Ryan Castro - Blessd - J Balvin
KAROL G,
KAROL G,Bad Bunny
KAROL G,Ovy On The Drums
KAROL G,Tisto
KAROL G,Maluma
KAROL G,Anuel AA
KAROL G,Mariah Angeliq
KAROL G,Maldy
KAROL G,Anuel AA - J Balvin
KAROL G,Carla Morrison
KAROL G,Nicky Jam - J Balvin
KAROL G,Quevedo
KAROL G,Peso Pluma
KAROL G,Shakira
KAROL G,Nicki Minaj
KAROL G,Ryan Castro - Cris Mj
KAROL G,Romeo Santos
KASIMIR1441,badmmzjay - WILDBWOYS
KATSEYE,
KC Rebell,
KC Rebell,Summer Cem - Capital Bra
KC Rebell,Summer Cem
KC Rebell,RAF Camora
KC Rebell,Luciano - Summer Cem
KHEA,Lenny Santos
KHEA,Cazzu - Bad Bunny - Duki
KHEA,Duki
KIDS SEE GHOSTS,Louis Prima
KIDS SEE GHOSTS,
KIDS SEE GHOSTS,Pusha T
KIDS SEE GHOSTS,Ty Dolla $ign
KIDS SEE GHOSTS,Yasiin Bey
KREAM,Clara Mae
KSI,S-X - Rick Ross - Lil Baby
KSI,
KSI,Swarmz - Tion Wayne
KSI,Lil Wayne
KSI,Polo G - YUNGBLUD
KSI,Trippie Redd
KYLE,Kehlani
KYLE,Lil Yachty
Kaifi Khalil,
Kaique e Felipe,Luan Pereira
Kalazh44,Nimo - Luciano - Capital Bra - Samra
Kali,
Kali Uchis,Peso Pluma
Kali Uchis,KAROL G
Kali Uchis,
Kaliii,
Kane Brown,Swae Lee - Khalid
Kane Brown,blackbear
Kane Brown,Lauren Alaina
Kanii,PR1ISVX
Kanye West,
Kanye West,Sunday Service Choir
Kanye West,Ty Dolla $ign - Ant Clemons
Kanye West,Dwele
Kanye West,PARTYNEXTDOOR
Kanye West,Fred Hammond
Kanye West,Lil Pump
Kanye West,Pusha T
Kanye West,XXXTENTACION
Kanye West,Kenny G - Clipse
Kanye West,Travis Scott
Kanye West,Ant Clemons
Kapo,
Karan Aujla,
Kate Bush,
Katy Perry,Migos
Katy Perry,Skip Marley
Katy Perry,
Katy Perry,Juicy J
Katy Perry,Nicki Minaj
Kawe,Mc Lele JP - Original Quality
Keala Settle,The Greatest Showman Ensemble
Keane,
Kehlani,
Kehlani,Ty Dolla $ign
Kehlani,Justin Bieber
Kelly Clarkson,Ariana Grande
Kelly Clarkson,
Kendrick Lamar,SZA
Kendrick Lamar,
Kendrick Lamar,Travis Scott
Kendrick Lamar,Amanda Reifer - Blxst
Kendrick Lamar,Sampha
Kendrick Lamar,Zacari
Kendrick Lamar,Rihanna
Kendrick Lamar,Jay Rock
Kendrick Lamar,Beth Gibbons
Kendrick Lamar,Tanna Leone
Kendrick Lamar,Ghostface Killah - Summer Walker
Kendrick Lamar,Sam Dew - Baby Keem
Kendrick Lamar,Kodak Black
Kendrick Lamar,Taylour Paige
Kendrick Lamar,U2
Kendrick Lamar,Roddy Ricch - Siete7x - Wallie the Sensei
Kendrick Lamar,Peysoh - YoungThreat - Hitta J3
Kendrick Lamar,Dody6
Kendrick Lamar,AzChike
Kendrick Lamar,Az Chike
Kendrick Lamar,Lefty Gunplay
Kenia OS,
Kenshi Yonezu,
Kenya Grace,
Kep1er,
Kesha,
Kesha,The Dap-Kings Horns
Kevin Gates,Juicy J
Kevin Kaarl,
Kevin Roldan,Lyanno - Bryant Myers
Kevin Roldan,
Khalid,
Khalid,SAFE
Khalid,Disclosure
Khalid,Normani
Khalid,6LACK - Ty Dolla $ign
Khalid,John Mayer
Khalid,A Boogie Wit da Hoodie
Khalid,Empress Of
Khalid,Swae Lee
Kid Cudi,
Kid Cudi,Skepta - Pop Smoke
Kid Cudi,Eminem
Kiiara,
Kiiara,Felix Snow
Kina,Adriana Proenza
Kina,Snw
King,
King Princess,
King Von,21 Savage
Kings of Leon,
KitschKrieg,SFR - Ufo361 - Gzuz - GRiNGO - Trettmann
KitschKrieg,Jamule - SFR
Kodak Black,JVKE - Jimin - Muni Long - NLE Choppa
Kodak Black,Fast & Furious: The Fast Saga - Jimin - NLE Choppa - JVKE - Muni Long
Kodak Black,Fast & Furious: The Fast Saga - Jimin - NLE Choppa - JVKE - Muni Long
Kodak Black,
Kodak Black,Lil Wayne
Kodak Black,Juice WRLD
Kodak Black,XXXTENTACION
Kodak Black,Offset - Travis Scott
Kofs,13 Organis - Elams - SCH - Jul - Naps - Houari - Solda - Soso Maness
Kontra K,
Kontra K,Samra
Kordhell,
Krij,
Kris Kross Amsterdam,Conor Maynard - The Boy Next Door
Kungs,
Kungs,Cookin' On 3 Burners
Kushagra,Bharath - Saaheal
Kygo,Imagine Dragons
Kygo,Kim Petras
Kygo,Rita Ora
Kygo,Ellie Goulding
Kygo,Sandro Cavazza - Avicii
Kygo,Zak Abel
Kygo,Sandro Cavazza
Kygo,Whitney Houston
Kygo,Donna Summer
Kygo,Sasha Alex Sloan
Kygo,Selena Gomez
Kygo,The Night Game
Kygo,Tyga - Zara Larsson
Kygo,OneRepublic
Kygo,Zoe Wees
Kygo,Chelsea Cutler
Kygo,Miguel
Kygo,Justin Jesso
Kygo,Maty Noyes
Kygo,Valerie Broussard
Kygo,X Ambassadors
Kygo,Tina Turner
Kygo,Ava Max
Kylie Minogue,
L7NNON,DJ Biel do Furduncinho - Bianca
LANY,
LE SSERAFIM,
LE SSERAFIM,Nile Rodgers
LF SYSTEM,
LISA,Doja Cat - RAYE
LISA,Future
LISA,
LISA,ROSALA
LIT killah,Big One - Duki - Maria Becerra - Rusherking - Emilia - Tiago PZK - FMK
LX,Bonez MC - Sa4 - Maxwell - Gzuz
La Adictiva,Luis R Conriquez
La La Land Cast,
La Oreja de Van Gogh,
La Pantera,Abhir Hathi - Bejo - Cruz Cafun - Juseph - EL IMA - Quevedo
La rappresentante di lista,
Labrinth,Zendaya
Labrinth,
Lady Gaga,
Lady Gaga,Bruno Mars
Lady Gaga,Bradley Cooper
Lady Gaga,Colby O'Donis
Lady Gaga,Gesaffelstein
Lady Gaga,Ariana Grande
Lady Gaga,Elton John
Lady Gaga,BLACKPINK
Lana Del Rey,
Lana Del Rey,Stevie Nicks
Lana Del Rey,A$AP Rocky
Lana Del Rey,The Weeknd
Lana Del Rey,A$AP Rocky - Playboi Carti
Lasso,
Lauana Prado,
Laufey,
Lauren Spencer Smith,
Lauv,
Lauv,Conan Gray
Lauv,LANY
Lauv,Julia Michaels
Lauv,BTS
Lauv,Anne-Marie
Lauv,Troye Sivan
Lay Bankz,
Lazza,
League of Legends,NewJeans
Leah Kate,
Lele Pons,
Lele Pons,Guaynaa
Leo Santana,
Leon Thomas,
Leona Lewis,
Leslie Grace,Noriel
Lewis Capaldi,
LiL CaKe,Nico Valdi - Migrantes
Liam Payne,
Liam Payne,J Balvin
Liam Payne,Rita Ora
Liam Payne,Dixie
Liam Payne,Quavo
Libianca,
Lil Baby,Gunna
Lil Baby,
Lil Baby,Lil Uzi Vert
Lil Baby,Young Thug - Future
Lil Baby,Lil Durk - Travis Scott
Lil Baby,Future
Lil Baby,Gunna - Drake
Lil Baby,Gunna - Lil Durk - NAV
Lil Baby,Nardo Wick
Lil Baby,EST Gee
Lil Baby,Meek Mill
Lil Baby,Lil Durk
Lil Baby,42 Dugg
Lil Baby,Drake
Lil Dicky,
Lil Dicky,Chris Brown
Lil Durk,J. Cole
Lil Durk,Morgan Wallen
Lil Mabu,
Lil Mosey,
Lil Mosey,Gunna
Lil Nas X,Miley Cyrus
Lil Nas X,
Lil Nas X,Jack Harlow
Lil Nas X,YoungBoy Never Broke Again
Lil Nas X,Elton John
Lil Nas X,BTS - RM
Lil Nas X,Billy Ray Cyrus
Lil Nas X,Mason Ramsey - Young Thug - Billy Ray Cyrus
Lil Nas X,DaBaby
Lil Nas X,Cardi B
Lil Nas X,Doja Cat
Lil Peep,Lil Tracy
Lil Peep,
Lil Peep,XXXTENTACION
Lil Peep,Fall Out Boy - ILOVEMAKONNEN
Lil Pump,Lil Wayne
Lil Pump,
Lil Pump,Lil Uzi Vert
Lil Skies,Gucci Mane
Lil Skies,
Lil Skies,Landon Cube
Lil Tecca,
Lil Tecca,Lil Uzi Vert
Lil Tecca,Gunna
Lil Tecca,Juice WRLD
Lil Tjay,
Lil Tjay,6LACK
Lil Tjay,Fivio Foreign - Polo G
Lil Tjay,Fivio Foreign - Kay Flock
Lil Tjay,Offset - Moneybagg Yo
Lil Tjay,Fivio Foreign - Pop Smoke
Lil Uzi Vert,
Lil Uzi Vert,Travis Scott
Lil Uzi Vert,Chief Keef
Lil Uzi Vert,WanMor
Lil Uzi Vert,Nicki Minaj
Lil Uzi Vert,Young Thug
Lil Uzi Vert,NAV
Lil Uzi Vert,Pharrell Williams
Lil Uzi Vert,Gunna - Young Thug
Lil Uzi Vert,Oh Wonder - Nicki Minaj
Lil Uzi Vert,Oh Wonder
Lil Uzi Vert,The Weeknd
Lil Uzi Vert,WanMor - Syd
Lil Uzi Vert,Future
Lil Uzi Vert,ARIZONATEARS - sped up nightcore
Lil Uzi Vert,21 Savage
Lil Wayne,
Lil Wayne,Nicki Minaj
Lil Wayne,XXXTENTACION
Lil Wayne,Nivea
Lil Wayne,Snoop Dogg
Lil Wayne,Reginae Carter
Lil Wayne,Big Sean - Lil Baby
Lil Wayne,Travis Scott
Lil Wayne,Kendrick Lamar
Lil Wayne,Drake
Lil Wayne,Mack Maine - Ashanti
Lil Wayne,Ty Dolla $ign - Wiz Khalifa - Imagine Dragons - X Ambassadors - Logic
Lil Wayne,Swizz Beatz
Lil Wayne,Sosamann
Lil Xan,
Lil Yachty,Trippie Redd
Lil Yachty,Playboi Carti
Lil Yachty,Drake - DaBaby
Lil Yachty,Migos
Lil Yachty,
Lil Yachty,Tierra Whack - The Creator - A$AP Rocky - Tyler
Lil Yachty,Juice WRLD
Linkin Park,
Linkin Park,Stormzy - Pusha T
Linkin Park,Kiiara
Lithe,
Little Mix,
Little Mix,Machine Gun Kelly
Little Mix,Stormzy
Little Mix,Nicki Minaj
Lizzo,
Lizzo,Ariana Grande
Lizzo,Cardi B
Lizzy McAlpine,
Lo Foguete,
Logic,Alessia Cara - Khalid
Logic,
Logic,No I.D. - Black Thought - Big Lenbo - Chuck D
Logic,Damian Lemar Hudson
Logic,G-Eazy
Logic,Killer Mike
Logic,Marshmello
Logic,Eminem
Logic,Jaden
Logic,Gucci Mane
Logic,Wiz Khalifa
Logic,Juicy J
Logic,Ansel Elgort
Logic,Ryan Tedder
Logic,2 Chainz
Logic,Young Sinatra
Logic,Big Sean
Logic,RZA - Ghostface Killah - Masta Killa - Cappadonna - U-God - Jackpot Scotty Wotty - Inspectah Deck - GZA - Raekwon - Method Man
Lola Indigo,Quevedo
Lola Young,
Lomiiel,
Lord Huron,
Lorde,
Lorde,Post Malone - Khalid - SZA
Loredana,Rymez
Loredana,Mozzik
Loredana,
Loredana,MERO
Loreen,
Loren Allred,
Los Dareyes De La Sierra,Tito Double P
Los Legendarios,Wisin - Jhayco
Los ngeles Azules,Emilia
Lost Frequencies,Tom Odell
Lost Frequencies,Calum Scott
Loud Luxury,Brando
Loud Luxury,anders
Louis The Child,Wafia
Louis Tomlinson,Bebe Rexha - Digital Farm Animals
Louis Tomlinson,
Luan Pereira,Mc Daniel - MC Ryan SP
Luan Santana,
Luan Santana,Ana Castela
Luar La L,
Luch,Sfera Ebbasta
Luciano,BIA - Aitch
Luciano,
Luciano,Shirin David
Luciano,Samra
Lucio Corsi,
Luis Fonsi,Stefflon Don
Luis Fonsi,Nicky Jam - Sebastian Yatra
Luis Fonsi,Daddy Yankee
Luis Fonsi,Daddy Yankee - Justin Bieber
Luis Fonsi,Ozuna
Luis Fonsi,Demi Lovato
Luis R Conriquez,Peso Pluma
Luis R Conriquez,Peso Pluma - Tony Aguirre
Luis R Conriquez,Neton Vega
Lukas Graham,
Luke Christopher,
Luke Combs,
Lunay,Ozuna - Anuel AA
Lunay,Ozuna - Rauw Alejandro - Chencho Corleone - Myke Towers
Lunay,Chris Jedi - Gaby Music
Lunay,Chris Jedi - Gaby Music
Lunay,Daddy Yankee - Bad Bunny
Lusa Sonza,
Lusa Sonza,Pabllo Vittar - Anitta
Lusa Sonza,Demi Lovato
Lusa Sonza,KayBlack
Luude,Colin Hay
M,
MACHETE,Lazza - Salmo
MACHETE,Marracash - Salmo - Nitro
MACHETE,thasup - Dani Faiv - Fabri Fibra
MARINA,
MAX,SUGA
MAX,
MAX,Quinn XCII
MC Caverinha,KayBlack - Wall Hein
MC Fioti,Stefflon Don - Future - J Balvin - Juan Magn
MC G15,
MC K.K,MC Lipivox - Dj TG Beats - Dj Aurlio
MC Kevin o Chris,
MC Kevin o Chris,Dj Nk Da Serra
MC Kevinho,
MC L da Vinte,MC Gury
MC LUUKY,DJ JB Mix
MC Levin,DJ Nikolas Alves Exclusive - DJ Kaioken - DJ Gege
MC Loma e As Gmeas Lacrao,
MC MENOR HR,DJ ESCOBAR - MC MENOR SG
MC MM,DJ RD
MC Rogerinho,
MC Tairon,Dj Win - Mc Vitin Da Igrejinha
MC Tuto,DJ Glenner
MC Xenon,Os Gemeos da Putaria
MC Zaquin,MC Rick
MC's Jhowzinho & Kadinho,
MEDUZA,Elley Duh - James Carter - FAST BOY
MEDUZA,Becky Hill - Goodboys
MEDUZA,Dermot Kennedy
MEDUZA,Goodboys
MEDUZA,Hozier
MERO,
MKTO,
MUSIC LAB JPN,
MXZI,
MYA,TINI - Duki
Maanu,Annural Khalid
Mabel,
Mac DeMarco,
Mac Miller,
Mac Miller,The Temper Trap
Mac Miller,Miguel
Machine Gun Kelly,Hailee Steinfeld
Machine Gun Kelly,Camila Cabello
Machine Gun Kelly,CORPSE
Machine Gun Kelly,X Ambassadors - Bebe Rexha
Machine Gun Kelly,Travis Barker - YUNGBLUD
Machine Gun Kelly,
Machine Gun Kelly,Lil Wayne
Machine Gun Kelly,WILLOW
Machine Gun Kelly,Halsey
Machine Gun Kelly,Kellin Quinn
Machine Gun Kelly,blackbear
Machine Gun Kelly,Bring Me The Horizon
Macklemore,Ryan Lewis - Ray Dalton - Macklemore & Ryan Lewis
Macklemore,Skylar Grey
Macklemore,Kesha
Macklemore,Lil Yachty
Macklemore & Ryan Lewis,Ryan Lewis - Macklemore - Ray Dalton
Madame,
Madison Beer,
Madison Beer,Offset
Mae Stephens,
Maes,Booba
Maggie Lindemann,Cheat Codes - CADE
Mahalini,
Mahmood,BLANCO
Mahmood,
Maisak,Feid
Maite Perroni,Cali Y El Dandee
Majestic,Boney M.
Major Lazer,M - Justin Bieber
Major Lazer,Travis Scott - Quavo - Camila Cabello
Major Lazer,DJ Snake - M
Major Lazer,Fuse ODG - Nyla
Major Lazer,J Balvin - Diplo - El Alfa
Major Lazer,Nicki Minaj - PARTYNEXTDOOR
Major Lazer,Pabllo Vittar - Anitta
Major Lazer,Diplo - Death Stranding: Timefall - Khalid
Maki,
Malcolm Todd,
Malu,DJ Lucas Beat
Maluma,
Maluma,Mambo Kingz - Darell - Bele - Rauw Alejandro - DJ Luian
Maluma,Nego do Borel
Maluma,Bryant Myers - Juhn - Trap Capos - Noriel
Maluma,French Montana
Maluma,The Weeknd
Maluma,Myke Towers
Maluma,Justin Quiles - Lenny Tavrez
Maluma,J Balvin
Maluma,Carin Leon
Mambo Kingz,Arcngel - Anuel AA - KAROL G - DJ Luian
Manan Bhardwaj,Bhupinder Babbal
Manu,Simone Mendes
Manuel Turizo,
Manuel Turizo,Ozuna
Manuel Turizo,Rauw Alejandro - Myke Towers
Manuel Turizo,Anuel AA
Marc Anthony,Bad Bunny - Will Smith
Marc E. Bassy,G-Eazy
Marc Segu,Rauw Alejandro - Pol Granch
Marco Mengoni,
Maren Morris,
Mari Fernandez,Z Felipe
Mari Fernandez,
Mari Fernandez,Marcynho Sensao
Maria Becerra,
Maria Becerra,Becky G
Mariah Carey,
Mariah Carey,Jennifer Hudson - Ariana Grande
Marian Hill,
Mark Ambor,
Mark Ronson,Camila Cabello
Mark Ronson,Miley Cyrus
Mark Ronson,Bruno Mars
Marlia Mendona,
Marlia Mendona,Maiara & Maraisa
Maroon 5,Future
Maroon 5,Kendrick Lamar
Maroon 5,Cardi B
Maroon 5,Julia Michaels
Maroon 5,
Maroon 5,YG - Nipsey Hussle
Maroon 5,Wiz Khalifa
Maroon 5,A Boogie Wit da Hoodie
Maroon 5,SZA
Maroon 5,A$AP Rocky
Marracash,Gu
Marracash,thasup - Sfera Ebbasta
Marshmello,
Marshmello,Halsey
Marshmello,Juice WRLD
Marshmello,Manuel Turizo
Marshmello,Anne-Marie
Marshmello,Bastille
Marshmello,CHVRCHES
Marshmello,Jonas Brothers
Marshmello,Tyga - Chris Brown
Marshmello,Khalid
Marshmello,Demi Lovato
Marshmello,Kane Brown
Marshmello,Roddy Ricch
Marshmello,Lil Peep
Marshmello,blackbear - YUNGBLUD
Marshmello,Juicy J - James Arthur
Martin Garrix,Justin Mylo - Dewain Whitmore
Martin Garrix,Clinton Kane
Martin Garrix,Bonn
Martin Garrix,Bebe Rexha
Martin Garrix,Sasha Alex Sloan - G-Eazy
Martin Garrix,Khalid
Martin Garrix,Tove Lo
Martin Garrix,Dua Lipa
Martin Garrix,David Guetta - Jamie Scott - Romy Dya
Martin Garrix,Macklemore - Fall Out Boy
Martin Garrix,Troye Sivan
Martin Garrix,Dean Lewis
Martin Garrix,Bono - The Edge
Martin Jensen,
Marvin Gaye,Tammi Terrell
Masked Wolf,
Mason Ramsey,
Master KG,Nomcebo Zikode
Matheus & Kauan,Anitta
Matheus Fernandes,Dilsinho
Matheus Fernandes,Xand Avio
Matt Maltese,
Matt Terry,
Matthew Wilder,
Matu,Rich The Kid
Matu,
Matu,Teto - WIU
Mau y Ricky,Manuel Turizo - Camilo
Mau y Ricky,Camilo
Mau y Ricky,Camilo - Lunay
Mc Anjim,DJ PH DA SERRA - Dj Lv Mdp
Mc Davi,Mc Don Juan - DJ 900 - Mc Pedrinho
Mc Livinho,DJ Matt D
Mc Paiva ZS,Kotim - MC Ryan SP
Mc Pedrinho,DJ 900
Mc Poze do Rodo,Mainstreet - Neo Beats
Meek Mill,Drake
Meek Mill,Cardi B
Meek Mill,Lil Durk - Lil Baby
Meek Mill,Anuel AA - Fabolous
Meek Mill,Rick Ross - JAY-Z
Megan Thee Stallion,
Megan Thee Stallion,DaBaby
Megan Thee Stallion,Normani
Megan Thee Stallion,Ty Dolla $ign - Nicki Minaj
Megan Thee Stallion,Yuki Chiba
Megan Thee Stallion,RM
Megan Thee Stallion,Beyonc
Megan Thee Stallion,Dua Lipa
Meghan Trainor,
Melanie Martinez,
Mert Demir,Mabel Matiz
Mesita,Emilia - Tiago PZK - Nicki Nicole
Metallica,
Metro Boomin,21 Savage
Metro Boomin,Gunna
Metro Boomin,Lil Uzi Vert - Future
Metro Boomin,A$AP Rocky - Roisee
Metro Boomin,Swae Lee - Lil Wayne - Offset
Metro Boomin,Don Toliver
Metro Boomin,Swae Lee - Wizkid
Metro Boomin,Swae Lee - NAV - A Boogie Wit da Hoodie
Metro Boomin,The Weeknd - 21 Savage
Metro Boomin,Swae Lee - Travis Scott
Metro Boomin,A$AP Rocky - Takeoff
Metro Boomin,James Blake
Metro Boomin,Don Toliver - Future
Metro Boomin,Toian - BEAM - Don Toliver - Wizkid
Metro Boomin,Travis Scott - Future
Metro Boomin,Young Thug
Metro Boomin,21 Savage - Travis Scott
Metro Boomin,Offset - Drake
Metro Boomin,21 Savage - Travis Scott - Kodak Black
Metro Boomin,John Legend
Metro Boomin,Travis Scott
Metro Boomin,Coi Leray
Metro Boomin,Chris Brown - Future
Metro Boomin,Travis Scott - Young Thug
Metro Boomin,21 Savage - Young Nudy
Metro Boomin,21 Savage - Mustafa
MiC LOWRY,
Michael Bubl,
Michael Bubl,The Puppini Sisters
Michael Bubl,Shania Twain
Michael Jackson,
Michael Marcagi,
Michelle Williams,
Migos,
Migos,21 Savage
Migos,Lil Uzi Vert
Migos,Gucci Mane
Migos,DJ Khaled
Migos,Travis Scott - Young Thug
Migos,Drake
Migos,Travis Scott
Migos,Polo G
Migos,Nicki Minaj - Cardi B
Migos,Post Malone
Migos,Travis Scott - Ty Dolla $ign - Big Sean
Migrantes,Alico
Miguel,Travis Scott
Miguel,
Miguel Bueno,Juan Duque
Mike Perry,shy martin
Mike Posner,Seeb
Miksu / Macloud,t-low
Miksu / Macloud,Jamule - Luciano - Summer Cem
Miley Cyrus,
Miley Cyrus,Ghostface Killah
Miley Cyrus,Sean Ono Lennon - Mark Ronson
Miley Cyrus,Dua Lipa
Miley Cyrus,Brandi Carlile
Milky Chance,
Milly,Nio Garcia - Jay Wheeler - Amenazzy - Farruko
Milo j,
Mimi Webb,
Mitski,
Mneskin,
Money Man,Lil Baby
Monsieur Perin,Vicente Garcia
Montell Fish,
Montez,
Moon Taxi,
Mora,Jhayco
Mora,Quevedo
Mora,
Mora,Feid
Mora,Saiko
Mora,Sech
Mora,Bad Bunny - Sech
Morat,Duki
Morat,Feid
Morgan Wallen,
Morgan Wallen,ERNEST
Morgan Wallen,Eric Church
Mother Mother,
Mozzy,Sjava - REASON
Mr.Kitty,
Mr.Rain,
Mrcia Fellipe,Jerry Smith
Mumford & Sons,
Muni Long,
Mura Masa,A$AP Rocky
Murda,Ezhel
Musical Youth,
Mustard,A Boogie Wit da Hoodie - NAV - Playboi Carti
Mustard,Roddy Ricch
Mustard,Travis Scott
Mustard,Migos
My Chemical Romance,
Myke Towers,Bad Bunny
Myke Towers,
Myke Towers,Juhn
Myke Towers,benny blanco
Myke Towers,Farruko
Myke Towers,Arcngel - Zion - Sech - Farruko
Mykola Dmytrovych Leontovych,John Williams
Myles Smith,
N.E.R.D,Pharrell Williams - Rihanna
N.E.R.D,Rihanna - Drake
NATTAN,Z Felipe - O REI DA BATIDINHA
NATTI NATASHA,Becky G
NAV,Travis Scott
NAV,Travis Scott - Lil Baby
NAV,The Weeknd
NAV,Meek Mill
NAV,Gunna - Travis Scott
NAV,
NAV,Lil Uzi Vert
NAYEON,
NEIKED,Polo G - Mae Muller
NEIKED,Dyo
NF,
NF,Hopsin
NIKI,
NLE Choppa,
NLE Choppa,Lil Baby
NLE Choppa,Blueface
NLE Choppa,Roddy Ricch
NOTD,Bea Miller
NOTD,Felix Jaehn - Captain Cuts - Georgia Ku
Nacho,
Nacho,Yandel - Bad Bunny - Mambo Kingz - DJ Luian
Nadhif Basalamah,
Naomi Scott,
Nardo Wick,Lil Durk - 21 Savage - G Herbo
Nas,Kanye West
Nas,Diddy - 070 Shake
Nat King Cole,
Natalie Taylor,
Natanael Cano,Gabito Ballesteros - Peso Pluma
Natanael Cano,Nueva H
Natanael Cano,Oscar Maydon
Natanael Cano,
Natanzinho Lima,
Natasha Bedingfield,
Nathan Evans,220 KID - Billen Ted
Natti Natasha,Ozuna
Naughty Boy,Sam Smith
Nause,Pretty Sister
Ndotz,
Nea,Felix Jaehn
Nekfeu,Damso
Nelly Furtado,Timbaland
Nemo,
Nessa Barrett,
Neton Vega,Tito Double P
Neton Vega,
Neton Vega,Peso Pluma
Netta,
Nevada,Mark Morrison - Fetty Wap
New West,
NewJeans,
Niack,
Niall Horan,
Nick Jonas,Nicki Minaj
Nick Jonas,Anne-Marie - Mike Posner
Nick Jonas,Robin Schulz
Nicki Minaj,
Nicki Minaj,Ice Spice - Aqua
Nicki Minaj,Ariana Grande
Nicki Minaj,Lil Baby
Nicki Minaj,Lil Uzi Vert
Nicki Minaj,Anuel AA - Bantu
Nicki Minaj,Eminem - Labrinth
Nicki Minaj,Drake
Nicki Minaj,Lil Wayne - Drake
Nicki Minaj,Lil Wayne
Nicky Jam,Feid
Nicky Jam,Sech
Nicky Jam,
Nicky Jam,Romeo Santos
Nicky Jam,Will Smith - Era Istrefi
Nicky Jam,Daddy Yankee
Nicky Jam,Myke Towers
Nicky Jam,Wisin
Nicky Jam,Ozuna
Nicky Jam,Anuel AA
Nicky Jam,J Balvin
Nicky Jam,Maluma - Ozuna - J Balvin
Nicky Youre,dazy
Nilo,FamousKyo - Mc Paiva ZS - DJ Di Marques
Nimo,
Nimo,Hava
Nina Chuba,
Ninho,
Ninho,Niska
Nio Garcia,Flow La Movie
Nio Garcia,Bad Bunny - J Balvin
Nio Garcia,Brray - Anuel AA - Juanka - Myke Towers
Nio Garcia,Casper Magico - Bad Bunny - Nicky Jam - Darell - Ozuna
Nio Garcia,Flow La Movie - Casper Magico - Wisin & Yandel - Myke Towers - Ozuna
Nipsey Hussle,Roddy Ricch - Hit-Boy
Nirvana,
Noah Cyrus,XXXTENTACION
Noah Cyrus,
Noah Cyrus,Labrinth
Noah Kahan,
Noah Kahan,Post Malone
Noah Kahan,Hozier
Noriel,Almighty - Rauw Alejandro - Myke Towers
Norm Ender,
Normani,Calvin Harris - Wizkid
Normani,
Normani,Cardi B
Nuzio Medeiros,Kadu Martins - Henry Freitas
Oasis,
Octavian,Skepta
Odetari,
Ofenbach,
Ofenbach,Quarterhead - Norma Jean Martine
Ofenbach,Norma Jean Martine
Ofenbach,Lagique
Offset,Cardi B
Offset,JID
Offset,J. Cole
Offset,21 Savage - Travis Scott
Offset,
Offset,Metro Boomin
Offset,Travis Scott
Oimara,
Oliver Anthony Music,
Oliver Tree,
Oliver Tree,Robin Schulz
Olivia Holt,
Olivia Rodrigo,
Olivia Rodrigo,Disney
Olly,JVLI
Olly,Juli
Omah Lay,Justin Bieber
Omar Apollo,
Omar Courtz,De La Rose
Omar Montes,Bad Gyal
One Direction,
OneRepublic,
OneRepublic,Seeb
OneRepublic,Logic
Oruam,MC Tuto - Dj Lc da Roa - Z Felipe - Mc Rodrigo do CN - mc pl alves - MC K9
Os Bares Da Pisadinha,Xand Avio
Os Bares Da Pisadinha,Jorge
Os Bares Da Pisadinha,
Oscar Maydon,Neton Vega
Oscar Maydon,Gabito Ballesteros - Chino Pacas
Oscar Maydon,Junior H
Oscar Maydon,Fuerza Regida
Oscar Ortiz,Edgardo Nuez
Outkast,
Oxlade,
Ozuna,
Ozuna,Arthur Hanlon
Ozuna,J Balvin - Daddy Yankee - Anuel AA - Farruko
Ozuna,Anuel AA
Ozuna,KAROL G - Myke Towers
Ozuna,Doja Cat - Sia
Ozuna,Camilo
Ozuna,Romeo Santos
Ozuna,Feid
Ozuna,Cardi B
Ozuna,J Balvin
Ozuna,Almighty - Wisin - Bad Bunny - Mambo Kingz - DJ Luian
Ozuna,Chencho Corleone - J Balvin
Ozuna,Manuel Turizo
P!nk,
P!nk,Willow Sage Hart
P!nk,Khalid
P!nk,Nate Ruess
P!nk,Eminem
PARTYNEXTDOOR,Rihanna
PARTYNEXTDOOR,Drake
PARTYNEXTDOOR,
PARTYNEXTDOOR,Drake - Yebba
PEDRO SAMPAIO,Mc Pedrinho
PEDRO SAMPAIO,
PEDRO SAMPAIO,Felipe Original - JS o Mo de Ouro
PNL,
PSY,SUGA
PUBLIC,
Pablito Pesadilla,Nickoog Clk - Polim Westcoast - Fran C
Pablo Pesadilla,Nickoog Clk - Polim Westcoast - Fran C
Paloma Faith,
Paloma Mami,
Pamungkas,
Panic! At The Disco,
Paramore,
Parangol,Leo Santana
Pashanim,
Passenger,
Paul McCartney,
Paul Rosenberg,
Paul Russell,
Paulo Londra,Feid
Paulo Londra,
Paulo Londra,Lenny Tavrez
Paulo Londra,Duki
Paulo Londra,Justin Quiles - De La Ghetto
Paulo Pires,Mc Danny - Marcynho Sensao
Peach Tree Rascals,
Pedro Cap,Farruko
Peggy Gou,
Pentatonix,
Perry Como,Mitchell Ayres & His Orchestra - The Fontane Sisters
Peso Pluma,Anitta
Peso Pluma,Jasiel Nuez - Junior H
Peso Pluma,
Peso Pluma,Natanael Cano
Peso Pluma,Eslabon Armado - Junior H
Peso Pluma,Neton Vega
Peso Pluma,Tito Double P
Peso Pluma,Tito Double P - Joel De La P
Peso Pluma,Gabito Ballesteros - Junior H
Peso Pluma,Jasiel Nuez
Peso Pluma,Junior H
Peso Pluma,Blessd
Peso Pluma,Oscar Maydon - Junior H
Peso Pluma,Luis R Conriquez
Peso Pluma,Kenia OS
Peso Pluma,Grupo Frontera
Peso Pluma,Gabito Ballesteros - Natanael Cano
Peso Pluma,Edgardo Nuez - Los Dareyes De La Sierra
Peter Manos,
Petit Biscuit,
Petter Ferraz,Menor Nico
Pharrell Williams,21 Savage - The Creator - Tyler
Pharrell Williams,Miley Cyrus
Pharrell Williams,Travis Scott
Pharrell Williams,
Pharrell Williams,Camila Cabello
Pimmie,Drake - PARTYNEXTDOOR
Pineapple StormTv,L7NNON - Tz da Coronel - Chris MC - MC Cabelinho - Lusa Sonza - N.I.N.A - Salve Malak - Xam - Chefin - Oruam
Pink Sweat$,
PinkPantheress,Ice Spice
PinkPantheress,
Piso 21,
Piso 21,Manuel Turizo
Piso 21,Maluma
Piso 21,Christian Nodal
Piso 21,Paulo Londra
Piso 21,Micro TDH
Pitbull,Nayer - AFROJACK - Ne-Yo
Pitbull,Camila Cabello - J Balvin
Pitbull,Kesha
Plan B,
Playboi Carti,
Playboi Carti,Jhen Aiko - Kendrick Lamar
Playboi Carti,Travis Scott - Future
Playboi Carti,Travis Scott
Playboi Carti,Kendrick Lamar
Playboi Carti,Lil Uzi Vert
Playboi Carti,The Weeknd
Playboi Carti,Skepta
Playboi Carti,Future
Playboi Carti,Young Thug - Ty Dolla $ign
PnB Rock,
Polim Westcoast,Pailita
Polim Westcoast,Paloma Mami - De La Ghetto - Pailita - Feid
Polo G,
Polo G,Lil Baby
Polo G,Fivio Foreign - Pop Smoke
Polo G,Juice WRLD
Polo G,Lil Wayne
Polo G,Stunna 4 Vegas - Mike WiLL Made-It - NLE Choppa
Polo G,Lil Durk - The Kid LAROI
Polo G,Lil Tjay
Poo Bear,Jay Electronica - Justin Bieber
Pooh Shiesty,Lil Durk
Pop Smoke,
Pop Smoke,Quavo
Pop Smoke,42 Dugg - 21 Savage
Pop Smoke,Rah Swish
Pop Smoke,Swae Lee
Pop Smoke,Dua Lipa
Pop Smoke,KAROL G
Pop Smoke,DaBaby - Lil Baby
Pop Smoke,Lil Tjay - Swae Lee
Pop Smoke,A Boogie Wit da Hoodie
Pop Smoke,Rowdy Rebel
Pop Smoke,Rick Ross - The-Dream
Pop Smoke,Lil Tjay
Pop Smoke,Quavo - Future
Pop Smoke,Kanye West - Pusha T
Pop Smoke,Roddy Ricch - 50 Cent
Pop Smoke,Tyga - Quavo
Pop Smoke,Chris Brown
Portugal. The Man,
Post Malone,
Post Malone,Nicki Minaj
Post Malone,Chris Stapleton
Post Malone,Quavo
Post Malone,Roddy Ricch
Post Malone,Halsey - Future
Post Malone,DaBaby
Post Malone,Young Thug
Post Malone,Luke Combs
Post Malone,Gunna
Post Malone,Morgan Wallen
Post Malone,Doja Cat
Post Malone,Fleet Foxes
Post Malone,Meek Mill - Lil Baby
Post Malone,The Weeknd
Post Malone,Blake Shelton
Post Malone,Ty Dolla $ign
Post Malone,YG - G-Eazy
Post Malone,Swae Lee
Post Malone,SZA
Post Malone,Travis Scott - Ozzy Osbourne
Post Malone,The Kid LAROI
Post Malone,Roddy Ricch - Tyga
Post Malone,Tim McGraw
Post Malone,21 Savage
Powfu,beabadoobee
Prince Royce,Shakira
Prince Royce,
Pritam,Amitabh Bhattacharya - Arijit Singh
Pusha T,
Pusha T,Don Toliver - Lil Uzi Vert
Pusha T,Kanye West
Quality Control,DaBaby - Lil Baby
Quavo,
Quavo,Drake
Quavo,Lil Baby
Quavo,21 Savage
Quavo,Travis Scott
Quavo,Lana Del Rey
Queen,
Queen,David Bowie
Quevedo,
Quevedo,Saiko
Quevedo,Myke Towers
Quevedo,Ovy On The Drums
R3HAB,A Touch Of Class
R3HAB,Quintino
RAF Camora,Luciano
RAF Camora,
RAF Camora,Bonez MC
RAYE,070 Shake
RIN,
RIN,Bausa
RM,
RM,Anderson .Paak
RM,Youjeen
ROS,Bruno Mars
ROS,
ROSALA,
ROSALA,Rauw Alejandro
ROSALA,El Guincho - J Balvin
ROSALA,The Weeknd
ROSALA,Travis Scott
ROSALA,Ozuna
Ra Saia Rodada,
Radiohead,
Rae Sremmurd,Gucci Mane
Rae Sremmurd,Swae Lee - Travis Scott - Slim Jxmmi
Rae Sremmurd,Swae Lee - Slim Jxmmi
Rae Sremmurd,Swae Lee - Slim Jxmmi - Juicy J
Rae Sremmurd,
Rag'n'Bone Man,
Raim Laode,
Ram Sampath,Prashant Pandey - Arijit Singh
Rammstein,
Ramz,
Rauw Alejandro,Mr. Naisgai
Rauw Alejandro,Bizarrap
Rauw Alejandro,
Rauw Alejandro,J Balvin
Rauw Alejandro,Chencho Corleone
Rauw Alejandro,KEVVO - Dalex - Lyanno - Bryant Myers - Chencho Corleone
Rauw Alejandro,Dmelo Flow - Dalex - Lenny Tavrez
Rauw Alejandro,Farruko
Rauw Alejandro,NATTI NATASHA - Anuel AA - Farruko - Lunay
Rauw Alejandro,Romeo Santos
Rauw Alejandro,Lyanno - Brray
Rauw Alejandro,Baby Rasta
Rauw Alejandro,Bad Bunny
Rauw Alejandro,Nicky Jam
Rauw Alejandro,Anuel AA
Rauw Alejandro,Feid
Rauw Alejandro,Laura Pausini
Rauw Alejandro,Camilo
Ravyn Lenae,
Ray Parker Jr.,
RealestK,
Red Hot Chili Peppers,
Red Velvet,
Red Velvet - IRENE & SEULGI,
Regard,
Regard,RAYE
Regard,Tate McRae - Troye Sivan
Reik,Maluma
Reik,J Balvin - Lalo Ebratt
Reik,Wisin - Ozuna
Rels B,Lia Kali
Rels B,Junior H
Rels B,
Rema,
Rema,Selena Gomez
Residente,Bad Bunny
Residente,
Rex Orange County,
Reynmen,
Riar Saab,Abhijay Sharma
Rich Amiri,
Rich Music LTD,Dalex - Sech - Justin Quiles - Feid - Lenny Tavrez
Rich Music LTD,Dalex - Sech - Wisin - Justin Quiles - Feid - Zion - Lenny Tavrez
Rich The Kid,Lil Wayne
Rich The Kid,Kendrick Lamar
Rich The Kid,
Richy Mitch & The Coal Miners,
Rick Ross,Drake
Ricky Martin,Maluma
Rihanna,
Rihanna,Mikky Ekko
Rihanna,JAY-Z
Rihanna,Calvin Harris
Rihanna,Drake
Rita Ora,
Rita Ora,Charli XCX - Bebe Rexha - Cardi B
Riton,Nightcrawlers - Mufasa & Hypeman - Dopamine
Riton,Vula - Oliver Heldens
Ritt Momney,
Rkomi,
Rob $tone,J. Davi$ - J Spooks
Robin Schulz,Wes
Robin Schulz,KIDDO
Robin Schulz,Alida
Robin Schulz,James Blunt
Robin Schulz,David Guetta - Cheat Codes
Robin Schulz,Erika Sirola
Robin Schulz,Francesco Yates
Rochy RD,Nicki Nicole - Myke Towers
Rockwell,
Rod Wave,
Rod Wave,ATR Son Son
Rod Wave,Lil Baby
Rod Wave,Polo G
Roddy Ricch,Mustard
Roddy Ricch,Meek Mill
Roddy Ricch,Gunna
Roddy Ricch,
Roddy Ricch,A Boogie Wit da Hoodie
Romeo Santos,Daddy Yankee - Nicky Jam
Romeo Santos,ROSALA
Romeo Santos,
Rosa Linn,
Rosa Walton,Hallie Coggins
Rudimental,Anne-Marie - Major Lazer - Mr Eazi
Rudimental,James Arthur
Rudimental,Dan Caplen - Macklemore - Jess Glynne
Rusherking,Duki - LIT killah - Maria Becerra - Tiago PZK - KHEA
Russ,Ed Sheeran
Russ,
Russ Millions,Tion Wayne
Ruth B.,
Rvssian,Anuel AA - Juice WRLD
Rvssian,Chris Brown - Rauw Alejandro
Rvssian,Sfera Ebbasta
Rvssian,Rauw Alejandro - Ayra Starr
Ryan Castro,
Ryan Castro,Peso Pluma - SOG
Ryan Gosling,Emma Stone
Ryan Gosling,
S1mba,DTG
S3BZS,
S3BZS,Mc Gw - Mc Menor Do Alvorada
SAIKO,JC Reyes - Dei V
SAIKO,Quevedo - Feid - Mora
SAINt JHN,Imanbek
SALES,
SEVENTEEN,
SHAED,
SHAED,ZAYN
SOB X RBE,
SUICIDAL-IDOL,
SZA,
SZA,Kendrick Lamar
SZA,Phoebe Bridgers
SZA,Pharrell Williams - Ty Dolla $ign - The Neptunes
SZA,Doja Cat
SZA,Travis Scott
SZA,The Weeknd - Travis Scott - Game of Thrones
SZA,Justin Bieber
SZA,Justin Timberlake
SZA,Calvin Harris - Funk Wav
SZA,Don Toliver
Sabrina Carpenter,
Sabrina Carpenter,Jonas Blue
Sachet-Parampara,Parampara Tandon - Kausar Munir
Sachin-Jigar,Madhubanti Bagchi - Divya Kumar - Amitabh Bhattacharya
Sachin-Jigar,Amitabha Bhattacharya - Arijit Singh
Sachin-Jigar,Shadab Faridi - Amitabh Bhattacharya - Altamash Faridi - Varun Jain
Sage The Gemini,
Saiko,Quevedo - Feid - Mora
Sal Priadi,
Salmo,
Salmo,Sfera Ebbasta
Salmo,NSTASIA
Salmo,Fabri Fibra
Sam Barber,Avery Anna
Sam Feldt,RANI
Sam Fischer,
Sam Fischer,Demi Lovato
Sam Hunt,
Sam Ryder,
Sam Smith,
Sam Smith,Normani
Sam Smith,Calvin Harris - Jessie Reyez
Sam Smith,Demi Lovato
Sam Smith,Burna Boy
Sam Smith,Yebba
Sam Smith,Kim Petras
Samra,
Samra,Capital Bra
Samra,ELIF
San Holo,
Sara Kays,
Sarah Cothran,
Saweetie,Doja Cat
Saweetie,
Saweetie,DaBaby - Post Malone - Jack Harlow
ScHoolboy Q,Travis Scott
ScHoolboy Q,21 Savage
ScHoolboy Q,
ScHoolboy Q,2 Chainz - Saudi
Seafret,
Sean Paul,J Balvin
Sean Paul,David Guetta - Becky G
Sean Paul,Dua Lipa
Sebastian Yatra,Nacho - Wisin
Sebastian Yatra,Guaynaa
Sebastian Yatra,
Sebastian Yatra,Myke Towers
Sebastian Yatra,Lary Over - Luis Figueroa
Sebastian Yatra,NATTI NATASHA - Daddy Yankee - Jonas Brothers
Sebastian Yatra,Dalmata
Sebastian Yatra,Reik
Sebastian Yatra,Manuel Turizo - Bele
Sebastian Yatra,Mau y Ricky
Sech,
Sech,Jhayco
Sech,Daddy Yankee
Sech,J Balvin
Sech,Darell
Sech,Darell - Ozuna - Anuel AA - Nicky Jam
Sech,Dalex - Farruko - Justin Quiles - Maluma - Nicky Jam - Lenny Tavrez
Sech,J Balvin - Daddy Yankee - ROSALA - Farruko
Sech,Ozuna
Seeb,Dagny
Sefo,
Selena Gomez,Camilo
Selena Gomez,Kid Cudi
Selena Gomez,
Selena Gomez,Rauw Alejandro
Selena Gomez,Gracie Abrams - benny blanco
Selena Gomez,6LACK
Selena Gomez,Myke Towers
Selena Gomez,Gucci Mane
Selena Gomez,benny blanco
Selena Gomez,The Maras - benny blanco
Selena Gomez,Marshmello
Semicenk,Dou Swag
Sevdaliza,Pabllo Vittar - Yseult
Sevdaliza,Villano Antillano - Tokischa
Sexyy Red,Bruno Mars
Sexyy Red,
Sfera Ebbasta,Future
Sfera Ebbasta,J Balvin
Sfera Ebbasta,Quavo
Sfera Ebbasta,
Sfera Ebbasta,Diplo
Sfera Ebbasta,DrefGold
Sfera Ebbasta,Marracash - Gu
Shablo,Geolier - Sfera Ebbasta
Shaboozey,
Shae Gill,Ali Sethi
Shakin' Stevens,
Shakira,
Shakira,Maluma
Shakira,Manuel Turizo
Shakira,Fuerza Regida
Shakira,Wyclef Jean
Shakira,Anuel AA
Shakira,Ozuna
Shakira,Nicky Jam
Shakira,Cardi B
Shakira,Rauw Alejandro
Shawn Hook,Vanessa Hudgens
Shawn Mendes,
Shawn Mendes,Julia Michaels
Shawn Mendes,Zedd
Shawn Mendes,Justin Bieber
Shawn Mendes,Camila Cabello
Shawn Mendes,Tainy
Shawn Mendes,Khalid
Sheck Wes,
Shindy,Shirin David
Shindy,
Shirin David,
Shirin David,GIMS
Shiva,Eiffel 65
Shouse,David Guetta
Shouse,
Shubh,
SiM,
Sia,Diplo - Labrinth - LSD
Sia,
Sia,David Guetta
Sia,Kendrick Lamar
Sidhu Moose Wala,
Sido,Apache 207
Sigala,Ella Eyre
Sigala,Paloma Faith
Silk City,Diplo - Dua Lipa - Mark Ronson
Silk City,Diplo - Dua Lipa - Mark Ronson
Simone Mendes,
Ski Mask The Slump God,
Ski Mask The Slump God,Juice WRLD
Skrillex,Don Toliver - Justin Bieber
Skrillex,Fred again.. - Flowdan
Skrillex,Poo Bear
Sky Rompiendo,Myke Towers - Feid
Skylar Grey,Mozzy - Eminem - Polo G
Slade,
Sleep Token,
Sleepy Hallow,
Sleepy Hallow,Doechii
Sleepy Hallow,Foushe
Sleepy Hallow,347aidan
Slimane,
Slipknot,
Smiley,Drake
Smokepurpp,Lil Pump
Snakehips,M
Social House,Lil Yachty
Sofa Reyes,Jason Derulo - De La Ghetto
Sofa Reyes,Anitta - Rita Ora
Sofia Carson,
Solange,
Sophie Ellis-Bextor,
Soso Maness,PLK
Southside,Travis Scott - Future
Stan Kenton,
Stanaj,NOTD
StarBoi3,Doja Cat
Stargate,P!nk - Sia
Starley,Ryan Riback
State of Sound,
StaySolidRocky,
StaySolidRocky,Lil Uzi Vert
Stephanie Beatriz,Olga Merediz - Encanto - Cast
Stephanie Beatriz,
Stephen Sanchez,
Stephen Sanchez,Em Beihold
Steve Aoki,Lauren Jauregui
Steve Aoki,Louis Tomlinson
Steve Aoki,BTS
Steve Lacy,
Stevie Wonder,
Stormzy,
Stormzy,Burna Boy - Ed Sheeran
Stray Kids,
Stray Kids,Charlie Puth
Stromae,
Stromae,Arcane - Pomme
Studio Killers,
Sub Urban,
Sub Urban,Bella Poarch
Summer Cem,Capital Bra
Summer Cem,Luciano
Summer Walker,Usher
Summer Walker,Drake
Summer Walker,SZA
Summer Walker,Bryson Tiller
Super Yei,Beltito - Osquel - Sammy - Sammy & Falsetto - Towy - Jone Quest
SuperM,
Superstar Pride,
Surf Curse,
Surf Mesa,Emilee
Surfaces,
Swae Lee,Drake
Swedish House Mafia,The Weeknd
TAEYANG,LISA
TAEYANG,Jimin
THE ANXIETY,Tyler Cole - WILLOW
THE BOX,MC Tuto - Mc Brinquedo - MC Cebezinho - Mc Laranjinha
THE SCOTTS,Kid Cudi - Travis Scott
TINI,L-Gante
TINI,
TINI,Anitta - Becky G
TINI,Maria Becerra
TINI,La Joaqui - Steve Aoki
TINI,Sebastian Yatra
TOKYOS REVENGE,
TOMORROW X TOGETHER,
TOMORROW X TOGETHER,Anitta
TOTO,
TREASURE,
TV Girl,
TWENTY SIX,Tayson Kryss
TWICE,
TWISTED,Oliver Tree
Tai Verdes,
Tainy,Ozuna - Anuel AA
Tainy,J Balvin
Tainy,Daddy Yankee - Sech - Feid
Tainy,Bad Bunny - Julieta Venegas
Tainy,Bad Bunny
Tainy,Arcngel - Arca - Jhayco - Myke Towers - Omar Courtz
Taiu,Milo j
Takeoff,
Tame Impala,
Tanishk Bagchi,Jubin Nautiyal - Asees Kaur
Tarcsio do Acordeon,
Tarcsio do Acordeon,Marcynho Sensao
Tate McRae,
Tate McRae,The Kid LAROI
Tate McRae,Flo Milli
Tate McRae,Khalid
Tay-K,
Taylor Swift,
Taylor Swift,Kendrick Lamar
Taylor Swift,Colbie Caillat
Taylor Swift,Hayley Williams
Taylor Swift,Fall Out Boy
Taylor Swift,Ed Sheeran - Future
Taylor Swift,Ed Sheeran
Taylor Swift,Florence + The Machine
Taylor Swift,Post Malone
Taylor Swift,Chris Stapleton
Taylor Swift,Ice Spice
Taylor Swift,Shawn Mendes
Taylor Swift,Brendon Urie - Panic! At The Disco
Taylor Swift,Phoebe Bridgers
Taylor Swift,Lana Del Rey
Taylor Swift,The Chicks
Taylor Swift,Keith Urban
Taylor Swift,Gary Lightbody
Taylor Swift,Maren Morris
Taylor Swift,The National
Taylor Swift,Bon Iver
Taylor Swift,HAIM
Tears For Fears,
Teddy Swims,
Tee Grizzley,Lil Pump
Tenxi,Naykilla - Jemsii
Teto,
Thalia,Natti Natasha
The 1975,
The Academy: Segunda Misin,Dalex - Sech - Dmelo Flow - Justin Quiles - Myke Towers - Lenny Tavrez
The Beach Boys,
The Beatles,
The Carters,
The Chainsmokers,Phoebe Ryan
The Chainsmokers,
The Chainsmokers,Bebe Rexha
The Chainsmokers,Halsey
The Chainsmokers,blow - Ty Dolla $ign
The Chainsmokers,Daya
The Chainsmokers,Emily Warren
The Chainsmokers,Kygo
The Chainsmokers,Winona Oak
The Chainsmokers,Louane
The Chainsmokers,Florida Georgia Line
The Chainsmokers,ROZES
The Chainsmokers,XYL
The Chainsmokers,Drew Love
The Chainsmokers,Coldplay
The Chainsmokers,ILLENIUM - Lennon Stella
The Chainsmokers,Kelsea Ballerini
The Chainsmokers,Jhen Aiko
The Chainsmokers,5 Seconds of Summer
The Citizens of Halloween,
The Cranberries,
The Cratez,Bonez MC
The Game,Kanye West
The Goo Goo Dolls,
The Jackson 5,
The Kid LAROI,
The Kid LAROI,Juice WRLD
The Kid LAROI,Polo G - Stunna Gambino
The Kid LAROI,Justin Bieber
The Kid LAROI,Central Cee - Jung Kook
The Kid LAROI,YoungBoy Never Broke Again - Internet Money
The Kid LAROI,Miley Cyrus
The Killers,
The Lantis,
The Maras,
The Moonglows,
The Neighbourhood,
The Outfield,
The Pogues,Kirsty MacColl
The Police,
The Rare Occasions,
The Ronettes,
The Rudeboyz,Manuel Turizo - Jowell & Randy
The Script,
The Vamps,Matoma
The Walters,
The Weavers,
The Weeknd,
The Weeknd,ROSALA
The Weeknd,Ariana Grande
The Weeknd,Future
The Weeknd,The Creator - Tyler
The Weeknd,Gesaffelstein
The Weeknd,Daft Punk
The Weeknd,Lil Wayne
The Weeknd,Doja Cat
The Weeknd,JENNIE - Lily-Rose Depp
The Weeknd,Madonna - Playboi Carti
The Weeknd,Kendrick Lamar
The Weeknd,Florence + The Machine - Travis Scott
The Weeknd,A$AP Rocky - Young Thug
The Weeknd,Anitta
The Weeknd,Lana Del Rey
The Weeknd,Playboi Carti
The Weeknd,Justice
The White Stripes,
The xx,
Thiaguinho MT,Mila - JS o Mo de Ouro
Thirty Seconds To Mars,
Thomas Gold,Jillian Edwards
Thomas Rhett,Maren Morris
Thomas Rhett,
ThxSoMch,
Tiago PZK,LIT killah
Tiago PZK,LIT killah - Maria Becerra - Nicki Nicole
Tiago PZK,Ozuna
Tiago PZK,Ke Personajes
Tiago PZK,Trueno
Tinashe,
Tion Wayne,ArrDee - Buni - E1 (3x3) - Bugzy Malone - Russ Millions - Darkoo - Fivio Foreign - ZT (3x3)
Tisto,Tate McRae
Tisto,KAROL G
Tisto,Charli XCX
Tisto,Preme - Dzeko - Post Malone
Tisto,
Tisto,Bright Sparks
Tisto,Rita Ora - Jonas Blue
Tisto,Ava Max
Tito Double P,Junior H
Tito Double P,Grupo Frontera
Tito Double P,Luis R Conriquez - Joel De La P
Tito Double P,Peso Pluma
Tito Double P,
Tito Double P,Chino Pacas
Tokischa,ROSALA
Tom Grennan,
Tom Odell,
Tom Petty,
Tom Walker,
Tommy Richman,
Tones And I,
Tony Bennett,
Topic,A7S
Tory Lanez,
Tory Lanez,Tyga - Quavo
Tory Lanez,T-Pain
Tory Lanez,Gunna
Tory Lanez,Chris Brown
Tove Lo,
Train,
Travis Scott,
Travis Scott,The Weeknd - Swae Lee
Travis Scott,Beyonc
Travis Scott,Playboi Carti
Travis Scott,M.I.A. - Young Thug
Travis Scott,HVME
Travis Scott,ROSALA - Lil Baby
Travis Scott,The Weeknd - Bad Bunny
Travis Scott,Kid Cudi
Travis Scott,Westside Gunn
Travis Scott,Drake
Travis Scott,Teezo Touchdown
Travis Scott,Dave Chappelle - Yung Lean
Travis Scott,Young Thug
Travis Scott,SZA - Future
Travis Scott,21 Savage - James Blake
Travis Scott,21 Savage - Rob49
Travis Scott,Lil Uzi Vert - Kanye West
Trevor Daniel,
Trevor Daniel,Selena Gomez
Treyce,
Trinidad Cardona,
Trio Vegabajeo,
Trippie Redd,
Trippie Redd,Juice WRLD
Trippie Redd,YNW Melly - Juice WRLD
Trippie Redd,DaBaby
Trippie Redd,PARTYNEXTDOOR
Trippie Redd,Lil Uzi Vert
Trippie Redd,Lil Duke - Lil Baby
Trippie Redd,Playboi Carti
Trippie Redd,Lil Durk - Polo G
Tropa do Bruxo,Triz - Mc Menor Thalis - SMU - DJ Ws da Igrejinha
Tropkillaz,ZAAC - Anitta - J Balvin
Troye Sivan,
Troye Sivan,Ariana Grande
True Damage,JEON SOYEON - League of Legends - Thutmose - Keke Palmer - Duckwrth - Becky G
Trueno,
Trueno,Bizarrap - Taiu - TATOOL - Nicki Nicole
Tulus,
Twenty One Pilots,
Twenty One Pilots,Arcane - League of Legends
Ty Dolla $ign,21 Savage
Ty Dolla $ign,Skrillex - FKA twigs - Kanye West
Ty Dolla $ign,Gucci Mane - Quavo
Ty Dolla $ign,Post Malone
Tyga,
Tyga,Nicki Minaj
Tyga,Doja Cat
Tyga,Rich The Kid - G-Eazy
Tyga,Chris Brown - J Balvin
Tyga,YG - Santana
Tyga,Offset
Tyla,Gunna - Skillibeng
Tyla,
Tyla Yaweh,Post Malone
Tyler,Frank Ocean - The Creator - Steve Lacy
Tyler,The Creator
Tyler,The Creator - Doechii
Tyler,Rex Orange County - The Creator - Anna of the North
Tyler,The Creator - Teezo Touchdown
Tyler,Lil Wayne - The Creator
Tyler,Pharrell Williams - The Creator - Lil Uzi Vert
Tyler,42 Dugg - The Creator
Tyler,Lola Young - The Creator
Tyler,The Creator - Domo Genesis
Tyler,The Creator - DAISY WORLD
Tyler,DJ Drama - The Creator
Tyler,The Creator - Brent Faiyaz - Fana Hues
Tyler,The Creator - Kali Uchis
Tyler,The Creator - Daniel Caesar
Tyler,Lil Wayne - The Creator - GloRilla - Sexyy Red
Tyler,The Creator - Daniel Caesar - LaToiya Williams
Tyler,The Creator - Santigold - ScHoolboy Q
Tyler,The Creator - YoungBoy Never Broke Again - Ty Dolla $ign
Tyler,The Creator - A$AP Rocky
UMI,V
USHER,Pitbull
USHER,Alicia Keys
USHER,Ludacris - Lil Jon
UZI,
Udo Lindenberg,Apache 207
Ufo361,
Ufo361,Future
Ufo361,CLINE
Ufo361,Luciano
Ufo361,RIN
Ufo361,RAF Camora
Ufo361,Sonus030
Ufo361,Data Luv
Ufo361,Ezhel
Ultimo,
V,
V,Bing Crosby
V,Park Hyo Shin
VIZE,Tom Gregory
VRIT,
Valentino Merlo,The La Planta
Vance Joy,
Varun Jain,Amitabh Bhattacharya - Shadab Faridi - Sachin-Jigar - Altamash Faridi
Varun Jain,Amitabh Bhattacharya - Altamash Faridi
Vedo,
Vegedream,
Veigh,Bvga Beatz - Supernova Ent - Prod Malax
Veysel,Gzuz
Vice,Jon Bellion
Vice,Jasmine Thompson - Skizzy Mars
Vicetone,Tony Igy
Victor Cibrian,
Victor Mendivil,Oscar Maydon
Victor Valverde,JR Torres
Vince Guaraldi Trio,
Vince Staples,Yugen Blakrok
Vishal Mishra,Raj Shekhar
Vishal-Shekhar,Shilpa Rao - Vishal Dadlani - Kumaar - Shekhar Ravjiani - Caralisa Monteiro
Vishal-Shekhar,Arijit Singh - Vishal Dadlani - Kumaar - Sukriti Kakar - Shekhar Ravjiani
Vulgo FK,Pedro Lotto - MC PH - Veigh - Fepache
Vundabar,
W Sound,Bele - Ovy On The Drums
W Sound,Blessd - Ovy On The Drums
WALK THE MOON,
WILLOW,
WILLOW,Travis Barker
WIU,
WOS,
Walker Hayes,
Wallows,Clairo
Wesley Safado,Os Bares Da Pisadinha
Wham!,
WhoHeem,
Why Don't We,
Why Don't We,Macklemore
Wisin,Ozuna
Wisin,Los Legendarios - Jhayco - Anuel AA - Myke Towers
Wisin,Los Legendarios - Myke Towers
Wisin,
Wisin & Yandel,Romeo Santos
Wisin & Yandel,ROSALA
Wisin & Yandel,
Wiz Khalifa,Lil Skies
Wiz Khalifa,Swae Lee
WizTheMc,bees & honey
Wizkid,Tems - Justin Bieber
Wizzard,
Wolfine,
Wolfine,Maluma
Woodkid,Arcane - League of Legends
XXXTENTACION,Matt Ox
XXXTENTACION,
XXXTENTACION,Swae Lee - Maluma - Lil Pump
XXXTENTACION,Trippie Redd
XXXTENTACION,Judah - Rio Santana - Andrez Babii
XXXTENTACION,Travis Barker - Kanye West
XXXTENTACION,Travis Barker
XXXTENTACION,Vybz Kartel - Stefflon Don - Ky-Mani Marley
XXXTENTACION,PnB Rock
XXXTENTACION,Trippie Redd - PnB Rock
XXXTENTACION,Joey Bada$$
Xam,Neo Beats - Bagua Records - Gustah
Xavi,
Xavi,Manuel Turizo
Xavi,Tony Aguirre
Xavi,Los Dareyes De La Sierra
Y2K,bbno$
YBN Nahmir,
YG,2 Chainz - Nicki Minaj - Big Sean
YG,Tyga - Jon Z
YG Marley,
YNW Melly,9lokknine
YNW Melly,Kanye West
YNW Melly,
YNW Melly,Juice WRLD
YOASOBI,
YUNGBLUD,Halsey - Travis Barker
Yahritza Y Su Esencia,Grupo Frontera
Yahritza Y Su Esencia,
Yandel,Bad Bunny
Yandel,Wisin
Yandel,Feid
Yandel,Daddy Yankee - Feid
Years & Years,
Yeat,
Yng Lvcas,
Yng Lvcas,Peso Pluma
Yo Gotti,Nicki Minaj
Yohani,Jubin Nautiyal - Surya Ragunaathan - Rashmi Virag - Tanishk Bagchi
Young M.A,
Young Miko,
Young Miko,Feid
Young Stoner Life,Gunna - Travis Scott - Young Thug
Young Stoner Life,Gunna - Young Thug
Young Stoner Life,Gunna - Drake - Young Thug
Young Thug,Lil Baby
Young Thug,Travis Scott - Drake
Young Thug,Gunna - Lil Baby - Young Stoner Life
Young Thug,Wiz Khalifa - 2 Chainz - PnB Rock
Young Thug,Travis Scott
Young Thug,Gunna - Travis Scott
Young Thug,Gunna
Young Thug,A$AP Rocky - Post Malone
Young Thug,Drake
Young Thug,Future
Young Thug,Jaden
Young Thug,Travis Scott - J. Cole
Young Thug,Lil Uzi Vert
YoungBoy Never Broke Again,
Yung Gravy,
Yung Lean,
Yuridia,ngela Aguilar
Z Felipe,MC Mari
Z Felipe,
Z Felipe,Marcynho Sensao
Z Felipe,Mc Danny
Z Felipe,Wesley Safado - Igow
Z Neto & Cristiano,
ZAAC,Tyga - Anitta
ZAYN,Zhavia
ZAYN,
ZAYN,Sia
ZAYN,Taylor Swift
ZAYN,PARTYNEXTDOOR
ZICO,JENNIE
Zac Efron,Zendaya
Zacari,Babes Wodumo
Zacari,
Zach Bryan,
Zach Bryan,Bon Iver
Zach Bryan,The War and Treaty
Zach Bryan,Sierra Ferrell
Zach Bryan,Kacey Musgraves
Zach Bryan,Noah Kahan
Zach Bryan,The Lumineers
Zara Larsson,
Zara Larsson,Ty Dolla $ign
Zay Hilfigerrr,Zayion McCall
Zedd,Katy Perry
Zedd,Liam Payne
Zedd,Kehlani
Zedd,Elley Duh
Zedd,Alessia Cara
Zedd,Grey - Maren Morris
Zeynep Bastk,
Zion & Lennox,
Zion & Lennox,J Balvin
Ziv Zaifman,Hugh Jackman - Michelle Williams
Zoe Wees,
Zuna,Loredana - SRNO
a-ha,
aespa,
bbno$,Rich Brian
beabadoobee,
benny blanco,BTS - Snoop Dogg
benny blanco,Swae Lee - Jesse
benny blanco,Halsey - Khalid
benny blanco,Juice WRLD
benny blanco,Tainy - J Balvin - Selena Gomez
benny blanco,Calvin Harris
benny blanco,Juice WRLD - Brendon Urie
benny blanco,Marshmello - Vance Joy
blackbear,
blackbear,Gucci Mane
blackbear,Lauv
blink-182,
cakal,
cass,RAYE - D-Block Europe
d4vd,
d4vd,Arcane - League of Legends
dhruv,
dj sv,Manim Vaqueiro - Doug Hits
engo Flow,Bad Bunny
girl in red,
gnash,Olivia O'Brien
iZaak,Jhayco - Anuel AA
iann dior,Lil Baby
iigo quintero,
j-hope,
j-hope,Becky G
j-hope,YOON MIRAE - Gaeko
j-hope,Miguel
j-hope,J. Cole
juan karlos,
jxdn,
mgk,Travis Barker - YUNGBLUD
salem ilese,
sangiovanni,
siouxxie sixxsta,
sombr,
southstar,
sped up 8282,
t-low,Miksu / Macloud
thasup,
thasup,Lazza - Sfera Ebbasta
twocolors,
yung kai,
zzoilo,Aitana
