main_artist,track_name,streams
K.O,SETE (feat. Young Stunna & Blxckie),5264640
Glass Animals,Heat Waves,4467662
Q-Mark,Paris,4402552
Burna Boy,Last Last,4167431
Harry Styles,As It Was,4010954
Wanitwa Mos,Dali Nguwe,3980142
Future,WAIT FOR U (feat. Drake & Tems),3911354
Chris Brown,Under The Influence,3882374
9umba,uMlando,3629979
Lost Frequencies,Where Are You Now,3428628
Mas Musiq,Sengizwile (feat. Aymos & Young Stunna),3348804
Kabza De Small,Asibe Happy,3332676
The Kid LAROI,STAY (with Justin Bieber),3311915
Ed Sheeran,Shivers,3262836
Kabza De Small,Abalele,3140357
Daliwonga,Abo Mvelo (feat. Mellow & Sleazy & M.J),3127622
Elton John,Cold Heart - PNAU Remix,3125756
Ed Sheeran,Bad Habits,3124805
Wanitwa Mos,Sofa Silahlane,3085446
Adele,Easy On Me,3082580
Senior Oat,All In You,2993304
Uncle Waffles,Tanzania,2955379
Nomfundo Moh,Phakade Lami,2932090
Justin Bieber,Ghost,2831109
Tisto,The Motto,2747543
Musa Keys,Selema (Po Po),2735282
Young Stunna,Adiwele (feat. Kabza De Small & DJ Maphorisa),2683079
Busta 929,Ngixolele,2672344
Kabza De Small,Khusela (feat. Msaki),2545263
Imagine Dragons,Enemy (with JID) - from the series Arcane League of Legends,2423423
Kabza De Small,"Xola (feat. Nobuhle, Ze2 & Young Stunna)",2415048
J. Cole,No Role Modelz,2348732
Drake,Jimmy Cooks (feat. 21 Savage),2336119
The Weeknd,Blinding Lights,2262994
Lil Nas X,INDUSTRY BABY (feat. Jack Harlow),2244603
Fantasia,When I See U,2100698
OneRepublic,I Ain't Worried,2096098
Felo Le Tee,Dipatje Tsa Felo (feat. Daliwonga),2092842
Jack Harlow,First Class,2058638
Sam Smith,Unholy (feat. Kim Petras),2055256
Billie Eilish,lovely (with Khalid),2030828
Gaba Cannal,Healer Ntliziyo Yam,2013701
Deep London,Hamba Wena,2009670
Burna Boy,For My Hand (feat. Ed Sheeran),1978966
Konke,Kancane,1967222
Lewis Capaldi,Someone You Loved,1965771
Miguel,Sure Thing,1920321
Ruth B.,Dandelions,1916927
Felo Le Tee,Manca,1911435
Kizz Daniel,Buga (Lo Lo Lo),1900169
Venom,"Sondela (feat. Yumbs, Raspy, Blxckie, Riky Rick & Tshego)",1880151
The Neighbourhood,Sweater Weather,1862904
Major League Djz,BAKWA LAH,1860205
Riaan Benad,Rowwe Bliksem,1823553
Beyonc,CUFF IT,1811035
Doja Cat,Woman,1767208
David Guetta,I'm Good (Blue),1708548
Doja Cat,Vegas (From the Original Motion Picture Soundtrack ELVIS),1690610
DBN Gogo,Bells,1689612
Giveon,Heartbreak Anniversary,1682083
Nomfundo Moh,Soft Life,1678398
Sam Deep,Kusezo Khanya,1672144
Drake,Fair Trade (with Travis Scott),1659196
Elley Duh,MIDDLE OF THE NIGHT,1658897
Giveon,For Tonight,1658004
Drake,Chicago Freestyle (feat. Giveon),1651596
Riaan Benad,Vat 'n Bietjie,1645159
Lloyiso,Seasons,1643896
Bryson Tiller,Don't,1642505
Oxlade,KU LO SA - A COLORS SHOW,1626367
Mr JazziQ,Halala (feat. Mellow & Sleazy),1624197
Harry Styles,Watermelon Sugar,1616440
Kate Bush,Running Up That Hill (A Deal With God),1615056
Joji,Glimpse of Us,1603431
Tom Odell,Another Love,1603291
Samthing Soweto,Amagents,1597713
Tisto,The Business,1561670
Steve Lacy,Bad Habit,1551371
James Arthur,Say You Won't Let Go,1538866
Drake,Rich Flex,1523502
The Weeknd,Die For You,1523468
AKA,Lemons (Lemonade),1519847
Big Zulu,Voicemail,1494851
Lil Nas X,THATS WHAT I WANT,1492839
Ch'cco,Nkao Tempela,1481963
Luxury SA,Crazy Vibez,1473290
Kendrick Lamar,N95,1463879
Drake,Teenage Fever,1454819
Drake,Knife Talk (with 21 Savage ft. Project Pat),1445677
Post Malone,I Like You (A Happier Song) (with Doja Cat),1443628
Irene-Louise Van Wyk,Tekkies Brand,1438263
Drake,Wants and Needs (feat. Lil Baby),1436014
Drake,Sticky,1414181
Lizzo,About Damn Time,1409669
Reece Madlisa,Iyntsimbi zase envy,1405175
Nicky Youre,Sunroof,1398112
Mario,Let Me Love You,1379312
GAYLE,abcdefu,1374086
Gunna,pushin P (feat. Young Thug),1369186
Camila Cabello,Bam Bam (feat. Ed Sheeran),1365050
Mariah Carey,We Belong Together,1356830
Tems,Free Mind,1347542
Chris Brown,No Guidance (feat. Drake),1338955
Muni Long,Hrs & Hrs,1337261
MacG,Nkantin,1327862
Bryson Tiller,Exchange,1318744
XXXTENTACION,Hope,1289978
Drake,Yebbas Heartbreak,1282439
Summer Walker,Girls Need Love (with Drake) - Remix,1275906
Kendrick Lamar,Rich Spirit,1269326
Mellow & Sleazy,"Wenza Kanjani (feat. 2woshort, TNK MusiQ & BoontleRSA)",1266360
Rema,Calm Down (with Selena Gomez),1265399
Olivia Rodrigo,good 4 u,1261060
Kabza De Small,"Eningi (feat. Njelic, Simmy & Mhaw Keys)",1255837
DJ Maphorisa,"Ba Straata (feat. 2woshortrsa, Stompiiey, Shaunmusiq, Ftears & Madumane)",1248976
Drake,One Dance,1246283
Soa mattrix,Mina Nawe,1243118
Riaan Benad,Spontaan,1235148
Nicki Minaj,Super Freaky Girl,1229387
Olivia Rodrigo,drivers license,1225156
DBN Gogo,Bambelela,1213459
The Weeknd,Save Your Tears,1208527
Mellow & Sleazy,Chipi ke Chipi,1206368
Juice WRLD,Lucid Dreams,1200900
DJ Khaled,"GOD DID (feat. Rick Ross, Lil Wayne, Jay-Z, John Legend & Fridayy)",1195840
Marshmello,Numb,1190189
Central Cee,Doja,1188395
Dj Karri,"Trigger (feat. BL Zero, Lebzito & Prime De 1st)",1181389
Pabi Cooper,Banyana Ke Bafana,1178557
Kendrick Lamar,Die Hard,1170063
Justin Bieber,Peaches (feat. Daniel Caesar & Giveon),1164026
Post Malone,Circles,1156481
J. Cole,Wet Dreamz,1155745
Marshmello,Leave Before You Love Me (with Jonas Brothers),1153109
Tate McRae,you broke me first,1149780
Fireboy DML,Peru,1143607
Drake,Girls Want Girls (with Lil Baby),1142365
Doja Cat,Kiss Me More (feat. SZA),1138962
Jack Harlow,Churchill Downs (feat. Drake),1130285
Reece Madlisa,Megalo,1124101
SZA,I Hate U,1121410
6LACK,Pretty Little Fears (feat. J. Cole),1099362
Post Malone,Cooped Up (with Roddy Ricch),1098650
Pheelz,Finesse,1096087
Sam Deep,Thokoza,1095326
Beyonc,BREAK MY SOUL,1093732
Swedish House Mafia,Moth To A Flame (with The Weeknd),1091574
Lewis Capaldi,Before You Go,1067572
Kendrick Lamar,Money Trees,1064110
Burna Boy,It's Plenty,1062565
Lloyiso,Dream About You,1047477
Felo Le Tee,66,1041841
DJ Khaled,STAYING ALIVE (feat. Drake & Lil Baby),1040119
Giveon,Lost Me,1026683
The Weeknd,Starboy,1002302
CKay,love nwantiti (ah ah ah),1000427
Dua Lipa,Levitating (feat. DaBaby),1000165
Taylor Swift,Anti-Hero,997584
XXXTENTACION,Revenge,995865
Young Stunna,"Sithi Shwi (feat. Big Zulu, DJ Maphorisa & Kabza De Small)",995202
Eloff,Johnnie Blou,994435
Post Malone,One Right Now (with The Weeknd),985719
Rosa Linn,SNAP,980122
Njelic,Down The Drain,964690
Myztro,Tobetsa,960408
Fabolous,Into You (feat. Tamia) - Main Mix,957717
Sleepy Hallow,2055,937285
Doja Cat,Need to Know,925874
Kabza De Small,Ebusuku (feat. Nkosazana Daughter),923329
H.E.R.,Could've Been (feat. Bryson Tiller),921888
ACRAZE,Do It To It,917612
Temple Boys Cpt,Saggies,903002
Lil Baby,Drip Too Hard (Lil Baby & Gunna),901685
Rema,Calm Down,896543
Big Zulu,Ivolovolo,892238
Soa Mattrix,Umama Akekho (feat. Nkosazana Daughter & Mas Musiq),889253
DJ Ngwazi,Uthando,889131
Zakes Bantwini,Osama,881873
Jaymes Young,Infinity,877509
DJ Maphorisa,Izolo,876536
Charlie Puth,Light Switch,864232
Quavo,HOTEL LOBBY (Unc & Phew),858716
Lojay,Monalisa,857336
The Weeknd,Call Out My Name,849938
Lwah Ndlunkulu,Ithuba,845481
Harry Styles,Late Night Talking,837637
Lowsheen,Thula,833330
Mas Musiq,"Uzozisola (feat. Aymos, Kabza De Small & DJ Maphorisa)",824153
Olivia Rodrigo,traitor,822666
Chris Brown,Call Me Every Day (feat. Wizkid),814703
Khalid,Better,807264
Coldplay,My Universe,806519
The Weeknd,Save Your Tears (Remix) (with Ariana Grande) - Bonus Track,802990
Busta 929,Mmapula,802571
Goya Menor,Ameno Amapiano Remix (You Wanna Bamba),798672
Beyonc,ALIEN SUPERSTAR,793400
Kabza De Small,"Ziwa Ngale (feat. DJ Tira, Young Stunna, Dladla Mshunqisi, Felo Le Tee, Beast & Dj Exit_sa)",784697
Drake,On BS,776445
Baby Keem,family ties (with Kendrick Lamar),775035
Brent Faiyaz,ALL MINE,765174
Dove Cameron,Boyfriend,755574
Summer Walker,Playing Games (with Bryson Tiller) - Extended Version,755402
The Weeknd,The Hills,750480
Imagine Dragons,Bones,750228
Mellow & Sleazy,"Bopha (feat. DJ Maphorisa, Madumane & Young Stunna)",749080
Pabi Cooper,Waga Bietjie,745805
Eloff,Witblits,734301
Blxckie,Kwenzekile,733154
Ayra Starr,Rush,731436
WILLOW,Wait a Minute!,730718
Post Malone,Sunflower - Spider-Man: Into the Spider-Verse,730319
Jay Music,The Fxckin Injury,726294
Dave,Starlight,724074
Drake,Major Distribution,723251
Armani White,BILLIE EILISH.,722601
John Legend,All of Me,719479
Robot Boii,Salary Salary,714877
Meghan Trainor,Made You Look,702202
Billie Eilish,Happier Than Ever,701971
Charlie Puth,Left and Right (Feat. Jung Kook of BTS),689164
S'Villa,Jehovah,681641
Drake,Pussy & Millions (feat. Travis Scott),677234
Doja Cat,You Right,672883
Jason Derulo,Acapulco,671962
d4vd,Romantic Homicide,669046
Lauren Spencer-Smith,Fingers Crossed,668002
Q Twins,Alusafani,660974
Lady Gaga,Hold My Hand,658427
Summer Walker,Karma,657050
Kendrick Lamar,Silent Hill,651761
The Weeknd,I Was Never There,649340
Dave,Location (feat. Burna Boy),646906
SZA,Shirt,645565
Blaq Diamond,Qoma,641849
Joel Corry,Head & Heart (feat. MNEK),635708
Musketeers,Danko,631750
Blxckie,umoya,630365
Drizzy Sam Rsa,Thatheka,625404
Maroon 5,Memories,622634
Kendrick Lamar,LOVE. FEAT. ZACARI.,620352
Journey,Don't Stop Believin',619682
Rihanna,Lift Me Up - From Black Panther: Wakanda Forever - Music From and Inspired By,619558
Chris Brown,Call Me Every Day (feat. WizKid),610838
De Mthuda,Jola,610775
Wanitwa Mos,Kuwe,609735
Ch'cco,Pele Pele,605564
DJ Maphorisa,"Trust Fund (feat. Focalistic, Mpura, Madumane & Mellow & Sleazy) - Live",594503
Bruno Mars,Leave The Door Open,592314
Drake,Way 2 Sexy (with Future & Young Thug),590045
Drake,Spin Bout U,589764
Kanye West,True Love,587494
Lil Tjay,Calling My Phone,585236
Makhadzi,MaGear,583316
XXXTENTACION,Jocelyn Flores,576857
Drake,Privileged Rappers,575414
Kabza De Small,Isoka (feat. Nkosazana Daughter & Murumba Pitch),571799
JP Cooper,The Only Reason,570518
Mr JazziQ,Teka (feat. Mellow & Sleazy & Djy Ma'Ten),565462
Kendrick Lamar,Father Time (feat. Sampha),564055
Kendrick Lamar,Count Me Out,562609
Kodak Black,Super Gremlin,555505
Oliver Tree,Miss You,552332
Future,PUFFIN ON ZOOTIEZ,545931
Tate McRae,she's all i wanna be,545275
Daniel Caesar,Best Part (feat. H.E.R.),534739
Carolina Gaitn - La Gaita,We Don't Talk About Bruno,531239
Makhadzi,Kulakwe,530130
Kanye West,Praise God,526599
Kabza De Small,Bathini (feat. Young Stunna & Artwork Sounds),525783
JVKE,golden hour,524913
Drake,Circo Loco,523437
Benson Boone,In The Stars,519859
Jack Harlow,Nail Tech,513168
Maroon 5,Beautiful Mistakes (feat. Megan Thee Stallion),512026
Blxckie,sneaky,509275
Villosoul,Zula Zula (Hub Way),509154
Nasty C,Stalling,506565
Lil Uzi Vert,Just Wanna Rock,506409
Mas Musiq,Inhliziyo (feat. Babalwa M),505818
TALK,Run Away to Mars,501928
BoyWithUke,Toxic,500026
Lil Nas X,MONTERO (Call Me By Your Name),499873
Lady Gaga,Shallow,491039
Drake,BackOutsideBoyz,490607
TOSS,Ncebeleka,490429
Kendrick Lamar,United In Grief,483015
Sam Smith,Too Good At Goodbyes,481821
Blxckie,cold,480793
Gabry Ponte,Thunder,479210
Soa Mattrix,"Idlozi Lami (feat. Phila Dlozi, Boohle & Kabza De Small)",474219
Kendrick Lamar,We Cry Together,465443
Kendrick Lamar,Savior,464422
Miguel,Adorn,463178
Eminem,Mockingbird,459110
Lil Yachty,Poland,458230
Rihanna,Needed Me,457322
Nicki Minaj,Do We Have A Problem?,457031
24kGoldn,Mood (feat. iann dior),456132
Mr JazziQ,"10111 (feat. M.J, Djy Ma'Ten & Matute Boy)",453061
Summer Walker,Session 32,449182
Internet Money,"Lemonade (feat. Gunna, Don Toliver & NAV)",445990
Aymos,Lyf Styl,444702
Drake,Broke Boys,436700
Riton,Friday (feat. Mufasa & Hypeman) - Dopamine Re-Edit,432206
Drake,Massive,431529
Metro Boomin,Creepin' (with The Weeknd & 21 Savage),429897
Taylor Swift,Lavender Haze,428005
Kendrick Lamar,Purple Hearts,423307
The Weeknd,Save Your Tears (with Ariana Grande) (Remix),422323
Drake,Hours In Silence,419869
Frank Ocean,Lost,418507
Lucky Daye,Over,415323
Aymos,Fatela,412220
Labrinth,Mount Everest,408952
Pushkin RSA,Welele,408369
Fireboy DML,Bandana,403584
DJ Maphorisa,"Ba Straata (feat. 2woshort, Stompiiey, ShaunMusiQ, Ftears & Madumane)",401966
Focalistic,SJEPA,400376
Doja Cat,Streets,395960
ESK MUSIQ,STOP n GO,395572
De Mthuda,Emlanjeni,395302
Will Linley,miss me (when you're gone),395199
Kabza De Small,Rekere 2 (feat. Stakev),391587
The Game,Eazy,388497
Taylor Swift,Midnight Rain,387934
The Weeknd,Sacrifice,378615
Kabza De Small,Ubumnandi (feat. Nia Pearl & MDU a.k.a TRP),377248
The Neighbourhood,Softcore,371830
MEDUZA,Paradise (feat. Dermot Kennedy),371233
Karyendasoul,iMali (Ft. Nana Atta),370137
BIA,LONDON (feat. J. Cole),367954
Jnr Choi,TO THE MOON,367330
Beach Weather,"Sex, Drugs, Etc.",366532
Omar Apollo,Evergreen (You Didnt Deserve Me At All),362188
Adele,Oh My God,358769
Tory Lanez,The Color Violet,358503
MashBeatz,NEVER RIDE,357105
Polo G,RAPSTAR,357030
Brent Faiyaz,Clouded,351689
Taylor Swift,Maroon,350493
Senior Oat,Give Me Jesus,346498
Doja Cat,Get Into It (Yuh),341925
Taylor Swift,Snow On The Beach (feat. Lana Del Rey),339910
OneRepublic,Run,337181
Travis Scott,Goosebumps - Remix,336239
Kabza De Small,Ingabe (feat. Spartz),335426
Rihanna,Lift Me Up,334939
Drake,Treacherous Twins,332945
MEDUZA,Bad Memories (feat. Elley Duh & FAST BOY),332855
Lloyiso,Speak,332494
Elton John,Hold Me Closer,327477
THE ANXIETY,Meet Me At Our Spot,327462
Tems,Higher,326489
Kelvin Momo,Inyembezi,326118
GloRilla,Tomorrow 2 (with Cardi B),313887
Deep London,Piano Ngijabulise,312665
Em Beihold,Numb Little Bug,311690
Kendrick Lamar,Worldwide Steppers,303945
Taylor Swift,"You're On Your Own, Kid",303217
Taylor Swift,Karma,298495
The Weeknd,Is There Someone Else?,298431
Nomfundo Moh,Ngam'khetha,296246
Kendrick Lamar,The Heart Part 5,295243
Dean Lewis,How Do I Say Goodbye,294671
Kizz Daniel,Cough (Odo),291506
Taylor Swift,Bejeweled,289660
DJ Maphorisa,"Shona Kwelanga (feat. Mawhoo, Da Muziqal Chef & Kabza De Small)",287989
Mzux Maen,HAYII (La Alegria) (feat. Yasmin Levy),287905
Lil Baby,California Breeze,286838
Frank Ocean,Pink + White,285362
Tyler ICU,"Inhliziyo (feat. Nkosazana Daughter, Kabza De Small & DJ Maphorisa)",284845
Drake,Middle of the Ocean,284699
Kabza De Small,Sondela (feat. Ami Faku & Mhaw Keys),282563
Galantis,Heartbreak Anthem (with David Guetta & Little Mix),282184
Joel Corry,OUT OUT (feat. Charli XCX & Saweetie),278064
BLACKPINK,Pink Venom,276861
Giveon,Lie Again,276631
The Kid LAROI,Thousand Miles,276502
Sam Smith,I'm Not The Only One,276223
Imanbek,Belly Dancer,271190
Arctic Monkeys,I Wanna Be Yours,271159
Jack Harlow,Dua Lipa,270919
Beyonc,ENERGY (feat. Beam),268466
Burna Boy,Alone,268047
Shawn Mendes,It'll Be Okay,266168
King Monada,AYE KUWA (feat. CK THE DJ),265966
Dodo Nyoka,Foto's,265816
Steve Lacy,Static,265712
Kelvin Momo,Ivy League,264718
Focalistic,Tsela Tse Nyane,261921
Boohle,Undenza Ntoni,261863
Kelly Khumalo,Ngathwala Ngaye,259708
Yeat,Talk,259474
Mr JazziQ,Ningalali Emakhaya (feat. Zan'Ten & Ta Skippa),259363
Taylor Swift,Vigilante Shit,257666
Kabza De Small,Bayasaba (feat. Daliwonga & Young Stunna),257411
Fivio Foreign,City of Gods,255747
Dua Lipa,Don't Start Now,255441
Mduduzi Ncube,Langa Linye,254936
Kelvin Momo,Fool Me,253693
Drake,Falling Back,252074
Bruno Mars,Smokin Out The Window,250865
Pushkin & Springle,Welele - Extended Version,250340
NEIKED,Better Days (NEIKED x Mae Muller x Polo G),250130
Black Sherif,Kwaku the Traveller,249196
Mr JazziQ,Hade (feat. Dinky Kunene & Mellow & Sleazy),248998
Myztro,"Tobetsa Remake (feat. Focalistic, Daliwonga, ShaunMusiq & Ftears)",248664
Coolkiid Da Vocalist,Nhliziyo,245906
Konke,M'nike - Radio Edit,245823
Focalistic,Tabela Hape,242082
Kendrick Lamar,Rich - Interlude,241269
PARTYNEXTDOOR,Break from Toronto,241185
Soa Mattrix,Dropline,240614
Kendrick Lamar,Crown,238780
Drake,Texts Go Green,238554
Kendrick Lamar,Mr. Morale,238542
evvz,At All,238204
Metro Boomin,Superhero (Heroes & Villains) [with Future & Chris Brown],236392
Drake,Jumbotron Shit Poppin,236352
Cassper Nyovest,Siyathandana,235466
XXXTENTACION,Everybody Dies In Their Nightmares,233008
Barto,H2O,230060
Felo Le Tee,Hayi,229576
Becky Hill,My Heart Goes (La Di Da) (feat. Topic),228479
Tisto,10:35,227904
Sleepy Hallow,Die Young (feat. 347aidan),227754
rum.gold,Call It What You Want,227657
Aymos,Mama,227182
Nasty C,Born To Win,223211
Mr JazziQ,"Baleka (feat. Nokwazi, DJ Biza & Tsiki XII)",222468
Harry Styles,Matilda,221998
BLACKPINK,Shut Down,220600
The Weeknd,Out of Time,219784
21 Savage,3AM on Glenwood,219382
Kendrick Lamar,Auntie Diaries,218256
Big Nuz,Ngeke,218247
Future,I'M ON ONE (feat. Drake),217835
Freddie Dredd,Limbo,216933
Ed Sheeran,Beautiful People (feat. Khalid),216773
A-Reece,BAD GUY,214935
lil Shordie Scott,Rocking A Cardigan in Atlanta,212781
Labrinth,Im Tired (with Zendaya) - Bonus Track,212177
Victony,Soweto,211939
Kendrick Lamar,Savior - Interlude,211137
Labrinth,Forever,210425
Justin Bieber,Anyone,209433
MaWhoo,Kulula,206274
Kendrick Lamar,Mother I Sober (feat. Beth Gibbons of Portishead),204722
Kamo Mphela,Ghost,204515
Pushkin,Welele,204161
Billie Eilish,when the party's over,202867
Beyonc,CHURCH GIRL,201797
Metro Boomin,Niagara Falls (Foot or 2) [with Travis Scott & 21 Savage],198350
Kanye West,Hurricane,197822
Frenzyoffixial,Gusheshe,197363
Pharrell Williams,Cash In Cash Out,197037
HENNYBELIT,Madiba,196152
DJ Maphorisa,Banyana,196006
Lloyiso,What I Would Say,195857
Bernice West,Lyfie,195462
Lil Nas X,STAR WALKIN' (League of Legends Worlds Anthem),194914
Beyonc,I'M THAT GIRL,194134
Nasty C,Cant Imagine,194023
Drake,Currents,193662
Drake,A Keeper,192532
Pop Smoke,Dior,192443
Lil Tjay,In My Head,191688
Drake,More Ms,191154
Ed Sheeran,Perfect,190832
Taylor Swift,Question...?,190610
Dr. Dre,Still D.R.E.,190512
BoyWithUke,IDGAF (with blackbear),188021
Kendrick Lamar,Mirror,186773
Kanye West,Heartless,186458
Drake,I Guess Its Fuck Me,186036
Costa Titch,Big Flexa,182465
Tones And I,Dance Monkey,180714
Mneskin,Beggin',180522
Blxckie,Hold,180063
SAINt JHN,Roses - Imanbek Remix,178318
Metro Boomin,Too Many Nights (feat. Don Toliver & with Future),177408
Riky Rick,HOME (feat. Mas Musiq),176944
Murumba Pitch,Hlasela,176781
Brent Faiyaz,LOOSE CHANGE,176200
Kelvin Momo,Sukakude,175635
Busta 929,Umsebenzi Wethu,173688
Kelvin Momo,Imfula,173537
Mellow & Sleazy,Zwonaka,171016
Taylor Swift,Mastermind,170677
Dj Karri,Azul (feat. Mfana Kah Gogo),169127
Metro Boomin,Umbrella (with 21 Savage & Young Nudy),169043
Metro Boomin,Raindrops (Insane) [with Travis Scott],168179
Giveon,Like I Want You,168157
SZA,Kill Bill,166696
DBN Gogo,Possible,165568
Yung Lean,Ginseng Strip 2002,164838
Panic! At The Disco,House of Memories,164807
ATB,Your Love (9PM),158789
Drake,Calling My Name,157167
Labrinth,Formula,155439
Tyga,Freaky Deaky,155379
Amaarae,SAD GIRLZ LUV MONEY Remix (feat. Kali Uchis and Moliy),154534
Seafret,Atlantis,153615
Beyonc,COZY,153317
Droomsindroom,Hey Sonneblom,152629
Summer Walker,No Love (with SZA),151297
benny blanco,Bad Decisions (with BTS & Snoop Dogg),151152
Mzux Maen,HAYII,150862
Kelvin Momo,Izono,150196
Rihanna,Love On The Brain,150182
Giveon,Scarred,149838
Kelvin Momo,Funa,149615
Cardi B,Hot Shit (feat. Ye & Lil Durk),149579
Chris Brown,Psychic,148593
DJ Khaled,BEAUTIFUL (feat. Future & SZA),148505
Dlala Regal,Umshini,147406
Juice WRLD,Come & Go (with Marshmello),146485
A-Reece,INTENTIONS,146248
Mariah Carey,All I Want for Christmas Is You,146096
ThxSoMch,SPIT IN MY FACE!,146055
A-Reece,BIGGER THAN ME,145777
Giveon,Let Me Go,145317
Wendy Shay,Survivor,143924
Makhadzi,Zwivhuya,143908
JP Saxe,If the World Was Ending (feat. Julia Michaels),142917
Kweyama Brothers,Impilo yaseSandton,142625
Gunna,P power (feat. Drake),142495
Jung Kook,Dreamers [Music from the FIFA World Cup Qatar 2022 Official Soundtrack],142311
Metro Boomin,Trance (with Travis Scott & Young Thug),141595
Marshmello,Bye Bye,141487
Beyonc,PLASTIC OFF THE SOFA,139360
Harry Styles,Little Freak,138907
Juice WRLD,Cigarettes,138728
Brent Faiyaz,PRICE OF FAME,137309
Metro Boomin,On Time (with John Legend),136702
Mr JazziQ,Woza,136490
Classic Man SmF,Amour d'une mre,134931
Juice WRLD,In My Head,134654
Drake,Flight's Booked,133139
Harry Styles,Music For a Sushi Restaurant,133111
A-Reece,GODLIKE,132951
SZA,Blind,132492
Kelvin Momo,Umoya,132217
Shawn Mendes,When You're Gone,131358
Beyonc,HEATED,130785
Kabza De Small,Liyangishonela (feat. Nobuhle),130777
Benny The Butcher,Johnny P's Caddy,130698
Future,LOVE YOU BETTER,129719
The Weeknd,Gasoline,129676
Metro Boomin,Metro Spider (with Young Thug),129539
SZA,Nobody Gets Me,128531
Masked Wolf,Astronaut In The Ocean,128105
Farruko,Pepas,127615
Harry Styles,Daylight,127590
ThackzinDJ,Yini Sdakwa,127529
Kanye West,Bound 2,127233
Lil Baby,Freestyle,127136
DBN Gogo,UYATHANDEKA,125132
Kelvin Momo,Summer Rain,125113
Metro Boomin,Around Me (feat. Don Toliver),124938
Taylor Swift,Labyrinth,124918
Labrinth,All For Us,124628
Playboi Carti,Sky,124590
Eliza Rose,B.O.T.A. (Baddest Of Them All) - Edit,124193
OneRepublic,Counting Stars,123548
IShowSpeed,World Cup,123256
NAV,Never Sleep (with Lil Baby feat. Travis Scott),119632
Taylor Swift,Sweet Nothing,119072
Frank Ocean,Novacane,119039
Kelvin Momo,N'wana Wa Mutsonga,118669
A-Reece,For My Sanity,118467
Focalistic,3310,118230
Taylor Swift,Dont Blame Me,117978
benny blanco,Eastside (with Halsey & Khalid),117210
James Hype,Ferrari,116431
Billie Eilish,everything i wanted,115395
Metro Boomin,Feel The Fiyaaaah (with A$AP Rocky & feat. Takeoff),114369
Senior Oat,S'khanyisele,112758
SZA,Love Language,111309
Tyler ICU,"Ama Million (feat. Chley Nkosi, Freddy K & Toss)",111239
Ed Sheeran,Celestial,110746
Mellow & Sleazy,Back2School (feat. Thabza Tee & LastBorn Diroba),110317
21 Savage,Glock In My Lap,109907
Dlala Thukzin,Phuze (Remix) (Radio Edit),109868
Burna Boy,Different Size (feat. Victony),108259
Tevin Campbell,Can We Talk,108100
Drake,Intro,108080
Kelvin Momo,Imikhuleko,107678
Mellow & Sleazy,Umshini Ka Zuma (feat. M.J & Azi),107455
Kelvin Momo,Art Of Love,107271
SZA,SOS,106346
Brent Faiyaz,ROLLING STONE,106325
Mellow & Sleazy,"Sporofita (feat. 2woshort, LastbornDiroba, Al xapo & Sunde)",105718
Chris Brown,WE (Warm Embrace),105161
SZA,Low,104932
DJ Khaled,BIG TIME (feat. Future & Lil Baby),104549
Oliver Tree,Life Goes On,103704
The Weeknd,How Do I Make You Love Me?,103554
A-Reece,DEATH,103194
Ed Sheeran,The Joker And The Queen (feat. Taylor Swift),102818
SZA,Seek & Destroy,102402
Brent Faiyaz,"GRAVITY (FEAT. TYLER, THE CREATOR)",102098
The Weeknd,Take My Breath - Single Version,101614
LISA,MONEY,101574
Lewis Capaldi,Forget Me,101017
BTS,Yet To Come,100969
Riky Rick,You And I (feat. Mlindo The Vocalist),100515
SZA,Snooze,100042
Mr JazziQ,Bizaza (feat. DJ Biza & Zan'Ten),99597
Lil Baby,Real Spill,98618
Nobuhle,Malo We,98488
Beyonc,VIRGO'S GROOVE,98014
Kabza De Small,Azkhale (feat. Daliwonga),96688
Nasty C,Aye,95935
Vigro Deep,Petori to Ibiza,95467
SZA,Used (feat. Don Toliver),95188
Joji,Die For You,95010
Kelvin Momo,Blue Moon 2.0,94504
Russ,Are You Entertained (feat. Ed Sheeran),92702
The Weeknd,Take My Breath,92454
The Weeknd,"Here We Go Again (feat. Tyler, the Creator)",92364
Future,KEEP IT BURNIN (feat. Kanye West),91386
Bernice West,Sonop-Blom,91345
Beyonc,MOVE (feat. Grace Jones & Tems),90941
The Weeknd,Best Friends,90659
A-Reece,SOMETHING TO FIGHT FOR,90064
BTS,Run BTS,88897
Brent Faiyaz,WASTING TIME (FEAT. DRAKE & THE NEPTUNES),88742
Drake,Overdrive,88668
Kelvin Momo,Soweto Groove,87733
Lil Baby,Forever (feat. Fridayy),87046
Chris Brown,Possessive (feat. Lil Wayne & BLEU),86540
Steve Lacy,Dark Red,86435
Kelvin Momo,East & South,86279
Harry Styles,Satellite,85797
Harry Styles,Grapejuice,85256
Harry Styles,Love Of My Life,85045
RAYE,Escapism.,84781
DJ Khaled,USE THIS GOSPEL (feat. Ye & Eminem) - REMIX,84456
Labrinth,All For Us - from the HBO Original Series Euphoria,84454
Drake,Tie That Binds,84171
Blxckie,Khuphuka,83863
Brent Faiyaz,DEAD MAN WALKING,83124
SZA,Gone Girl,81888
Gaba Cannal,Dali Yim Lo,81695
The Chainsmokers,High,81641
Zuko SA,Qhawe lam,81368
Metro Boomin,Walk Em Down (Don't Kill Civilians) [with 21 Savage & feat. Mustafa],81328
JID,Dance Now (feat. Kenny Mason),81259
XXXTENTACION,SAD!,81118
SZA,Ghost in the Machine (feat. Phoebe Bridgers),80600
Billie Eilish,TV,80372
A-Reece,Red Dragon,80370
Busta 929,Gqoz Gqoz,80368
The Weeknd,Less Than Zero,80285
A-Reece,DIFFERENT THINGS,80264
Montell Fish,Hotel,80232
Leah Kate,10 Things I Hate About You,79866
Cat Burns,go,79704
Avicii,Wake Me Up,78977
Chris Brown,Till The Wheels Fall Off (feat. Lil Durk & Capella Grey),78917
Harry Styles,Cinema,78463
Lady Gaga,Bloody Mary,78308
Drake,Down Hill,78208
Davido,Champion Sound,78086
Yeat,Mony so big,77722
Wham!,Last Christmas,77435
J. Cole,MIDDLE CHILD,77182
Drake,Liability,76572
Chris Brown,C.A.B. (Catch A Body) (feat. Fivio Foreign),76566
Gunna,thought i was playing,76431
SZA,Notice Me,76278
Nicki Minaj,Bussin,76207
Jessica Darrow,"Surface Pressure - From ""Encanto""/Soundtrack Version",76011
Makhadzi,Zwafhela Zwofhela,75818
SZA,Special,75793
Sdala B,Khanyisa,75601
Kelvin Momo,Emaphupeni,75091
Sha Sha,"Fast Car (feat. Mellow & Sleazy, Mas Musiq & Soa mattrix)",75067
Metro Boomin,I Can't Save You (Interlude) [with Future & feat. Don Toliver],74978
Sir Trill,Maboko,74790
Emmy Meli,I AM WOMAN,74117
Chase Atlantic,Swim,73791
Lil Durk,What Happened To Virgil (feat. Gunna),73731
Brendan Peyper,Toer Om Die Vloer,73617
Gunna,mop (feat. Young Thug),73156
Coolio,Gangsta's Paradise,73153
Kelvin Momo,Tsonga Boy,72327
Kelvin Momo,Phumelela,71967
Giveon,Make You Mine,71643
Kususa,Asanda,71606
Tyga,Sunshine,71145
Lil Tjay,Beat the Odds,70786
Kordhell,Murder In My Mind,70314
SZA,Smoking on my Ex Pack,69967
Juice WRLD,Sometimes,69850
Baby Keem,lost souls (with Brent Faiyaz),69818
Sha Sha,Trying (feat. Musa Keys & DJ Maphorisa),69751
Lil Baby,In A Minute,69596
Roddy Ricch,Stop Breathing,69561
Elaine,You're the One,69501
Kelvin Momo,Ixesha,69356
Lady Du,Malunde,68889
Major Lazer,Koo Koo Fun,68652
Coi Leray,Blick Blick (with Nicki Minaj),68580
Gunna,poochie gown,68279
Justin Bieber,Honest (feat. Don Toliver),67528
Gunna,too easy,67000
Burna Boy,Ye,66119
Mr JazziQ,"Intsimbi Edlezinye (feat. M.J, F3 Dipapa & Toss)",65778
KSI,Not Over Yet (feat. Tom Grennan),65540
Future,712PM,65451
A-Reece,Can't Open My Eyez,65022
Sofia Carson,Come Back Home,65022
Mr JazziQ,Crows (feat. Zan'Ten & Kyika),65005
SZA,Good Days,64655
Omah Lay,Attention,64277
Metro Boomin,All The Money (with Gunna) [Bonus],63899
Kelvin Momo,Better Days,63483
Calvin Harris,Potion (with Dua Lipa & Young Thug),63275
SZA,Open Arms (feat. Travis Scott),62778
Glenn Jones,All for You,62757
The Weeknd,Dawn FM,62656
Machine Gun Kelly,maybe (feat. Bring Me The Horizon),62568
j-hope,MORE,62567
SZA,Conceited,62177
DJ Khaled,NO SECRET (feat. Drake),62173
Tyler ICU,"Numba (feat. Sir Trill, Young Stunna, Kabza De Small & DJ Maphorisa)",61581
Future,I'M DAT N****,61516
Blxckie,werrkk,61272
SZA,F2F,61135
Metro Boomin,Lock On Me (with Travis Scott & Future),61008
John Legend,Nervous,60290
Uncle Waffles,Love I Need,60260
Dj Obza,Sthandwa'sam,59776
Megan Thee Stallion,Sweetest Pie,59127
DJ Khaled,PARTY (feat. Quavo & Takeoff),57551
OneRepublic,Sunshine,57184
Brent Faiyaz,HEAL YOUR HEART (INTERLUDE),56857
The Weeknd,I Heard Youre Married (feat. Lil Wayne),56818
Nasty C,Loco,56679
Eminem,From The D 2 The LBC (with Snoop Dogg),56620
Brent Faiyaz,GHETTO GATSBY (FEAT. ALICIA KEYS),56597
Kelvin Momo,O'Ketsang,56464
Nasty C,Extravagant,56338
Beyonc,THIQUE,56295
Amaarae,SAD GIRLZ LUV MONEY (feat. Moliy & Kali Uchis) - Vigro Deep Amapiano Remix,56129
The Weeknd,Starry Eyes,55952
Mellow & Sleazy,Your Body (feat. DJ Maphorisa),55622
SZA,Far,55165
DJ Khaled,"KEEP GOING (feat. Lil Durk, 21 Savage & Roddy Ricch)",54303
SZA,Too Late,54020
Pharrell Williams,Down In Atlanta,53504
Southside,Hold That Heat (feat. Travis Scott),53451
Lauren Spencer-Smith,Flowers,53387
Kelvin Momo,Sena We,53356
Pcee,ZoTata (feat. Mr JazziQ),53256
Future,FOR A NUT (feat. Gunna & Young Thug),53142
Lil Baby,Pop Out (feat. Nardo Wick),52952
Lil Baby,Never Hating (feat. Young Thug),52694
Brent Faiyaz,VILLAIN'S THEME,52669
Brent Faiyaz,FYTB (FEAT. JOONY),52195
Beyonc,SUMMER RENAISSANCE,51842
Juice WRLD,All Girls Are The Same,51515
FelixThe1st,Own Brand Freestyle,51413
Lil Baby,Heyy,50952
Nasty C,What I Like,50868
DJ Khaled,LET'S PRAY (feat. Don Toliver & Travis Scott),50631
Kelvin Momo,Amaphupho,49723
Harry Styles,Daydreaming,49660
Harry Styles,Keep Driving,49303
Brent Faiyaz,ADDICTIONS (FEAT. Tre' Amani),49129
Kelvin Momo,Ngowam,49010
Lil Baby,Not Finished,48883
Will Linley,Last Call,48808
Beyonc,AMERICA HAS A PROBLEM,48400
Chris Brown,Addicted (feat. Lil Baby),48328
Mary J. Blige,Be Without You - Kendu Mix,48225
Beyonc,ALL UP IN YOUR MIND,48223
Beyonc,PURE/HONEY,48198
Kelvin Momo,Song Cry,48173
Kelvin Momo,Umkhenza,48130
DBN Gogo,POLO,48056
Brent Faiyaz,JACKIE BROWN,47955
Lil Baby,Stand On It,47918
Nasty C,B@r,47364
Brent Faiyaz,ROLE MODEL,47084
Kelvin Momo,Moonlight,46991
Harry Styles,Boyfriends,46809
The Walters,I Love You So,46730
Pusha T,Neck & Wrist (feat. JAY-Z & Pharrell Williams),46525
A-Reece,DREAMS,46499
WizKid,Essence (feat. Tems),46421
Giveon,This Will Do,45881
The Weeknd,A Tale By Quincy,45871
Gunna,alotta cake,45802
JIN,The Astronaut,45501
Future,MASSAGING ME,45494
Taylor Swift,Bigger Than The Whole Sky,45475
The Weeknd,Dont Break My Heart,45375
Kelvin Momo,Kuwe,45270
RM,Wild Flower (with youjeen),44923
Giveon,dec 11th,44741
Chris Brown,Closure (feat. H.E.R.),44635
Gunna,25k jacket (feat. Lil Baby),44271
Taylor Swift,"Would've, Could've, Should've",44236
Kelvin Momo,Sunday,44142
Nasty C,Can't Imagine (Bonus Track),43837
The Weeknd,Every Angel is Terrifying,43275
Giveon,Get To You,43203
Taylor Swift,The Great War,43111
Future,CHICKENS (feat. EST Gee),43079
Nasty C,Import,42831
A$AP Rocky,D.M.B.,42780
Brenda Lee,Rockin' Around The Christmas Tree,42457
Blxckie,plug call [freestyle],42236
Giveon,Tryna Be,42212
Future,GOLD STACKS,41900
Brent Faiyaz,SKIT: EGOMANIAC,41759
Brent Faiyaz,BAD LUCK,41689
Post Malone,Reputation,41460
Chris Brown,Sex Memories (feat. Ella Mai),41394
Chris Brown,Need You Right Here (feat. Bryson Tiller),41029
Kwesta,Is'pantsula (feat. Papta Mancane),40937
Dreamville,Stick (with JID & J. Cole feat. Kenny Mason & Sheck Wes),40852
Rihanna,Lift Me Up - Instrumental,40848
Gunna,private island,40621
K.O,MOSHITO,40602
DJ Khaled,Juice WRLD DID (feat. Juice WRLD),40454
Lloyiso,Let Me Love You Now,40403
Khuzani,Umuntu Onengane,40338
Blxckie,ronda,40170
DJ Khaled,IT AIN'T SAFE (feat. Nardo Wick & Kodak Black),40108
Lil Baby,Perfect Timing,40020
Giveon,Another Heartbreak,39868
Wizkid,2 Sugar (feat. Ayra Starr),39857
Die Heuwels Fantasties,Nora Vlok,39806
Nasty C,Let's Go,39785
Chris Brown,Pitch Black,39751
Nasty C,Stalling (Bonus Track),39719
Pusha T,Dreamin Of The Past (feat. Kanye West),39625
DJ Khaled,"FAM GOOD, WE GOOD (feat. Gunna & Roddy Ricch)",39441
Gunna,how you did that (feat. Kodak Black),39426
Blxckie,sss,39412
Michael Bubl,It's Beginning to Look a Lot like Christmas,39372
SZA,Forgiveless (feat. Ol' Dirty Bastard),39254
Q Twins,Sobonana,39229
Post Malone,Lemon Tree,39166
BLUE TAPE,FUCK THE WORLD!,39133
DJ Khaled,USE THIS GOSPEL (feat. Kanye West & Eminem) - REMIX,38816
Taylor Swift,Paris,38782
Kelvin Momo,Remedy,38647
A-Reece,More Than Enough,38636
Gunna,livin wild,38346
Zoocci Coke Dope,LiFT ME UP,37855
Makhadzi,Milandu Bhe,37840
Future,VOODOO (feat. Kodak Black),37801
Barto,Impulsief,37387
Selena Gomez,My Mind & Me,37337
Ariana Grande,Santa Tell Me,37262
Kendrick Lamar,HUMBLE.,37039
MashBeatz,Never Ride - Remix,36987
PinkPantheress,Boy's a liar,36851
Mas Musiq,Mthande,36782
9umba,Nayi Ingozi,36738
Rihanna,Stay - Album Version (Edited),36698
Jack Harlow,Young Harleezy,36643
Blxckie,investigate,36409
Giveon,july 16th,36275
Pabi Cooper,Isphithiphithi,36226
Polo G,Distraction,36223
A-Reece,Bellator,36184
Future,WE JUS WANNA GET HIGH,36128
Makhadzi,Ghanama,36056
031CHOPPA,Usenemali,35968
Future,BACK TO THE BASICS,35945
Post Malone,Wrapped Around Your Finger,35725
Nissi,Gravity (feat. Major League Djz),35626
Taylor Swift,High Infidelity,35596
Jack Harlow,I'd Do Anything To Make You Smile,35490
Gunna,you & me,35353
Burna Boy,Cloak & Dagger (feat. J Hus),35319
Kabza De Small,"Ngyamthanda (feat. Nicole Elocin, Phila Dlozi & Da Muziqal Chef)",35310
Cassper Nyovest,4 Steps Back,35282
Pusha T,Neck & Wrist (feat. JAY-Z & Pharrell),35143
Chris Brown,Show It (feat. Blxst),35090
Pusha T,Scrape It Off (feat. Lil Uzi Vert & Don Toliver),34982
Post Malone,I Cannot Be (A Sadder Song) (with Gunna),34952
Burna Boy,Science,34881
Bezza,Kennedy,34485
Post Malone,Wasting Angels (with The Kid LAROI),34405
DJ Khaled,WAY PAST LUCK (feat. 21 Savage),34251
Blxckie,together,34187
Wizkid,Money & Love,34137
Gunna,idk that bitch (feat. G Herbo),34029
Giveon,At Least We Tried,34021
Post Malone,Insane,33950
The Weeknd,Phantom Regret by Jim,33895
Burna Boy,Glory (feat. Ladysmith Black Mambazo),33880
Kwesta,Mrholo Wayizolo (feat. Masterpiece YVK & Papta Mancane),33779
Future,HOLY GHOST,33742
A-Reece,Live Once Interlude,33550
Billie Eilish,The 30th,33479
Kabza De Small,Skeem Saam (feat. Ami Faku),33362
Jack Harlow,Side Piece,33331
Brent Faiyaz,SKIT: OBLIVION,33290
Lojay,CANADA,33220
Gunna,south to west,33210
Pusha T,Diet Coke,33045
Pusha T,Rock N Roll (feat. Kanye West & Kid Cudi),33004
Blxckie,cry,32926
Burna Boy,On The Low,32889
Josiah De Disciple,Dala What You Must,32884
Kabza De Small,"Khuluma Imali (feat. Madumane, Toss & Felo Le Tee)",32620
Kygo,Woke Up in Love,32604
Riky Rick,Sidlukotini,32585
Lil Baby,From Now On (feat. Future),32293
Brent Faiyaz,ANGEL,32246
Chris Brown,Sleep At Night,32209
Chris Brown,Hmhmm (feat. EST Gee),32053
Abidoza,Diamond Walk,32038
Jack Harlow,Like A Blade Of Grass,31974
A-Reece,Intentions Interlude,31959
Taylor Swift,Glitch,31904
charlieonnafriday,Enough,31771
Khanyisa,Gyjima,31682
Big Zulu,Umuzi eSandton,31624
A-Reece,FRIEDay The 13th,31571
Kabza De Small,Bawo (feat. Nobuhle & Yallunder),31536
Blxckie,fortune teller,31478
Lil Baby,Detox,31434
De Mthuda,John Wick,31431
Nomfundo Moh,Sibaningi,31395
Future,Worst Day,31374
Lil Baby,Waterfall Flow,31361
Ed Sheeran,2step (feat. Lil Baby),31317
Lil Nas X,Late To Da Party (F*CK BET) (feat. YoungBoy Never Broke Again),31272
Jack Harlow,Movie Star (feat. Pharrell Williams),31204
Offset,54321,31197
Pusha T,Let The Smokers Shine The Coupes,30952
Lil Baby,Right On,30935
BLEU,Love In The Way,30861
Riky Rick,"Stay Shining (feat. Cassper Nyovest, Professor, Major League & Alie-Keyz)",30804
Pusha T,Just So You Remember,30756
Giveon,Unholy Matrimony,30656
Kendrick Lamar,All The Stars (with SZA),30622
Pusha T,Brambleton,30581
Burna Boy,Jagele,30573
Future,THE WAY THINGS GOING,30420
William Last KRM,Iy-Yi,30406
Giveon,Remind Me,30401
Camidoh,"Sugarcane (Remix) [feat. King Promise, Mayorkun & Darkoo]",30388
Brent Faiyaz,SKIT: WAKE UP CALL,30253
Dlala Regal,Dlala Captain - Edit,30232
Jack Harlow,Talk Of The Town,30148
Jung Kook,Stay Alive (Prod. SUGA of BTS),30100
Gunna,flooded,29999
Kehlani,Nights Like This (feat. Ty Dolla $ign),29967
Quavo,Nothing Changed,29954
Vigro Deep,Asijabule (feat. Murumba Pitch & Lady Du),29943
Stephen Sanchez,Until I Found You,29917
Post Malone,Love/Hate Letter To Alcohol (with Fleet Foxes),29911
DJ Jaivane,Ubusha Bethu,29883
Vetkuk,Kwamashu - Vetkuk Vs. Mahoota,29859
Kabza De Small,Kabza (feat. Murumba Pitch),29834
Smino,90 Proof (with J. Cole),29746
Makhadzi,Tsoko Tsoko,29724
Steve Lacy,Mercury,29692
Gaba Cannal,Indaba Zabantu,29685
A-Reece,First Time 4 Everything,29556
Burna Boy,Solid (feat. Blxst & Kehlani),29506
Machine Gun Kelly,ay! (feat. Lil Wayne),29363
Kendrick Lamar,Alright,29360
Lebza TheVillain,Sosha (feat. Sino Msolo & Toss),29298
BTS,For Youth,29254
Blxckie,weep,29130
Baby Keem,HONEST,29114
Gunna,too easy (Remix) [feat. Future & Roddy Ricch],29042
SZA,Love Galore (feat. Travis Scott),29025
Riky Rick,UNGAZINCISHI (feat. Focalistic & Tyler ICU),28994
Nkulee501,"ICARD (feat. Mpho Spizzy, Young Stunna & Housexcape)",28920
Alec Benjamin,Devil Doesnt Bargain,28885
Kelvin Momo,Sharp,28843
Makhadzi,Pain Ya Jealous,28836
Drake,Passionfruit,28719
j-hope,Arson,28684
Machine Gun Kelly,emo girl (feat. WILLOW),28571
Josiah De Disciple,The Warning,28510
Jack Harlow,Poison (feat. Lil Wayne),28378
Ed Sheeran,Bad Habits (feat. Bring Me The Horizon),28374
Stray Kids,MANIAC,28318
Blxckie,your all,28301
Kabza De Small,"Mutserendende (feat. Mr Brown, Jon Delinger & Da Muziqal Chef)",28295
Burna Boy,Bank On It,28230
Burna Boy,Kilometre,28222
BTS,Born Singer,28210
Gunna,die alone (feat. Yung Bleu),28144
Ice Spice,Munch (Feelin U),28106
Steve Lacy,Sunshine (feat. Foushe),28076
De Mthuda,33,28029
CKay,"WATAWI (feat. Davido, Focalistic & Abidoza)",28008
Burna Boy,Whiskey,27949
BLACKPINK,Typa Girl,27899
Kevin Gates,Thinking with My Dick (feat. Juicy J),27856
Normani,Fair,27852
Dj Boat,Izolo,27790
Jack Harlow,Parent Trap (feat. Justin Timberlake),27764
Khalid,Last Call,27566
Young Stunna,Shenta (feat. Nkulee501 & Skroef28),27492
Kehlani,up at night (feat. justin bieber),27317
Njelic,Wamuhle,27283
Burna Boy,Common Person,27271
Dzo 729,Ba Xolele - 729 Street Vocal,27250
Chris Brown,Dream,27247
Chris Brown,Passing Time,27203
Chle,Treat Me,27181
Machine Gun Kelly,make up sex (feat. blackbear),27138
Zoocci Coke Dope,PLUS+,26977
Jack Harlow,Lil Secret,26952
Gunna,Banking On Me,26849
Joey Bada$$,The Baddest,26782
A-Reece,"Couldn't Have Said It Better, Pt. 3",26739
TuksinSA,Tshivhidzwela Amapiano,26670
Chris Brown,Iffy,26634
uLazi,Gijima,26596
Dinky Kunene,Areyeng,26522
DJ Hlo,Mashamplan,26453
Riaan Benad,Haai Haai,26441
Tate McRae,chaotic,26220
Jack Harlow,I Got A Shot,26093
Kendrick Lamar,DNA.,26079
Nicole Elocin,Emoyeni (feat. Tyler ICU & Sawce),25958
XXXTENTACION,Moonlight,25933
Ricus Nel,Ploeg Jy?,25907
Musa Keys,Vula Mlomo,25799
Pusha T,Call My Bluff,25777
Dreamville,Freedom of Speech (with J. Cole),25692
Ed Sheeran,Thinking out Loud,25689
Tisto,Don't Be Shy,25641
Khanyisa,Bheka Mina Ngedwa,25552
Elaine,Shine,25535
TOTO,Africa,25496
Lil Durk,AHHH HA,25427
Bryan Adams,Summer Of '69,25423
Ntokzin,Sika Bopha,25374
Dj Boat,Sip (Alcohol),25227
Eminem,Godzilla (feat. Juice WRLD),25174
Mfr Souls,Konka,25117
Sam Smith,Love Me More,25058
Dominic Fike,"Elliot's Song - From ""Euphoria"" An HBO Original Series",24861
Eminem,"Lose Yourself - From ""8 Mile"" Soundtrack",24805
FATMAN,Vuil Coke,24798
Lil Durk,Petty Too (feat. Future),24796
Whitney Houston,I Wanna Dance with Somebody (Who Loves Me),24750
XXXTENTACION,vice city,24731
Juice WRLD,Wandered To LA (with Justin Bieber),24696
Dominic Fike,3 Nights,24692
Luude,Down Under (feat. Colin Hay),24608
Dr. Dre,Gospel (with Eminem),24574
Zoocci Coke Dope,OVERTURE+,24570
Cassper Nyovest,Summer Love - Edit,24398
Jay,My Volgende Fout,24357
Kabza De Small,Break,24260
Ricus Nel,Hardekole,24175
Majestic,Rasputin,24094
Kygo,Higher Love,24068
Black Eyed Peas,I Gotta Feeling,24018
Ntosh Gazi,Ubusuku Bayizolo,23992
Appel,Dina,23881
$NOT,Doja,23789
The Police,Every Breath You Take,23724
Lira,Feel Good - DJ Maphorisa Remix,23719
Imagine Dragons,Believer,23623
Juice WRLD,Already Dead,23604
UNLIMITED SOUL,Awoa,23475
Camila Cabello,psychofreak (feat. WILLOW),23328
Ricus Nel,Boerepompie (feat. Snotkop),23247
Beyonc,Halo,22702
Marcus MC,Eloyi,22388
Doja Cat,Ain't Shit,21893
INNOVATIVE DJz,Makukhanye,21646
