main_artist,country
DJ Dadaman,
Thandeka Radebe,
DJ Janisto,
Zoli White Smoke,
SmeezyOn The Beat,
015 MusiQ & Van City MusiQ,
Marvin Gaye,
KindlyNxsh,
Saliwa,
Karyn White,
Janesh,
Blacko SA,
Stixx,
Caiiro,
Sannere,
Mega,
WOODBLOCK DJS,
Ndotz,
Gigi Perez,
Mawelele,
Mjolisi,
Madison Ryann Ward,
G-Jealous,
Mordecai,
SKHANDAWORLD,
Charli xcx,
Da Mabusa,
DoouShii,
THANDAZANI,
Lizwi Wokuqala,
Nia Pearl,
Hanumankind,
Malome Vector,
Blaq Major,
CowBoii,
Sevdaliza,
Najee,
Thak'so Ujey Choir,
LeoStayTrill,
Khathapillar,
Dench,
Bahubhe,
King Temoso,
Navigator Gcwensa,
Chappell Roan,
Jayy Scott,
Umafikizolo,
Bebe Winans,
Jordan Adetunji,
Soulful G,
Sonwabile,
Tinashe,
Dinho,
Bukzin Keyz,
SUPTA,
Piano City,ZA
Lejwe La Motheo Artists Development,ZA
AJ Ghent [ j-ent ],USA
SjavasDaDeejay,ZA
Msongi,ZA
Leehleza,ZA
DJ KSB,ZA
Jaziel Brothers,ZA
Lithe,Australia
TLC,USA
Solly Moholo,ZA
Sexyy Red,USA
Tommy Richman,USA
Babalwa M,ZA
Mid9t,ZA
KMAT,ZA
Bakar,UK
Tony Dayimane,ZA
Ama Grootman,ZA
Lay Bankz,USA
Shaboozey,USA
Nduduzo Matse,ZA
Lindo Mtangayi,ZA
Richy Mitch & The Coal Miners,USA
mgk,
Dee Koala,ZA
TNK MusiQ,ZA
Umlabalaba,ZA
Mark Ambor,USA
Zee Nxumalo,ZA
K-Ci & JoJo,USA
Artemas,UK
Usimamane,ZA
Dasha,USA
Goldmax,ZA
4batz,USA
New Edition,USA
Natasha Bedingfield,USA
Chike,Nigeria
Djo,USA
Xolly Mncwango,ZA
Alex Warren,USA
TitoM,ZA
Zwide,ZA
USHER,USA
YG Marley,USA
Victoria Mont,USA
Good Neighbours,UK
Khalil Harrison,ZA
Aqyila,Canada
Yung Filly,UK
$,USA
Michael Marcagi,USA
Rich Amiri,USA
DJ Lag,ZA
Sophie Ellis-Bextor,UK
Joe,USA
Ceeka RSA,ZA
Josh Levi,USA
Mzukulu,ZA
Teddy Swims,USA
Ggoldie,ZA
Da Gifto,ZA
Liwn,TBC
TxC,ZA
Isitha sama ex,ZA
Mshinwemali,ZA
Flo Milli,USA
Ugatsheni,ZA
Fridayy,USA
Bandros,ZA
Sanele Jama,ZA
Chris Steyn,ZA
Shakes & Les,ZA
LIMIT NALA,ZA
Mashudu,ZA
Shebeshxt,ZA
YANII,USA
Mr Thela,ZA
Professor,ZA
Khuthuza,ZA
ShaunMusiq & Ftears,ZA
Mgarimbe,ZA
DJ Tshegu,ZA
Pexi-Tonic SA,ZA
Myles Smith,UK
Flash Cortez,ZA
Johnny Clegg & Juluka,ZA
Nandipha808,ZA
Benny Mayengani,ZA
Tskay,ZA
The Soil,ZA
Mandoza,ZA
Maverick Muji,ZA
Xduppy,ZA
Lindough,ZA
Ocean Biller,ZA
Mitski,USA
Priddy Ugly,ZA
Stakev,ZA
Megadrumz,ZA
DJ Kent,ZA
Killorbeezbeatz,ZA
Naledi Aphiwe,ZA
Bassie,ZA
Nathi,ZA
Juanita du Plessis,ZA
Thuto The Human,ZA
Kenya Grace,ZA
Combo M,ZA
Harrycane,ZA
Sino Msolo,ZA
Fezeka Dlamini,ZA
Sushi.b,ZA
V,South Korea
Sizwe Nineteen,ZA
Die Piesangskille,ZA
Mthandeni SK,ZA
Toby Franco,ZA
Oscar Mbo,ZA
Harry Cane,ZA
Nobantu Vilakazi,ZA
Halle,USA
Madlala,ZA
Musical Jazz,ZA
Dj Jaivane,ZA
Tebza De DJ,ZA
Noah Kahan,USA
Deejaykgosi,ZA
Zan'Ten,ZA
Peta Teanet,ZA
Omit ST,ZA
the King will come,USA
Jimmy Maradona,ZA
Ndlu Nkulu,ZA
ChubbyCheeks,ZA
Dr Dope,ZA
Mac lopez,ZA
PRVIS3,ZA
Sykes,ZA
Royal MusiQ,ZA
Zakwe,ZA
Mankay & Choco Dynasty,ZA
Young Nudy,USA
Kaliii,USA
QuayR Musiq,ZA
Makhadzi Entertainment,ZA
J Hus,UK
Baby S.O.N,ZA
Ne-Yo,USA
Jain,France
Kharishma,ZA
Kaylow,ZA
Masterpiece YVK,ZA
Asanda Mkhize,ZA
Elvirgo,ZA
Skweletu,ZA
TNK,ZA
Major Keys,ZA
Casswell P,ZA
Ntencane,ZA
Lil Mabu,USA
Kali,USA
Dj Coach,ZA
Iniko,USA
Artwork Sounds,ZA
Duncan Daniels,USA
David Kushner,USA
FIFTY FIFTY,South Korea
Inkabi Zezwe,ZA
Morgan Wallen,USA
Jamie Fine,Canada
Jimin,South Korea
Toosii,USA
Boyz II Men,USA
Rainbow Kitten Surprise,USA
Yumbs,ZA
Saint Bandz,USA
Nkosazana Daughter,ZA
TBO,ZA
JayO,UK
Loatinover Pounds,ZA
Spirit Of Praise,ZA
Officixl Megaohms,ZA
Lizzy McAlpine,USA
Joyous Celebration,ZA
Superstar Pride,USA
Lady Amar,ZA
TAEYANG,South Korea
Bayanni,Nigeria
Popcaan,Jamaica
Zonke,ZA
Russell Zuma,ZA
Tamia,USA
Officixl Rsa,ZA
ajof.,Nigeria
Linkin Park,USA
MRDA,ZA
Sfarzo Rtee,ZA
Uncle Vinny,ZA
Baby Tate,USA
INTERWORLD,Belarus
2Point1,ZA
Ice Beats Slide,ZA
Sund,ZA
Cian Ducrot,Ireland
Shaunmusiq,ZA
Libianca,ZA
Lianie May,ZA
Pcee,ZA
Khuzani,ZA
RAYE,UK
Brendan Peyper,ZA
Kususa,ZA
RM,South Korea
PinkPantheress,UK
Kordhell,USA
Big Nuz,ZA
MaWhoo,ZA
IShowSpeed,USA
Murumba Pitch,ZA
ESK MUSIQ,ZA
Dodo Nyoka,ZA
Barto,ZA
Freddie Dredd,Canada
ThxSoMch,Canada
Myztro,ZA
TOSS,ZA
JIN,South Korea
Nobuhle,ZA
Pushkin RSA,ZA
charlieonnafriday,USA
Glenn Jones,USA
Stephen Sanchez,USA
GloRilla,USA
Smino,USA
Olamide,Nigeria
Ajebo Hustlers,Nigeria
Khaid,Nigeria
Portable,Nigeria
Skiibii,Nigeria
Ruger,Nigeria
Wande Coal,Nigeria
Timaya,Nigeria
The Therapist,Sierra Leon
Reminisce,Nigeria
DJ Tunez,Nigeria
Victony,ZA
Darkoo,UK
MacG,ZA
Ollie Flows,Nigeria
Reekado Banks,Nigeria
melvitto,Nigeria-America
1da Banton,Nigeria
Lil Kesh,Nigeria
Teni,Nigeria
Mayorkun,Nigeria
Peruzzi,Nigeria
Ayra Starr,Nigeria
Limoblaze,Nigeria
Young Jonn,Nigeria
AV,Nigeria
Asake,Nigeria
Mavins,Nigeria
Temple Boys Cpt,ZA
Magixx,Nigeria
Classic Man SmF,Ivory Coast
Bezza,France
Pushkin,ZA
Ice Spice,USA
Boi Chase,Nigeria
T.I BLAZE,Nigeria
Fave,Nigeria
Berri-Tiga,Nigeria
Vector,Nigeria
Cheque,Nigeria
Ajebutter22,Nigeria
Mr Eazi,Nigeria
Mohbad,Nigeria
LADIPOE,Nigeria
Zinoleesky,Nigeria
Zlatan,Nigeria
Carterefe,Nigeria
Camidoh,Ghana
Lad,TBC
BNXN fka Buju,Nigeria
Adekunle Gold,Nigeria
Wizkid,Nigeria
JAE5,UK
Crayon,Nigeria
Bella Shmurda,Nigeria
M.I. Abaga,Nigeria
Omar Apollo,USA
Montell Fish,USA
JVKE,USA
Eliza Rose,UK
d4vd,USA
Seafret,UK
James Hype,UK
031CHOPPA,Nigeria
Beach Weather,USA
Luxury SA,ZA
BLUE TAPE,ZA
Deep London,ZA
Pushkin & Springle,ZA
JID,USA
Lowsheen,ZA
Lwah Ndlunkulu,ZA
TALK,Canada
Jay Music,ZA
Sofia Carson,USA
Wendy Shay,Ghana
Imanbek,Kazakhstan
uLazi,ZA
Oxlade,Nigeria
Central Cee,UK
Rema,Nigeria
Nkulee501,ZA
Dinky Kunene,ZA
Rosa Linn,Armenia
Robot Boii,ZA
Coolkiid Da Vocalist,Cameroon-American
j-hope,South Korea
rum.gold,USA
JP Cooper,UK
HENNYBELIT,ZA
Dee-Jay,ZA
Johnny Clegg & Savuka,ZA
Gee Six Five,ZA
BLEU,USA
King Modana,ZA
Tiwa Savage,UK
pewdiepie,Sweden
TiMO ODV,ZA
Salatiel,Cameroon
Tyler,USA
Alicia Keys,USA
Nija,USA
Tekno,Nigeria
Heavy-K,ZA
Blaqnick & MasterBlaq,ZA
Earth,USA
Davido,Nigeria
Kate Bush,UK
Konke,ZA
Armani White,USA
Nissi,Nigeria
Dj Boat,Ghana
Kizz Daniel,Nigeria
Droomsindroom,ZA
Lojay,Nigeria
Nicky Youre,USA
MashBeatz,ZA
Leah Kate,USA
Marcus MC,ZA
Southside,USA
INNOVATIVE DJz,ZA
Carolina Gaitn - La Gaita,Colombia
Villosoul,ZA
Dj Karri,ZA
Farruko,Puerto Rico
Drizzy Sam Rsa,ZA
AnnenMayKantereit,Germany
Tom Odell,UK
Tevin Campbell,USA
Yung Lean,Sweden
Ruth B.,Canada
Em Beihold,USA
Jung Kook,South Korea
Yeat,USA
JAY-Z,USA
Omah Lay,Nigeria
Elley Duh,USA
Jessica Darrow,USA
Mary J. Blige,USA
Black Sherif,Ghana
Lucky Daye,USA
Lauren Spencer-Smith,Canada
Uncle Waffles,ZA
Lira,ZA
Kevin Gates,USA
Nicole Elocin,ZA
Dove Cameron,USA
lil Shordie Scott,USA
Chase Atlantic,Australia
Pheelz,Nigeria
$NOT,USA
Zuko SA,ZA
Senior Oat,ZA
DJ Hlo,ZA
Mduduzi Ncube,ZA
Lil Durk,USA
Sam Deep,ZA
The Game,USA
Benny The Butcher,USA
The Walters,USA
Mzux Maen,ZA
Fivio Foreign,USA
Frenzyoffixial,Nigeria
Stray Kids,South Korea
S'Villa,ZA
Jnr Choi,UK
Muni Long,USA
William Last KRM,Botswana
Zoocci Coke Dope,ZA
Cat Burns,UK
Coi Leray,USA
Venom,UK
Lebza TheVillain,ZA
9umba,ZA
Luude,Australia
Daliwonga,ZA
Fireboy DML,Nigeria
Goya Menor,Nigeria
2 Chainz,USA
Wanitwa Mos,ZA
Emotionz DJ,ZA
Emmy Meli,USA
Caltonic SA,ZA
Mthunzi,ZA
SALES,USA
DJ Ngwazi,ZA
Q-Mark,ZA
Karyendasoul,ZA
Drip Gogo,ZA
Prince Benza,ZA
Jaymes Young,USA
Eloff,ZA
Demi Lee Moore,ZA
Theuns Jordaan,ZA
RealestK,Canada
Jay,ZA
Becky Hill,UK
Will Linley,ZA
Iyanya,Nigeria
GAYLE,USA
Ch'cco,ZA
FelixThe1st,UK
Niniola,Nigeria
MDU aka TRP,ZA
Musketeers,ZA
ACRAZE,USA
MDU aka TRP,ZA
Musketeers,ZA
ACRAZE,USA
347aidan,Canada
Ntokzin,ZA
MKTO,ZA
Gabry Ponte,Italy
Nomfundo Moh,ZA
Joeboy,Nigeria
Q Twins,ZA
Amaarae,USA
Msaki,ZA
Benson Boone,USA
TDK Macassette,ZA
Sdala B,ZA
NEIKED,Sweden
BoyWithUke,USA
TuksinSA,ZA
Swedish House Mafia,Sweden
Adele,UK
Audiomarc,ZA
Die Heuwels Fantasties,ZA
Abidoza,ZA
LISA,Korea
Slade,UK
Realestk,Canada
Young Stunna,ZA
Khanyisa,ZA
Dax,Canada
Nardo Wick,USA
Njelic,ZA
Skylar Grey,USA
Kvng Vinci,USA
Nkosazana_Daughter,ZA
Kevboii,ZA
Mfana Kah Gogo,ZA
evvz,Sweden
$uicideboy$,USA
Gobi Beast,ZA
Tems,Nigeria
Sir Trill,ZA
Soa mattrix,ZA
2 ChaiNew Zealand,USA
21 Savage,USA
24kGoldn,USA
25K,ZA
5 Seconds of Summer,USA
6LACK,USA
6ix9ine,USA
A Boogie Wit da Hoodie,USA
A$AP Ferg,USA
A$AP Rocky,USA
A-Reece,ZA
AC/DC,USA
AJR,USA
AKA,ZA
ANATII,ZA
ATB,Germany
AURORA,Germany
AVAION,Germany
Afro Music,Germany
Agust D,Korea
Alan Walker,USA
Alec Benjamin,USA
Alessia Cara,USA
Alesso,Sweden
Alexander 23,USA
Alfa Kat,ZA
Ali Gatie,Canada
Amanda Black,ZA
Ami Faku,ZA
Amin,USA
Amu Classic,ZA
Anderson .Paak,USA
Andile Mpisane,ZA
Andy Grammer,USA
Andy Williams,USA
Anne-Marie,USA
Ant Saunders,USA
Anuel AA,Puerto Rico
Appel,ZA
Arctic Monkeys,USA
Ari Lennox,USA
Ariana Grande,USA
Arizona Zervas,USA
Armin van Buuren,ZA
ArrDee,UK
Ashe,USA
Ashley O,USA
Ashnikko,USA
Aubrey Qwana,ZA
August Alsina,USA
Ava Max,USA
Avicii,Sweden
Avril Lavigne,USA
Axwell /\ Ingrosso,Sweden
Aymos,ZA
Azana,ZA
BANNERS,UK
BENEE,New Zealand
BIA,USA
BLACKPINK,South Korea
BRNS,Belgium
BROCKHAMPTON,USA
BTS,South Korea
Baby Keem,USA
Bad Bunny,Puerto Rico
Bad Wolves,USA
Balcony Mix Africa,ZA
Band Aid,UK
Bas,USA
Bastille,UK
Bazzi,USA
Bea Miller,USA
Bebe Rexha,USA
Bella Poarch,USA
Belly,Canada
Bernice West,ZA
Beyonc,USA
Big Sean,USA
Big Shaq,UK
Big Zulu,ZA
Biggy,USA
Billie Eilish,USA
Bing Crosby,USA
Black Coffee,ZA
Black Eyed Peas,USA
Black Motion,ZA
Blackstreet,USA
Blanco Brown,USA
Blaq Diamond,ZA
Blaqnick,ZA
BlocBoy JB,USA
Blue Ivy,USA
Blueface,USA
Blxckie,ZA
Blxst,USA
Bobby Helms,USA
Boity,ZA
Bok Van Blerk,ZA
Boney M.,Germany
Boohle,Germany
Brenda Lee,Germany
Brent Faiyaz,Germany
Brett Eldredge,USA
Bring Me The Horizon,UK
Britney Spears,USA
Bruce Springsteen,USA
Bruno Mars,USA
Bryan Adams,Canada
Bryce Vine,USA
Bryson Tiller,USA
Burl Ives,USA
Burna Boy,Nigeria
Busiswa,ZA
Busta 929,ZA
Busta Rhymes,USA
CJ,USA
CKay,Nigeria
CORPSE,USA
Calum Scott,UK
Calvin Harris,UK
CamelPhat,UK
Camila Cabello,USA
Cardi B,USA
Cash Cash,USA
Cashmere Cat,Norway
Cassper Nyovest,ZA
Chance the Rapper,USA
Charli XCX,UK
Charlie Puth,USA
Cheat Codes,USA
Childish Gambino,USA
Chle,USA
Chloe x Halle,USA
Chris Brown,USA
Chris Rea,UK
Christina Aguilera,USA
Chuck Berry,USA
Ciara,USA
Clairo,USA
Clean Bandit,UK
Cline Dion,USA
Clinton Kane,Australia
Cochise,USA
Coldplay,UK
Conan Gray,USA
Coolio,USA
Cordae,USA
Costa Titch,ZA
Curtis Waters,Canada
Cyfred,ZA
DBN Gogo,ZA
DDG,USA
DJ Big Sky,ZA
DJ Cleo,ZA
DJ Durel,USA
DJ Ganyani,ZA
DJ Jaivane,USA
DJ Khaled,USA
DJ Maphorisa,ZA
DJ Snake,France
DJ Stokie,ZA
DJ Sumbody,ZA
DJ Tarico,ZA
DJ Tira,ZA
DJ Zinhle,ZA
DMX,USA
Da Les,ZA
DaBaby,USA
DaVido,Nigeria
Daddy Yankee,Puerto Rico
Dan + Shay,USA
DaniLeigh,USA
Daniel Caesar,Canada
Darlene Love,USA
Daryl Hall & John Oates,USA
Dave,UK
David Guetta,France
David Scott,ZA
Daya,USA
De Mthuda,ZA
Dean Lewis,Australia
Dean Martin,USA
Demi Lovato,USA
Dennis Lloyd,Israel
Dermot Kennedy,USA
Desiigner,USA
Diplo,USA
Distruction Boyz,ZA
Dixie,USA
Dj Abux,ZA
Dj Melzi,ZA
Dj Obza,ZA
Dj Sunco,ZA
Djy Zan SA,ZA
Dladla Mshunqisi,ZA
Dlala Regal,ZA
Dlala Thukzin,ZA
Doja Cat,USA
Dominic Fike,USA
Don Toliver,USA
Dr. Dre,USA
Drake,USA
Dreamville,USA
DripReport,USA
Dua Lipa,UK
Duncan Laurence,Netherlands
Dynoro,Lithuania
Dzo 729,ZA
Eagles,USA
Early B,USA
"Earth, Wind & Fire",USA
Ed Sheeran,UK
Eduardo XD,ZA
Elaine,ZA
Elandr,ZA
Elevation Worship,USA
Ella Fitzgerald,USA
Ella Mai,UK
Ellie Goulding,UK
Elton John,UK
Elvis Presley,USA
ElyOtto,Canada
Eminem,USA
EmotioNew Zealand DJ,ZA
Emtee,ZA
Erica Banks,USA
Eurythmics,UK
FATMAN,ZA
FLETCHER,USA
Fabolous,USA
Falz,Nigeria
Famous Dex,USA
Fantasia,USA
Felix Jaehn,Germany
Felo Le Tee,Germany
Fifth Harmony,Germany
Fleetwood Mac,Germany
Flipp Dinero,USA
Florence + The Machine,UK
Focalistic,ZA
Fort Minor,USA
Foster The People,USA
Foushe,USA
Francois van Coke,ZA
Frank Casino,ZA
Frank Ocean,USA
Frank Sinatra,USA
French Montana,USA
Future,USA
G Herbo,USA
G-Eazy,USA
GASHI,USA
Gaba Cannal,ZA
Galantis,Sweden
Gaullin,Lithuania
Geato,ZA
GeeSixFive,ZA
Gemini Major,ZA
George Ezra,UK
Gesaffelstein,France
Giveon,USA
Glass Animals,UK
Gnarls Barkley,USA
GoldFish,ZA
Gryffin,USA
Gucci Mane,USA
Gunna,USA
Gwen Stefani,USA
Gyakie,Ghana
H.E.R.,USA
HVME,Spain
Hailee Steinfeld,USA
Halsey,USA
Harry Styles,UK
Headie One,UK
Heavy K,ZA
Hillsong Worship,Australia
Holly Rey,ZA
Hozier,UK
ILuvJupiter,ZA
Imagine Dragons,USA
Intaba Yase Dubai,ZA
Internet Money,USA
Irene-Louise Van Wyk,ZA
Isaiah Rashad,USA
J Balvin,Colombia
J. Cole,USA
JACKBOYS,USA
JP Saxe,Canada
Jack Harlow,USA
Jacquees,USA
Jaden,USA
Jake Paul,USA
James Arthur,UK
James Bay,UK
James Blake,UK
Jason Derulo,USA
Jason Isbell and the 400 Unit,USA
Jason Mraz,USA
Jawsh 685,New Zealand
Jax Jones,UK
Jay Electronica,USA
Jay Rock,USA
JazziDisciples,ZA
Jeremy Loops,ZA
Jeremy Zucker,USA
Jess Glynne,UK
Jessie J,UK
Jessie Reyez,Canada
Jhen Aiko,USA
Jobe London,ZA
Joel Corry,UK
Joey Bada$$,USA
Joey Fatts,USA
John Legend,USA
John Lennon,UK
John Mayer,USA
Johnny Clegg,ZA
Joji,Japan
Jon Bellion,USA
Jonas Blue,UK
Jonas Brothers,USA
Jorja Smith,UK
Jos Feliciano,Puerto Rico
Josiah De Disciple,ZA
Journey,USA
Joyner Lucas,USA
Jub Jub,ZA
Juice WRLD,USA
Julia Michaels,USA
Juluka,ZA
Junior De Rocka,ZA
Justin Bieber,Canada
Justin Timberlake,USA
K CAMP,USA
K.O,ZA
KALEO,Iceland
KAROL G,Colombia
KDDO,Nigeria
KIDS SEE GHOSTS,USA
KSI,UK
KYLE,USA
Kabza De Small,ZA
Kabza De Small&Dj Maphorisa,ZA
Kali Uchis,USA
Kamo Mphela,ZA
Kane Brown,USA
Kanye West,USA
Kari Jobe,USA
Katy Perry,USA
KayGee DaKing,ZA
Keala Settle,USA
Kehlani,USA
Kelly Clarkson,USA
Kelly Khumalo,ZA
Kelvin Momo,ZA
Kendrick Lamar,USA
Khalid,USA
Kid Cudi,USA
Kid X,ZA
Kiiara,USA
Killer Kau,ZA
Kina,Italy
King Monada,ZA
King Princess,USA
Kodak Black,USA
Kris Kross Amsterdam,Netherlands
Kwesta,ZA
Kweyama Brothers,ZA
Kwiish SA,ZA
Kygo,Norway
Kyle Watson,ZA
Kylie Minogue,Australia
Labrinth,UK
Lady Du,ZA
Lady Gaga,USA
Lady Zamar,ZA
Lana Del Rey,USA
Lauren Daigle,USA
Lauv,USA
Leeland,USA
Lennon Stella,Canada
Leon Schuster,ZA
Leona Lewis,UK
Lewis Capaldi,Scotland
Liam Payne,UK
Lil Baby,USA
Lil Dicky,USA
Lil Mosey,USA
Lil Nas X,USA
Lil Peep,USA
Lil Pump,USA
Lil Skies,USA
Lil Tecca,USA
Lil Tjay,USA
Lil Uzi Vert,USA
Lil Wayne,USA
Lil Xan,USA
Lil Yachty,USA
Little Mix,UK
Lizzo,USA
Lloyiso,ZA
Logic,USA
Lord Huron,USA
Lorde,New Zealand
Los Unidades,UK
Lost Frequencies,Belgium
Loud Luxury,Canada
Loufi,ZA
Louis The Child,USA
Lukas Graham,Denmark
Luu Nineleven,ZA
MASN,Netherlands
MAX,USA
MEDUZA,Italy
Mabel,Sweden
Mac Miller,USA
Machine Gun Kelly,USA
Madison Beer,USA
Mafikizolo,ZA
Maggie Lindemann,USA
Majestic,UK
Majid Jordan,Canada
Major Lazer,USA
Major League Djz,ZA
Makhadzi,ZA
Maluma,ZA
Manqonqo,ZA
Mapara A Jazz,ZA
Maren Morris,USA
Mariah Carey,USA
Mario,USA
Mark Ronson,UK
Maroon 5,USA
Marshmello,USA
Martin Garrix,Netherlands
Martin Jensen,Denmark
Mas Music,ZA
Mas Musiq,ZA
Masego,USA
Masked Wolf,Australia
Master KG,ZA
Matthew Mole,ZA
Max Hurrell,ZA
Mduduzi,ZA
Meek Mill,USA
Megan Thee Stallion,USA
Meghan Trainor,USA
Melanie Martinez,USA
Mellow & Sleazy,ZA
Metro Boomin,USA
Mfr Souls,ZA
Mi Casa,ZA
Michael Bubl,USA
Michael Jackson,USA
Migos,USA
Miguel,USA
Mike Posner,USA
Mike WiLL Made-It,USA
Miley Cyrus,USA
Miss Pru DJ,ZA
Mlindo The Vocalist,ZA
Mneskin,Italy
Money Man,USA
Mr JazziQ,ZA
Mr. Probz,Netherlands
Mthandazo Gatya,ZA
MthuNew Zealandi,ZA
Mumford & Sons,UK
Musa Keys,ZA
Mustard,USA
Muzzy D Pilot,ZA
N.E.R.D,USA
NAV,USA
NF,USA
NLE Choppa,USA
NOTD,Sweden
Nas,USA
Nasty C,ZA
Nat King Cole,USA
Natalie Taylor,USA
Nathan Dawe,UK
Nathan Evans,UK
Nea,ZA
Neon Dreams,Canada
Niall Horan,UK
Nick Jonas,USA
Nicki Minaj,USA
Nicky Jam,USA
Nipsey Hussle,USA
Noah Cyrus,USA
Nomcebo Zikode,ZA
Normani,USA
Ntosh Gazi,ZA
OSKIDO,ZA
Oasis,UK
Octavian,France
Ofenbach,France
Offset,USA
Oliver Tree,USA
Olivia Rodrigo,USA
OneRepublic,USA
P!nk,USA
PARTYNEXTDOOR,USA
Pabi Cooper,ZA
Panic! At The Disco,USA
Papa Roach,USA
Party in Backyard,Netherlands
Pascal & Pearce,ZA
Passenger,UK
Paul McCartney,UK
Paul Rosenberg,USA
Pedro Cap,Puerto Rico
Perry Como,USA
Petit Biscuit,France
Pharrell Williams,USA
Pink Sweat$,USA
Playboi Carti,USA
Polo G,USA
Poo Bear,USA
Pooh Shiesty,USA
Pop Smoke,USA
Portugal. The Man,USA
Post Malone,USA
Powfu,Canada
Prince BeNew Zealanda,ZA
Prince Kaybee,ZA
Pusha T,USA
Quality Control,USA
Quavo,USA
Queen,UK
R. Kelly,USA
R3HAB,Netherlands
ROS,USA
ROSALA,Spain
Rae Sremmurd,USA
Rag'n'Bone Man,UK
Red Hot Chili Peppers,USA
Reece Madlisa,ZA
Regard,ZA
Regi,Belgium
Ren,ZA
Rethabile Khumalo,ZA
Riaan Benad,ZA
Rich The Kid,USA
Rick Ross,USA
Ricus Nel,ZA
Rihanna,USA
Riky Rick,ZA
Rita Ora,UK
Riton,UK
Ritt Momney,USA
Rob $tone,USA
Robbie Wessels,ZA
Robin Schulz,Germany
Robinson,New Zealand
Rod Wave,USA
Roddy Ricch,USA
Rudimental,UK
Russ,USA
Russ Millions,UK
SAINt JHN,USA
SHAED,USA
SHELOVESKAMO,ZA
SZA,USA
Sabrina Carpenter,USA
Sam Feldt,Netherlands
Sam Fischer,Australia
Sam Smith,UK
Samthing Soweto,ZA
Saweetie,USA
Sayfar,ZA
ScHoolboy Q,USA
Sean Paul,USA
Seeb,USA
Selena Gomez,USA
Semi Tee,ZA
Sha Sha,ZA
Shado M,ZA
Shakin' Stevens,UK
Shane Eagle,ZA
Shawn Mendes,USA
Sheck Wes,USA
Shekhinah,ZA
Sho Madjozi,ZA
Shouse,Australia
SiR,USA
Sia,Australia
Sigala,UK
Silk City,UK
Simmy,ZA
Sista Prod,Ghana
Sithelo,ZA
Sjava,ZA
Ski Mask The Slump God,USA
Skrillex,USA
Sleepy Hallow,USA
Slipknot,USA
Smash Mouth,USA
Smiley,USA
Smokepurpp,USA
Snoh Aalegra,Sweden
Snotkop,ZA
Soa Mattrix,ZA
Social House,USA
Sofa Reyes,Mexico
Sofi Tukker,USA
Sofia Reyes,Mexico
Solange,USA
Sonder,USA
Soweto's Finest,ZA
Spoegwolf,ZA
SpotemGottem,USA
StarBoi3,USA
Starley,Australia
StaySolidRocky,USA
Steve Aoki,USA
Steve Hofmeyr,ZA
Steve Lacy,USA
Stevie Wonder,USA
Stillaround,USA
Stormzy,UK
Sueco,Sweden
Summer Walker,USA
Sun-El Musician,ZA
Surf Curse,USA
Surf Mesa,USA
Surfaces,USA
Swae Lee,USA
Synth Peter,ZA
TEEKS,New Zealand
THE ANXIETY,USA
THE SCOTTS,USA
TNS,ZA
TOKYOS REVENGE,USA
TOOL,USA
TOTO,USA
Tai Verdes,UK
Takeoff,USA
Tate McRae,Canada
Taylor Swift,USA
Tee Jay,ZA
Teejay,ZA
Tellaman,ZA
Teyana Taylor,USA
ThackzinDJ,ZA
The 1975,UK
The Carters,USA
The Chainsmokers,USA
The Goo Goo Dolls,USA
The Jackson 5,USA
The Kid LAROI,Australia
The Killers,USA
The Lowkeys,ZA
The Lumineers,USA
The Neighbourhood,USA
The Pogues,UK
The Police,UK
The Ronettes,USA
The Weeknd,USA
The White Stripes,USA
Timo Odv,ZA
Tion Wayne,UK
Tisto,Netherlands
Tom Walker,UK
Tones And I,Australia
Tony Bennett,USA
Topic,Germany
Toploader,UK
Tory Lanez,Canada
Train,USA
Travis Scott,USA
Trevor Daniel,USA
Trinidad Cardona,USA
Trippie Redd,USA
Troye Sivan,Australia
Tshego,ZA
Tumisho,ZA
Twenty One Pilots,USA
Ty Dolla $ign,USA
Tyga,USA
Tyla,ZA
Tyla Yaweh,USA
Tyler ICU,ZA
"Tyler, The Creator",USA
U2,Ireland
UNLIMITED SOUL,ZA
Vance Joy,Australia
Vedo,USA
Vetkuk,ZA
Vhudie,ZA
Vigiland,USA
Vigro Deep,ZA
Vusi Nova,ZA
Vusinator,ZA
WALK THE MOON,USA
WATTS,USA
WILLOW,USA
Wale,USA
Wallows,USA
Wham!,UK
Whitney Houston,USA
WhoHeem,USA
Why Don't We,USA
Wiz Khalifa,USA
WizKid,Nigeria
XXXTENTACION,USA
Y2K,USA
YBN Nahmir,USA
YG,USA
YNW Melly,USA
YUNGBLUD,UK
Yanga Chief,ZA
Years & Years,UK
Young Stoner Life,USA
Young T & Bugsey,UK
Young Thug,USA
Yung Bleu,USA
ZAYN,UK
Zac Efron,USA
Zahara,ZA
Zain SA,ZA
Zakes Bantwini,ZA
Zandimaz,ZA
Zara Larsson,Sweden
Zedd,Germany
Zero12Finest,ZA
a-ha,Norway
benny blanco,USA
blackbear,USA
dvsn,Canada
grandson,USA
salem ilese,USA
twocolors,Germany
