trackAppearanceCount,artistAppearanceCount,artist_names,track_name,rank,uri,source,peak_rank,previous_rank,weeks_on_chart,streams,End Date,Week,Year,End Date Dt,Seconds since Epoch,End Date Aggregated,ArtistCount,main_artist,isTopTen
0,0,"21 Savage, Drake",MR RECOUP,151,spotify:track:38iBHQloAVZNpKsFVU8aAd,"Slaughter Gang, LLC/Epic Records",151,-1,1,9763016,2025-12-18,51,2025,2025-12-18,1766016000.0,2025-12-01,1,21 Savage,0
0,0,Aditya Rikhari,Sahiba,109,spotify:track:0eLtIxPRNJfsmehITZ1qaJ,T-Series,37,97,24,10837026,2025-12-18,51,2025,2025-12-18,1766016000.0,2025-12-01,1,Aditya Rikhari,0
0,0,Alex Warren,Ordinary,16,spotify:track:2RkZ5LkEzeHGRsmDqKwmaJ,Atlantic Records,1,14,45,24322646,2025-12-18,51,2025,2025-12-18,1766016000.0,2025-12-01,1,Alex Warren,0
0,0,Andy Williams,It's the Most Wonderful Time of the Year,13,spotify:track:1IcR6RlgvDczfvoWJSSY2A,Columbia,7,17,51,26540722,2025-12-18,51,2025,2025-12-18,1766016000.0,2025-12-01,1,Andy Williams,0
0,0,Arctic Monkeys,505,100,spotify:track:58ge6dfP91o9oXMzq3XkIS,Domino Recording Co,43,85,206,11218930,2025-12-18,51,2025,2025-12-18,1766016000.0,2025-12-01,1,Arctic Monkeys,0
0,1,Arctic Monkeys,I Wanna Be Yours,50,spotify:track:5XeFesFbtLpXzIVDNQP22n,Domino Recording Co,15,48,180,14411072,2025-12-18,51,2025,2025-12-18,1766016000.0,2025-12-01,1,Arctic Monkeys,0
0,0,Ariana Grande,Santa Tell Me,7,spotify:track:0lizgQ7Qw35od7CYaoMBZb,Universal Records,3,9,57,32336820,2025-12-18,51,2025,2025-12-18,1766016000.0,2025-12-01,1,Ariana Grande,1
0,1,Ariana Grande,we can't be friends (wait for your love),114,spotify:track:51ZQ1vr10ffzbwIjDCwqm4,Republic Records,1,93,93,10659804,2025-12-18,51,2025,2025-12-18,1766016000.0,2025-12-01,1,Ariana Grande,0
0,0,BLACKPINK,JUMP,184,spotify:track:5H1sKFMzDeMtXwND3V6hRY,YG Entertainment,1,133,23,9234710,2025-12-18,51,2025,2025-12-18,1766016000.0,2025-12-01,1,BLACKPINK,0
0,0,BLOK3,KUSURA BAKMA,61,spotify:track:1mgoLJV5W6JSWanT5bgf3o,Mundo Music,29,29,3,13753019,2025-12-18,51,2025,2025-12-18,1766016000.0,2025-12-01,1,BLOK3,0
0,0,Bad Bunny,BAILE INoLVIDABLE,33,spotify:track:2lTm559tuIvatlT1u0JYG2,Rimas Entertainment LLC.,4,44,50,17548694,2025-12-18,51,2025,2025-12-18,1766016000.0,2025-12-01,1,Bad Bunny,0
0,1,Bad Bunny,DtMF,32,spotify:track:3sK8wGT43QFpWrvNQsrQya,Rimas Entertainment LLC.,1,37,50,17598333,2025-12-18,51,2025,2025-12-18,1766016000.0,2025-12-01,1,Bad Bunny,0
0,2,Bad Bunny,EoO,85,spotify:track:6J5kc12BW5HuP3d7C3vvx8,Rimas Entertainment LLC.,9,98,50,11900011,2025-12-18,51,2025,2025-12-18,1766016000.0,2025-12-01,1,Bad Bunny,0
0,3,Bad Bunny,NUEVAYoL,69,spotify:track:5TFD2bmFKGhoCRbX61nXY5,Rimas Entertainment LLC.,5,73,50,13164345,2025-12-18,51,2025,2025-12-18,1766016000.0,2025-12-01,1,Bad Bunny,0
0,4,Bad Bunny,VOY A LLeVARTE PA PR,107,spotify:track:59D4DOkspUbWyMmbAPQkxZ,Rimas Entertainment LLC.,8,162,42,10879776,2025-12-18,51,2025,2025-12-18,1766016000.0,2025-12-01,1,Bad Bunny,0
0,5,"Bad Bunny, Omar Courtz, Dei V",VeLD,155,spotify:track:7d6yK8v8J484SWH5prIQiE,Rimas Entertainment LLC.,9,179,45,9650508,2025-12-18,51,2025,2025-12-18,1766016000.0,2025-12-01,1,Bad Bunny,0
0,0,Band Aid,Do They Know It's Christmas? - 1984 Version,51,spotify:track:4Yg2w0P29BBBMixyeNjDtj,EMI,12,72,41,14386207,2025-12-18,51,2025,2025-12-18,1766016000.0,2025-12-01,1,Band Aid,0
0,0,Benson Boone,Beautiful Things,56,spotify:track:3xkHsmpQCBMytMJNiDf3Ii,"Night Street Records, Inc./Warner Records Inc.",1,50,100,13964930,2025-12-18,51,2025,2025-12-18,1766016000.0,2025-12-01,1,Benson Boone,0
0,0,Billie Eilish,BIRDS OF A FEATHER,27,spotify:track:6dOtVTDdiauQNBQEDOtlAB,Darkroom/Interscope Records,1,20,83,20336252,2025-12-18,51,2025,2025-12-18,1766016000.0,2025-12-01,1,Billie Eilish,0
0,1,Billie Eilish,WILDFLOWER,45,spotify:track:3QaPy1KgI7nu9FJEQUgn6h,Darkroom/Interscope Records,9,33,83,15389541,2025-12-18,51,2025,2025-12-18,1766016000.0,2025-12-01,1,Billie Eilish,0
0,0,"Bing Crosby, Ken Darby Singers, John Scott Trotter & His Orchestra",White Christmas - 1947 Version,53,spotify:track:3XsaSIPWvM61RIFfeb0BBR,Geffen,26,63,40,14272392,2025-12-18,51,2025,2025-12-18,1766016000.0,2025-12-01,1,Bing Crosby,0
0,1,"Bing Crosby, The Andrews Sisters",Mele Kalikimaka (Merry Christmas),117,spotify:track:04vLj9QUXoKdRlsp3gkURo,Geffen,61,169,8,10537833,2025-12-18,51,2025,2025-12-18,1766016000.0,2025-12-01,1,Bing Crosby,0
0,0,"Blessd, Anuel AA, Yan Block, Luar La L, Kris R., ROA","YOGURCITO REMIX (feat. Kris R., ROA)",192,spotify:track:7nrd0eIftH3NQLfgk20Qp9,WEA Latina,93,164,13,9009100,2025-12-18,51,2025,2025-12-18,1766016000.0,2025-12-01,2,Blessd,0
0,0,Bobby Helms,Jingle Bell Rock,5,spotify:track:7vQbuQcyTflfCIOu3Uzzya,Geffen,4,6,56,35725051,2025-12-18,51,2025,2025-12-18,1766016000.0,2025-12-01,1,Bobby Helms,1
0,0,Brenda Lee,Rockin' Around The Christmas Tree,4,spotify:track:2EjXfH91m7f8HiJN1yQg97,MCA Nashville,3,4,58,40375894,2025-12-18,51,2025,2025-12-18,1766016000.0,2025-12-01,1,Brenda Lee,1
0,0,Britney Spears,My Only Wish (This Year),122,spotify:track:0YWUHZPJVg4iujddsJDwhM,Jive,55,158,28,10458795,2025-12-18,51,2025,2025-12-18,1766016000.0,2025-12-01,1,Britney Spears,0
0,0,Bruno Mars,Just the Way You Are,142,spotify:track:7BqBn9nzAq8spo5e7cZ0dJ,Elektra (NEK),34,150,152,9897121,2025-12-18,51,2025,2025-12-18,1766016000.0,2025-12-01,1,Bruno Mars,0
0,1,Bruno Mars,Locked out of Heaven,148,spotify:track:5g7sDjBhZ4I3gcFIpkrLuI,Atlantic Records,23,138,176,9826912,2025-12-18,51,2025,2025-12-18,1766016000.0,2025-12-01,1,Bruno Mars,0
0,2,Bruno Mars,That's What I Like,87,spotify:track:0KKkJNfGyhkQ5aFogxQAPU,Atlantic Records,6,70,164,11874287,2025-12-18,51,2025,2025-12-18,1766016000.0,2025-12-01,1,Bruno Mars,0
0,3,Bruno Mars,When I Was Your Man,181,spotify:track:0B7wvvmu9EISAwZnOpjhNI,Atlantic Records,38,161,156,9274839,2025-12-18,51,2025,2025-12-18,1766016000.0,2025-12-01,1,Bruno Mars,0
0,0,Burl Ives,A Holly Jolly Christmas,147,spotify:track:3U0K5zLGVVIHoAXQolRGEP,UME - Global Clearing House,23,122,36,9833700,2025-12-18,51,2025,2025-12-18,1766016000.0,2025-12-01,1,Burl Ives,0
0,0,Chappell Roan,"Good Luck, Babe!",135,spotify:track:0WbMK4wrZ1wFSty9F7FCgu,Chappell Roan PS/ Island,6,99,88,10128375,2025-12-18,51,2025,2025-12-18,1766016000.0,2025-12-01,1,Chappell Roan,0
0,0,Charlie Puth,Attention,166,spotify:track:5cF0dROlMOK5uNZtivgu50,Artist Partner,5,130,81,9456323,2025-12-18,51,2025,2025-12-18,1766016000.0,2025-12-01,1,Charlie Puth,0
0,0,Chris Rea,Driving Home for Christmas - 2019 Remaster,57,spotify:track:27qAMKrDdKEs8HDXcvR24R,Rhino,21,76,39,13916547,2025-12-18,51,2025,2025-12-18,1766016000.0,2025-12-01,1,Chris Rea,0
0,0,Chuck Berry,Run Rudolph Run,58,spotify:track:2pnPe4pJtq7689i5ydzvJJ,Geffen*,38,79,28,13913071,2025-12-18,51,2025,2025-12-18,1766016000.0,2025-12-01,1,Chuck Berry,0
0,0,Cigarettes After Sex,Apocalypse,91,spotify:track:1oAwsWBovWRIp7qLMGPIet,Partisan Records,53,67,179,11621306,2025-12-18,51,2025,2025-12-18,1766016000.0,2025-12-01,1,Cigarettes After Sex,0
0,1,Cigarettes After Sex,Cry,189,spotify:track:3p4hRhMcb6ch8OLtATMaLw,Partisan Records,69,115,46,9088477,2025-12-18,51,2025,2025-12-18,1766016000.0,2025-12-01,1,Cigarettes After Sex,0
0,0,Coldplay,Sparks,73,spotify:track:7D0RhFcb3CrfPuTJ0obrod,Parlophone UK,30,52,69,12858214,2025-12-18,51,2025,2025-12-18,1766016000.0,2025-12-01,1,Coldplay,0
0,1,Coldplay,The Scientist,176,spotify:track:75JFxkI2RXiU7L9VXzMkle,Parlophone Records Limited,71,143,87,9347012,2025-12-18,51,2025,2025-12-18,1766016000.0,2025-12-01,1,Coldplay,0
0,2,Coldplay,Viva La Vida,138,spotify:track:1mea3bSkSGXuIRvnydlB5b,Parlophone UK,31,125,173,9981345,2025-12-18,51,2025,2025-12-18,1766016000.0,2025-12-01,1,Coldplay,0
0,3,Coldplay,Yellow,65,spotify:track:3AJwUDP919kvQ9QcozQPxg,Parlophone UK,19,57,261,13512277,2025-12-18,51,2025,2025-12-18,1766016000.0,2025-12-01,1,Coldplay,0
0,0,"DJ Japa NK, MC Meno K, MC Ryan SP, Mc Jacare, DJ DAVI DOGDOG",Posso At No Te Dar Flores,41,spotify:track:4G7bbgD2DHORU4frrWoCXp,Bololo Records,11,35,9,16125415,2025-12-18,51,2025,2025-12-18,1766016000.0,2025-12-01,1,DJ Japa NK,0
0,0,"DJ Snake, Justin Bieber",Let Me Love You,99,spotify:track:0lYBSQXN6rCTvUZvg9S0lU,DJ Snake Def Jam,4,134,84,11232315,2025-12-18,51,2025,2025-12-18,1766016000.0,2025-12-01,1,DJ Snake,0
0,0,Daniel Caesar,Who Knows,92,spotify:track:6DH13QYXK7lKkYHSU88N48,Republic Records,92,107,4,11564815,2025-12-18,51,2025,2025-12-18,1766016000.0,2025-12-01,1,Daniel Caesar,0
0,0,Darlene Love,Christmas (Baby Please Come Home),31,spotify:track:47ohYW8e7dxCYn9qbUMBCI,Legacy Recordings,29,41,27,17663373,2025-12-18,51,2025,2025-12-18,1766016000.0,2025-12-01,1,Darlene Love,0
0,0,"Dave, Tems",Raindance (feat. Tems),150,spotify:track:3oTuTpF1F3A7rEC6RKsMRz,Neighbourhood,142,-1,3,9763530,2025-12-18,51,2025,2025-12-18,1766016000.0,2025-12-01,2,Dave,0
0,0,Dean Martin,Let It Snow! Let It Snow! Let It Snow!,11,spotify:track:2uFaJJtFpPDc5Pa95XzTvg,Capitol Records,6,10,42,28646682,2025-12-18,51,2025,2025-12-18,1766016000.0,2025-12-01,1,Dean Martin,0
0,0,"Disco Lines, Tinashe",No Broke Boys,44,spotify:track:3cZajhyr8LmtPfHZ9296tj,Nice Life/Atlantic,13,49,25,15462781,2025-12-18,51,2025,2025-12-18,1766016000.0,2025-12-01,1,Disco Lines,0
0,0,Djo,End of Beginning,19,spotify:track:3qhlB30KknSejmIvZZLjOD,Djo,3,11,96,23418789,2025-12-18,51,2025,2025-12-18,1766016000.0,2025-12-01,1,Djo,0
0,0,"Don Omar, Lucenzo",Danza Kuduro,174,spotify:track:2a1o6ZejUi8U3wzzOtCOYw,UMLE - Machete,80,-1,103,9378490,2025-12-18,51,2025,2025-12-18,1766016000.0,2025-12-01,1,Don Omar,0
0,0,Don Toliver,No Pole,119,spotify:track:0eaVIYo2zeOaGJeqZ5TwYz,Cactus Jack / Atlantic,72,112,53,10518776,2025-12-18,51,2025,2025-12-18,1766016000.0,2025-12-01,1,Don Toliver,0
0,0,"Drake, Wizkid, Kyla",One Dance,78,spotify:track:1zi7xx7UVEFkmKfv06H8x0,Cash Money Records/Young Money Ent./Universal Rec.,12,89,257,12469134,2025-12-18,51,2025,2025-12-18,1766016000.0,2025-12-01,1,Drake,0
0,0,Eagles,Please Come Home for Christmas - 2013 Remaster,67,spotify:track:3QIoEi8Enr9uHffwInGIsC,Rhino/Elektra,51,74,12,13288029,2025-12-18,51,2025,2025-12-18,1766016000.0,2025-12-01,1,Eagles,0
0,0,"Eartha Kitt, Henri Ren and His Orchestra",Santa Baby (with Henri Ren & His Orchestra),131,spotify:track:1foCxQtxBweJtZmdxhEHVO,RCA Bluebird,48,160,21,10192410,2025-12-18,51,2025,2025-12-18,1766016000.0,2025-12-01,1,Eartha Kitt,0
0,0,Ed Sheeran,Perfect,159,spotify:track:0tgVpDi06FyKpA1z0VMD4v,Atlantic Records UK,4,187,426,9566691,2025-12-18,51,2025,2025-12-18,1766016000.0,2025-12-01,1,Ed Sheeran,0
0,1,Ed Sheeran,Photograph,191,spotify:track:6fxVffaTuwjgEk5h9QyRjy,Atlantic Records UK,41,-1,209,9026723,2025-12-18,51,2025,2025-12-18,1766016000.0,2025-12-01,1,Ed Sheeran,0
0,2,Ed Sheeran,Shape of You,140,spotify:track:7qiZfU4dY1lWllzX7mPBI3,Atlantic Records UK,1,180,393,9935862,2025-12-18,51,2025,2025-12-18,1766016000.0,2025-12-01,1,Ed Sheeran,0
0,3,"Ed Sheeran, Elton John",Merry Christmas,83,spotify:track:0hz5PNF2wejwUKCMpesQWt,Atlantic Records UK,23,92,19,11975260,2025-12-18,51,2025,2025-12-18,1766016000.0,2025-12-01,1,Ed Sheeran,0
0,0,"El Bogueto, Anuel AA, Fuerza Regida, Yung Beef",Cuando No Era Cantante - Remix,52,spotify:track:2pbSCYzxrG0wa6qcj8IyiE,El Bogueto,52,-1,1,14352712,2025-12-18,51,2025,2025-12-18,1766016000.0,2025-12-01,1,El Bogueto,0
0,1,"El Bogueto, Yung Beef",Cuando No Era Cantante,28,spotify:track:44xDy4h27s4ENaC8fKnCoC,Candela Music,22,26,9,19778318,2025-12-18,51,2025,2025-12-18,1766016000.0,2025-12-01,1,El Bogueto,0
0,0,Elton John,Step Into Christmas - Remastered 1995,72,spotify:track:11P4sSu6BH2lAbWk1sL6cK,EMI,36,128,26,12917179,2025-12-18,51,2025,2025-12-18,1766016000.0,2025-12-01,1,Elton John,0
0,0,Elvis Presley,Blue Christmas,89,spotify:track:3QiAAp20rPC3dcAtKtMaqQ,RCA Victor,34,110,36,11731648,2025-12-18,51,2025,2025-12-18,1766016000.0,2025-12-01,1,Elvis Presley,0
0,0,Eminem,Without Me,169,spotify:track:7lQ8MOhq6IN2w8EYcFNSUk,Eminem Catalog PS,31,174,212,9449394,2025-12-18,51,2025,2025-12-18,1766016000.0,2025-12-01,1,Eminem,0
0,0,Empire Of The Sun,We Are The People,175,spotify:track:3zEN0ii6s4DHHBpnTp3RP7,EMI Recorded Music Australia Pty Ltd,94,200,21,9377671,2025-12-18,51,2025,2025-12-18,1766016000.0,2025-12-01,1,Empire Of The Sun,0
0,0,EsDeeKid,4 Raws,178,spotify:track:554qQSs9lpRVq6TlaaiIKT,Lizzy Records,172,-1,3,9334035,2025-12-18,51,2025,2025-12-18,1766016000.0,2025-12-01,1,EsDeeKid,0
0,1,"EsDeeKid, Rico Ace",Phantom,70,spotify:track:57Z6TJCTMACXxdrcwZ3Zvf,Lizzy Records,70,94,5,13145813,2025-12-18,51,2025,2025-12-18,1766016000.0,2025-12-01,1,EsDeeKid,0
0,0,Evanescence,Bring Me To Life,133,spotify:track:0COqiPhxzoWICwFCS4eZcp,The Bicycle Music Company,111,145,37,10189513,2025-12-18,51,2025,2025-12-18,1766016000.0,2025-12-01,1,Evanescence,0
0,0,Fleetwood Mac,Dreams - 2004 Remaster,102,spotify:track:0ofHAoxe9vBkTCp2UQIavz,Rhino/Warner Records,20,87,133,11166092,2025-12-18,51,2025,2025-12-18,1766016000.0,2025-12-01,1,Fleetwood Mac,0
0,0,Flipperachi,FA9LA,74,spotify:track:23p1uP74XiVYCXjPP23Kz7,Outlaw Productions,74,-1,1,12741425,2025-12-18,51,2025,2025-12-18,1766016000.0,2025-12-01,1,Flipperachi,0
0,0,Frank Sinatra,Have Yourself A Merry Little Christmas - Remastered 1999,104,spotify:track:2FPfeYlrbSBR8PwCU0zaqq,Capitol Records,47,118,10,10993629,2025-12-18,51,2025,2025-12-18,1766016000.0,2025-12-01,1,Frank Sinatra,0
0,1,Frank Sinatra,Jingle Bells - Remastered 1999,101,spotify:track:4HEOgBHRCExyYVeTyrXsnL,Capitol Records,38,129,20,11184664,2025-12-18,51,2025,2025-12-18,1766016000.0,2025-12-01,1,Frank Sinatra,0
0,2,"Frank Sinatra, B. Swanson Quartet",Let It Snow! Let It Snow! Let It Snow! (with The B. Swanson Quartet),82,spotify:track:4kKdvXD0ez7jp1296JmAts,Columbia/Legacy,19,111,43,12070515,2025-12-18,51,2025,2025-12-18,1766016000.0,2025-12-01,1,Frank Sinatra,0
0,0,Fuerza Regida,Marlboro Rojo,110,spotify:track:3hpm0fTeSqlhJbnqAgaLZs,Rancho Humilde/Street Mob Records/Sony Music Latin,20,80,32,10809326,2025-12-18,51,2025,2025-12-18,1766016000.0,2025-12-01,1,Fuerza Regida,0
0,1,Fuerza Regida,TU SANCHO,193,spotify:track:6eLQXa6uk2EW8drsiKbABZ,Rancho Humilde/Street Mob Records/Sony Music Latin,11,114,31,8983417,2025-12-18,51,2025,2025-12-18,1766016000.0,2025-12-01,1,Fuerza Regida,0
0,2,"Fuerza Regida, Grupo Frontera",COQUETA,180,spotify:track:1PREzVLuDT6PSE9sej4wnV,Rancho Humilde/Streetmob Records/Grupo Frontera/Sony Music Latin,88,148,34,9276488,2025-12-18,51,2025,2025-12-18,1766016000.0,2025-12-01,1,Fuerza Regida,0
0,0,Gigi Perez,Sailor Song,38,spotify:track:21IYMdzTrzSe191Cy5eMap,"Outtahere, LLC / Island Records",7,38,70,17037427,2025-12-18,51,2025,2025-12-18,1766016000.0,2025-12-01,1,Gigi Perez,0
0,0,"Gorillaz, De La Soul",Feel Good Inc.,94,spotify:track:0d28khcov6AiegSCpG5TuT,Parlophone UK,46,88,52,11422724,2025-12-18,51,2025,2025-12-18,1766016000.0,2025-12-01,1,Gorillaz,0
0,0,Gracie Abrams,Thats So True,80,spotify:track:7ne4VBA60CxGM75vw0EYad,"Gracie Abrams, under exclusive license to Interscope Records",3,66,61,12170942,2025-12-18,51,2025,2025-12-18,1766016000.0,2025-12-01,1,Gracie Abrams,0
0,0,"Grupo Menos  Mais, Simone Mendes",P do Pecado - Ao Vivo,182,spotify:track:38Ps9Kui6qJjpVqdBOfN5M,Som Livre,81,151,26,9272874,2025-12-18,51,2025,2025-12-18,1766016000.0,2025-12-01,1,Grupo Menos  Mais,0
0,0,"Gwen Stefani, Blake Shelton",You Make It Feel Like Christmas (feat. Blake Shelton),108,spotify:track:2OQ6a4CfUeYskpTTgyawyJ,UMGRI Interscope,63,166,14,10863931,2025-12-18,51,2025,2025-12-18,1766016000.0,2025-12-01,2,Gwen Stefani,0
0,0,"HAVEN., Kaitlin Aragon",I Run,126,spotify:track:1WwQ714xuznu44tEnkem2g,Isekai / Broke / AAO,101,120,4,10395488,2025-12-18,51,2025,2025-12-18,1766016000.0,2025-12-01,1,HAVEN.,0
0,0,"HUNTR/X, EJAE, AUDREY NUNA, REI AMI, KPop Demon Hunters Cast",Golden,6,spotify:track:1CPZ5BxNNd0n0nF4Orb9JS,K-Pop Demon Hunters,1,5,26,32424000,2025-12-18,51,2025,2025-12-18,1766016000.0,2025-12-01,1,HUNTR/X,1
0,0,Harry Styles,As It Was,163,spotify:track:4Dvkj6JhhA12EX05fT7y2e,Columbia,1,156,188,9513086,2025-12-18,51,2025,2025-12-18,1766016000.0,2025-12-01,1,Harry Styles,0
0,0,Herencia De Grandes,Ya Borracho,143,spotify:track:4NyUIohBa3CEMGcXURYSOh,Rancho Humilde,143,181,4,9887507,2025-12-18,51,2025,2025-12-18,1766016000.0,2025-12-01,1,Herencia De Grandes,0
0,0,ILLIT,NOT CUTE ANYMORE,161,spotify:track:1k0JAiH11gHL9dc5dfQjQr,BELIFT LAB,161,163,3,9564250,2025-12-18,51,2025,2025-12-18,1766016000.0,2025-12-01,1,ILLIT,0
0,0,Idgitaf,Sedia Aku Sebelum Hujan,39,spotify:track:64qfw9JZl3RYCrq4Mn0WvT,idgitaf musik,39,53,3,16625779,2025-12-18,51,2025,2025-12-18,1766016000.0,2025-12-01,1,Idgitaf,0
0,0,"J Balvin, Bad Bunny",LA CANCIN,123,spotify:track:0fea68AdmYNygeTGI4RC18,Universal Music Latino / Rimas,17,197,130,10455164,2025-12-18,51,2025,2025-12-18,1766016000.0,2025-12-01,1,J Balvin,0
0,0,JENNIE,like JENNIE,162,spotify:track:0fK7ie6XwGxQTIkpFoWkd1,OA Entertainment/Columbia,6,127,41,9519103,2025-12-18,51,2025,2025-12-18,1766016000.0,2025-12-01,1,JENNIE,0
0,0,Jimin,Who,47,spotify:track:7tI8dRuH2Yc6RuoTjxo4dU,BIGHIT MUSIC,1,47,74,14931965,2025-12-18,51,2025,2025-12-18,1766016000.0,2025-12-01,1,Jimin,0
0,0,Jin,Dont Say You Love Me,34,spotify:track:27xkOIER6uDLKALIelHylZ,BIGHIT MUSIC,2,36,31,17513652,2025-12-18,51,2025,2025-12-18,1766016000.0,2025-12-01,1,Jin,0
0,0,"John Lennon, Yoko Ono",Happy Xmas (War Is Over) - Remastered 2010,30,spotify:track:27RYrbL6S02LNVhDWVl38b,EMI Catalogue,13,42,41,17855700,2025-12-18,51,2025,2025-12-18,1766016000.0,2025-12-01,1,John Lennon,0
0,0,John Williams,"Carol of the Bells (From ""Home Alone"" Soundtrack)",77,spotify:track:4tHqQMWSqmL6YjXwsqthDI,Masterworks,28,86,19,12577163,2025-12-18,51,2025,2025-12-18,1766016000.0,2025-12-01,1,John Williams,0
0,0,Jonas Brothers,Like It's Christmas,154,spotify:track:5NUXAUIItJAxBIUOdm0gUf,Hollywood Records,76,-1,9,9684715,2025-12-18,51,2025,2025-12-18,1766016000.0,2025-12-01,1,Jonas Brothers,0
0,0,Jos Feliciano,Feliz Navidad,17,spotify:track:3qCeq0rWK67SoBDgFd2sId,RCA Records Label,8,21,43,23649691,2025-12-18,51,2025,2025-12-18,1766016000.0,2025-12-01,1,Jos Feliciano,0
0,0,"Jung Kook, Latto",Seven (feat. Latto) (Explicit Ver.),86,spotify:track:2HRgqmZQC0MC7GeNuDIXHN,BIGHIT MUSIC,1,60,127,11879850,2025-12-18,51,2025,2025-12-18,1766016000.0,2025-12-01,2,Jung Kook,0
0,0,Junior H,MIENTRAS DUERMES,165,spotify:track:4e76Ss3ji7HQZ4qwcPNkNA,WEA Latina,134,147,12,9490257,2025-12-18,51,2025,2025-12-18,1766016000.0,2025-12-01,1,Junior H,0
0,0,Justin Bieber,DAISIES,93,spotify:track:5BZsQlgw21vDOAjoqkNgKb,"JRC Entertainment, LLC / ILH Production Co. LLC / Def Jam Recordings",2,83,23,11428733,2025-12-18,51,2025,2025-12-18,1766016000.0,2025-12-01,1,Justin Bieber,0
0,1,Justin Bieber,Mistletoe,20,spotify:track:7xapw9Oy21WpfEcib2ErSA,RBMG/Def Jam,15,22,47,22880314,2025-12-18,51,2025,2025-12-18,1766016000.0,2025-12-01,1,Justin Bieber,0
0,2,"Justin Bieber, Chance the Rapper",Confident,200,spotify:track:6czM6UMQD9qE5GAUp68oud,RBMG/Def Jam,154,-1,15,8801245,2025-12-18,51,2025,2025-12-18,1766016000.0,2025-12-01,1,Justin Bieber,0
0,0,KAROL G,Si Antes Te Hubiera Conocido,170,spotify:track:73scB4Q4fcOmnsBVZPmk32,Bichota/Interscope Records,5,-1,71,9438655,2025-12-18,51,2025,2025-12-18,1766016000.0,2025-12-01,1,KAROL G,0
0,0,KATSEYE,Gabriela,37,spotify:track:1xOqGUkyxGQRdCvGpvWKmL,HYBE/Geffen,10,32,26,17067312,2025-12-18,51,2025,2025-12-18,1766016000.0,2025-12-01,1,KATSEYE,0
0,0,Kate Bush,Running Up That Hill (A Deal With God),111,spotify:track:1PtQJZVZIdWIYdARpZRDFO,Fish People,1,68,37,10764235,2025-12-18,51,2025,2025-12-18,1766016000.0,2025-12-01,1,Kate Bush,0
0,0,"Kato, Jon",Turn The Lights Off (feat. Jon),128,spotify:track:0wHayguZd1CeQDLYohXNMS,disco:wax,128,-1,1,10319405,2025-12-18,51,2025,2025-12-18,1766016000.0,2025-12-01,2,Kato,0
0,0,Keane,Somewhere Only We Know,112,spotify:track:0ll8uFnc0nANY35E0Lfxvg,Universal-Island Records Ltd.,71,104,160,10756245,2025-12-18,51,2025,2025-12-18,1766016000.0,2025-12-01,1,Keane,0
0,0,Kehlani,Folded,136,spotify:track:0bxPRWprUVpQK0UFcddkrA,TSNMI / Atlantic,69,117,20,10082685,2025-12-18,51,2025,2025-12-18,1766016000.0,2025-12-01,1,Kehlani,0
0,0,Kelly Clarkson,Underneath the Tree,9,spotify:track:3nAp4IvdMPPWEH9uuXFFV5,RCA Records Label,9,13,44,29035085,2025-12-18,51,2025,2025-12-18,1766016000.0,2025-12-01,1,Kelly Clarkson,1
0,1,"Kelly Clarkson, Ariana Grande","Santa, Cant You Hear Me",68,spotify:track:2O3MQ6H3gjrIWDcpeTrikT,Atlantic Records,44,82,14,13178778,2025-12-18,51,2025,2025-12-18,1766016000.0,2025-12-01,1,Kelly Clarkson,0
0,0,"Kendrick Lamar, SZA","All The Stars (with SZA) - From ""Black Panther: The Album""",84,spotify:track:3GCdLUSnKSMJhs4Tj6CV3s,Black Panther (TDE/DMG) PS,2,84,131,11958750,2025-12-18,51,2025,2025-12-18,1766016000.0,2025-12-01,1,Kendrick Lamar,0
0,1,"Kendrick Lamar, SZA",luther (with sza),105,spotify:track:2CGNAOSuO1MEFCbBRgUzjd,"pgLang, under exclusive license to Interscope Records",2,77,56,10930251,2025-12-18,51,2025,2025-12-18,1766016000.0,2025-12-01,1,Kendrick Lamar,0
0,0,"LE SSERAFIM, j-hope",SPAGHETTI,127,spotify:track:2N9miXnewVmUrgl6JSK1FI,SOURCE MUSIC,25,103,8,10323931,2025-12-18,51,2025,2025-12-18,1766016000.0,2025-12-01,1,LE SSERAFIM,0
0,0,Lady Gaga,Poker Face,199,spotify:track:1QV6tiMFM6fSOKOGLMHYYg,Streamline/Interscope,37,-1,46,8812978,2025-12-18,51,2025,2025-12-18,1766016000.0,2025-12-01,1,Lady Gaga,0
0,1,"Lady Gaga, Bruno Mars",Die With A Smile,25,spotify:track:7so0lgd0zP2Sbgs2d7a1SZ,Interscope Records,1,19,70,20381698,2025-12-18,51,2025,2025-12-18,1766016000.0,2025-12-01,1,Lady Gaga,0
0,0,Lana Del Rey,Young And Beautiful,173,spotify:track:2nMeu6UenVvwUktBCpLMK9,Polydor Records,127,140,43,9383112,2025-12-18,51,2025,2025-12-18,1766016000.0,2025-12-01,1,Lana Del Rey,0
0,0,Laufey,From The Start,198,spotify:track:43iIQbw5hx986dUEZbr3eN,Laufey,97,176,25,8867358,2025-12-18,51,2025,2025-12-18,1766016000.0,2025-12-01,1,Laufey,0
0,1,Laufey,Winter Wonderland,103,spotify:track:6eODMWDVi22dpEZJoqg5h7,Vingolf Recordings,33,100,9,11084684,2025-12-18,51,2025,2025-12-18,1766016000.0,2025-12-01,1,Laufey,0
0,0,Linkin Park,In the End,98,spotify:track:60a0Rd6pjrkxjPbaKzXjfq,Warner Records,22,95,122,11271876,2025-12-18,51,2025,2025-12-18,1766016000.0,2025-12-01,1,Linkin Park,0
0,1,Linkin Park,Numb,158,spotify:track:2nLtzopw4rPReszdYBJU6h,Warner Records,24,157,94,9603170,2025-12-18,51,2025,2025-12-18,1766016000.0,2025-12-01,1,Linkin Park,0
0,0,Lola Young,Messy,171,spotify:track:35ISBknsCeZQtq66xABI9g,Universal-Island Records Ltd.,7,126,54,9410199,2025-12-18,51,2025,2025-12-18,1766016000.0,2025-12-01,1,Lola Young,0
0,0,Lord Huron,The Night We Met,49,spotify:track:3hRV0jL3vUpRrcy398teAU,Play It Again Sam,15,46,165,14412982,2025-12-18,51,2025,2025-12-18,1766016000.0,2025-12-01,1,Lord Huron,0
0,0,Madison Beer,bittersweet,168,spotify:track:3A02hWQ2ebOFDWSbAMNnpw,Epic/Sing It Loud,167,167,4,9454749,2025-12-18,51,2025,2025-12-18,1766016000.0,2025-12-01,1,Madison Beer,0
0,0,Mariah Carey,All I Want for Christmas Is You,3,spotify:track:0bYg9bo50gSsH3LtXe2SQn,Columbia,1,2,73,44510280,2025-12-18,51,2025,2025-12-18,1766016000.0,2025-12-01,1,Mariah Carey,1
0,1,Mariah Carey,Christmas (Baby Please Come Home),194,spotify:track:3PIDciSFdrQxSQSihim3hN,Columbia,63,-1,25,8978081,2025-12-18,51,2025,2025-12-18,1766016000.0,2025-12-01,1,Mariah Carey,0
0,0,"Maroon 5, Wiz Khalifa",Payphone,187,spotify:track:1XGmzt0PVuFgQYYnV2It7A,Interscope Records*,70,184,83,9163848,2025-12-18,51,2025,2025-12-18,1766016000.0,2025-12-01,1,Maroon 5,0
0,0,Michael Bubl,Holly Jolly Christmas,22,spotify:track:67mgz7S5y7hnCE63YBjfO6,143/Reprise,12,27,45,21978812,2025-12-18,51,2025,2025-12-18,1766016000.0,2025-12-01,1,Michael Bubl,0
0,1,Michael Bubl,It's Beginning to Look a Lot like Christmas,14,spotify:track:1rv46mRwDqMEhOBZ7vODg3,143/Reprise,6,15,53,25890645,2025-12-18,51,2025,2025-12-18,1766016000.0,2025-12-01,1,Michael Bubl,0
0,0,Michael Jackson,Billie Jean,141,spotify:track:7J1uxwnxfQLu4APicE5Rnj,Epic,48,124,30,9924982,2025-12-18,51,2025,2025-12-18,1766016000.0,2025-12-01,1,Michael Jackson,0
0,0,Nat King Cole,Deck The Hall,130,spotify:track:0rHToGels2lt8Y0mCYoF90,CAPITOL CATALOG MKT (C92),55,152,13,10234837,2025-12-18,51,2025,2025-12-18,1766016000.0,2025-12-01,1,Nat King Cole,0
0,1,Nat King Cole,The Christmas Song (Merry Christmas To You),23,spotify:track:5humEOJehpAwMJEJmb0JJ2,Capitol Records,18,25,41,21515565,2025-12-18,51,2025,2025-12-18,1766016000.0,2025-12-01,1,Nat King Cole,0
0,0,"Nelly Furtado, Timbaland",Promiscuous,179,spotify:track:2gam98EZKrF9XuOkU13ApN,Mosley / Geffen,140,-1,14,9314352,2025-12-18,51,2025,2025-12-18,1766016000.0,2025-12-01,1,Nelly Furtado,0
0,0,Neton Vega,Pvta Luna,116,spotify:track:33MeEaRCeIQMSRyFTr5ZJU,Josa Records (Neton Vega),116,137,5,10590197,2025-12-18,51,2025,2025-12-18,1766016000.0,2025-12-01,1,Neton Vega,0
0,0,Nirvana,Smells Like Teen Spirit,172,spotify:track:0gucTLf7trAf37Ua1uAyAu,Geffen,103,170,136,9393157,2025-12-18,51,2025,2025-12-18,1766016000.0,2025-12-01,1,Nirvana,0
0,0,Oasis,Wonderwall - Remastered,153,spotify:track:5qqabIl2vWzo9ApSC317sa,Big Brother,63,178,124,9713592,2025-12-18,51,2025,2025-12-18,1766016000.0,2025-12-01,1,Oasis,0
0,0,Olivia Dean,A Couple Minutes,177,spotify:track:312z6PZ8wwREck8613PkJk,PLG - Capitol,131,173,5,9342558,2025-12-18,51,2025,2025-12-18,1766016000.0,2025-12-01,1,Olivia Dean,0
0,1,Olivia Dean,Man I Need,8,spotify:track:1qbmS6ep2hbBRaEZFpn7BX,PLG - Capitol,3,8,17,29647477,2025-12-18,51,2025,2025-12-18,1766016000.0,2025-12-01,1,Olivia Dean,1
0,2,Olivia Dean,Nice To Each Other,129,spotify:track:7gKxCvTDWwV9wBhdeBbr3l,PLG - Capitol,53,96,17,10274435,2025-12-18,51,2025,2025-12-18,1766016000.0,2025-12-01,1,Olivia Dean,0
0,3,Olivia Dean,So Easy (To Fall In Love),15,spotify:track:6sGIMrtIzQjdzNndVxe397,PLG - Capitol,6,16,12,24405101,2025-12-18,51,2025,2025-12-18,1766016000.0,2025-12-01,1,Olivia Dean,0
0,0,"Omar Camacho, Victor Mendivil",2+2,120,spotify:track:2GP6UzoA55p6yYiPCGyEhg,Rico o Muerto Music LLC,81,121,19,10488913,2025-12-18,51,2025,2025-12-18,1766016000.0,2025-12-01,1,Omar Camacho,0
0,0,OneRepublic,Counting Stars,188,spotify:track:2tpWsVSb9UEmDRxAl1zhX1,Mosley / Interscope,86,186,243,9149805,2025-12-18,51,2025,2025-12-18,1766016000.0,2025-12-01,1,OneRepublic,0
0,0,"Ovy On The Drums, Quevedo, Bele",YO y T,183,spotify:track:7koAf6aZgjO6TS7bipfPD0,WEA Latina,34,172,27,9253032,2025-12-18,51,2025,2025-12-18,1766016000.0,2025-12-01,1,Ovy On The Drums,0
0,0,Pamungkas,Monolog,190,spotify:track:1zu5ZpnrSArdoaT6Qq3yo9,Maspam Company Ltd.,99,154,19,9042460,2025-12-18,51,2025,2025-12-18,1766016000.0,2025-12-01,1,Pamungkas,0
0,0,Paul McCartney,Wonderful Christmastime - Edited Version / Remastered 2011,36,spotify:track:1SV1fxF65n9NhRHp3KlBuu,Paul McCartney Catalog,15,43,42,17248371,2025-12-18,51,2025,2025-12-18,1766016000.0,2025-12-01,1,Paul McCartney,0
0,0,Pentatonix,Hallelujah,124,spotify:track:550rQQCGkrTzvp4SfpOPzx,RCA Records Label,40,141,18,10448689,2025-12-18,51,2025,2025-12-18,1766016000.0,2025-12-01,1,Pentatonix,0
0,0,"Perry Como, The Fontane Sisters, Mitchell Ayres & His Orchestra",It's Beginning to Look a Lot Like Christmas (with Mitchell Ayres & His Orchestra),55,spotify:track:6IeK3Ap5m3HabwJxgI6eSE,RCA Records Label,23,75,38,14037562,2025-12-18,51,2025,2025-12-18,1766016000.0,2025-12-01,1,Perry Como,0
0,0,Queen,Thank God It's Christmas - Non-Album Single,157,spotify:track:2xGO2UjzxeVQSIkyg98vck,EMI,57,-1,14,9628595,2025-12-18,51,2025,2025-12-18,1766016000.0,2025-12-01,1,Queen,0
0,0,RAYE,WHERE IS MY HUSBAND!,18,spotify:track:55lijDD6OAjLFFUHU9tcDm,Human Re Sources,8,18,13,23633597,2025-12-18,51,2025,2025-12-18,1766016000.0,2025-12-01,1,RAYE,0
0,0,"ROS, Bruno Mars",APT.,64,spotify:track:4wJ5Qq0jBN4ajy7ouZIV1c,Atlantic Records,1,54,61,13623220,2025-12-18,51,2025,2025-12-18,1766016000.0,2025-12-01,1,ROS,0
0,0,"ROSALA, Yahritza Y Su Esencia",La Perla,40,spotify:track:4oVO4fGNRRvEn0CRuFO4qv,Columbia,7,34,6,16144822,2025-12-18,51,2025,2025-12-18,1766016000.0,2025-12-01,1,ROSALA,0
0,0,Radiohead,Creep,46,spotify:track:70LcF31zb1H0PyJoS1Sx1r,XL Recordings,27,45,107,15123560,2025-12-18,51,2025,2025-12-18,1766016000.0,2025-12-01,1,Radiohead,0
0,1,Radiohead,Let Down,97,spotify:track:2fuYa3Lx06QQJAm0MjztKr,XL Recordings,55,78,29,11351457,2025-12-18,51,2025,2025-12-18,1766016000.0,2025-12-01,1,Radiohead,0
0,0,"Rauw Alejandro, Bad Bunny",Qu Pasara...,79,spotify:track:0l0vcZMU7AOeQmUIREoI2U,Sony Music Latin/Duars Entertainment,17,101,53,12452062,2025-12-18,51,2025,2025-12-18,1766016000.0,2025-12-01,1,Rauw Alejandro,0
0,0,Ravyn Lenae,Love Me Not,59,spotify:track:4WFgvKVfEhb3IUAFGrutTR,Atlantic Records,8,56,39,13861414,2025-12-18,51,2025,2025-12-18,1766016000.0,2025-12-01,1,Ravyn Lenae,0
0,0,Rels B,TU VAS SIN (fav),118,spotify:track:6uiQ0DqbXTBc8tl0AUKZkR,DALE PLAY Records / Flakk Team,28,91,23,10528426,2025-12-18,51,2025,2025-12-18,1766016000.0,2025-12-01,1,Rels B,0
0,0,Rihanna,Breakin' Dishes,185,spotify:track:5EcG8eMMlwkHRVa4aTR1qd,Def Jam Recordings,39,171,38,9234137,2025-12-18,51,2025,2025-12-18,1766016000.0,2025-12-01,1,Rihanna,0
0,0,SIENNA SPIRO,Die On This Hill,145,spotify:track:2gYTC8DsplN3RNdpdBcCOQ,Capitol Records,145,-1,1,9849474,2025-12-18,51,2025,2025-12-18,1766016000.0,2025-12-01,1,SIENNA SPIRO,0
0,0,Sabrina Carpenter,A Nonsense Christmas,115,spotify:track:7yogx3TwxGwSxO2QITsT2q,Island Records,37,159,5,10626596,2025-12-18,51,2025,2025-12-18,1766016000.0,2025-12-01,1,Sabrina Carpenter,0
0,1,Sabrina Carpenter,Espresso,75,spotify:track:2HRqTpkrJO5ggZyyK6NPWz,Island Records,1,65,88,12650016,2025-12-18,51,2025,2025-12-18,1766016000.0,2025-12-01,1,Sabrina Carpenter,0
0,2,Sabrina Carpenter,Manchild,76,spotify:track:2BwO5K8Q7EPAJSGze3AAh9,Island Records,1,55,28,12648738,2025-12-18,51,2025,2025-12-18,1766016000.0,2025-12-01,1,Sabrina Carpenter,0
0,3,Sabrina Carpenter,Tears,149,spotify:track:42VUCXerQ5qTr4Qp6PhKo4,Island Records,2,113,16,9771137,2025-12-18,51,2025,2025-12-18,1766016000.0,2025-12-01,1,Sabrina Carpenter,0
0,0,"Saja Boys, Andrew Choi, Neckwav, Danny Chung, KEVIN WOO, samUIL Lee, KPop Demon Hunters Cast",Soda Pop,90,spotify:track:02sy7FAs8dkDNYsHp4Ul3f,K-Pop Demon Hunters,4,69,26,11687549,2025-12-18,51,2025,2025-12-18,1766016000.0,2025-12-01,1,Saja Boys,0
0,1,"Saja Boys, Andrew Choi, Neckwav, Danny Chung, KEVIN WOO, samUIL Lee, KPop Demon Hunters Cast",Your Idol,160,spotify:track:1I37Zz2g3hk9eWxaNkj031,K-Pop Demon Hunters,4,108,26,9565388,2025-12-18,51,2025,2025-12-18,1766016000.0,2025-12-01,1,Saja Boys,0
0,0,Shakin' Stevens,Merry Christmas Everyone,48,spotify:track:2TE4xW3ImvpltVU0cPcKUn,Sony Music CG,26,71,40,14867783,2025-12-18,51,2025,2025-12-18,1766016000.0,2025-12-01,1,Shakin' Stevens,0
0,0,"Shashwat Sachdev, Hanumankind, Jasmine Sandlas, Sudhir Yaduvanshi, Charanjit Ahuja, Muhammad Sadiq, Ranjit Kaur, Babu Singh Maan","Dhurandhar - Title Track (From ""Dhurandhar"")",156,spotify:track:5xKr4HfdnYLMDmAJZkOuBc,Saregama India Ltd,156,-1,1,9647673,2025-12-18,51,2025,2025-12-18,1766016000.0,2025-12-01,1,Shashwat Sachdev,0
0,0,She & Him,I Thought I Saw Your Face Today,88,spotify:track:0myRViRgmQ3J8izICXEAVO,Merge Records,88,195,2,11788006,2025-12-18,51,2025,2025-12-18,1766016000.0,2025-12-01,1,She & Him,0
0,0,Sia,Snowman,12,spotify:track:7uoFMmxln0GPXQ0AcCBXRq,Monkey Puzzle/Atlantic,9,12,45,28493906,2025-12-18,51,2025,2025-12-18,1766016000.0,2025-12-01,1,Sia,0
0,0,Tame Impala,Dracula,125,spotify:track:1NXbNEAcPvY5G1xvfN57aA,Columbia,35,102,12,10444830,2025-12-18,51,2025,2025-12-18,1766016000.0,2025-12-01,1,Tame Impala,0
0,1,Tame Impala,The Less I Know The Better,113,spotify:track:6K4t31amVTZDgR3sKmwUJJ,Universal Music Australia Pty. Ltd.,105,109,63,10713856,2025-12-18,51,2025,2025-12-18,1766016000.0,2025-12-01,1,Tame Impala,0
0,0,Tate McRae,Sports car,186,spotify:track:5UJbgR4XF4y1DvbkxEqe8S,RCA Records Label,16,119,47,9224409,2025-12-18,51,2025,2025-12-18,1766016000.0,2025-12-01,1,Tate McRae,0
0,1,Tate McRae,TIT FOR TAT,164,spotify:track:1dByUyyoRKL99fJJ6VCQzb,RCA Records Label,5,132,12,9498807,2025-12-18,51,2025,2025-12-18,1766016000.0,2025-12-01,1,Tate McRae,0
0,0,Taylor Swift,Opalite,29,spotify:track:3yWuTOYDztXjZxdE2cIRUa,Taylor Swift,2,30,11,18870725,2025-12-18,51,2025,2025-12-18,1766016000.0,2025-12-01,1,Taylor Swift,0
0,1,Taylor Swift,The Fate of Ophelia,1,spotify:track:53iuhJlwXhSER5J2IYYv1W,Taylor Swift,1,1,11,46086020,2025-12-18,51,2025,2025-12-18,1766016000.0,2025-12-01,1,Taylor Swift,1
0,0,Tears For Fears,Everybody Wants To Rule The World,139,spotify:track:4RvWPyQ5RL0ao9LPZeSouE,UMC (Universal Music Catalogue),91,136,138,9980012,2025-12-18,51,2025,2025-12-18,1766016000.0,2025-12-01,1,Tears For Fears,0
0,0,Teddy Swims,Lose Control,71,spotify:track:17phhZDn6oGtzMe56NuWvj,Warner Records,5,59,110,13009157,2025-12-18,51,2025,2025-12-18,1766016000.0,2025-12-01,1,Teddy Swims,0
0,0,The Beach Boys,Little Saint Nick - 1991 Remix,167,spotify:track:5xlS0QkVrSH7ssEbBgBzbM,Capitol Records,48,-1,16,9455320,2025-12-18,51,2025,2025-12-18,1766016000.0,2025-12-01,1,The Beach Boys,0
0,0,The Goo Goo Dolls,Iris,35,spotify:track:6Qyc6fS4DsZjB2mRW9DsQs,Warner Records,12,31,120,17513018,2025-12-18,51,2025,2025-12-18,1766016000.0,2025-12-01,1,The Goo Goo Dolls,0
0,0,The Killers,Mr. Brightside,121,spotify:track:003vvx7Niy0yvhvHt4a68B,Island Records,84,135,199,10467206,2025-12-18,51,2025,2025-12-18,1766016000.0,2025-12-01,1,The Killers,0
0,0,The Maras,No One Noticed,96,spotify:track:3siwsiaEoU4Kuuc9WKMUy5,Nice Life/Atlantic,37,81,57,11352231,2025-12-18,51,2025,2025-12-18,1766016000.0,2025-12-01,1,The Maras,0
0,1,The Maras,Sienna,196,spotify:track:0InIeZW4P6VO7dUGRM4AKH,Nice Life/Atlantic,89,168,15,8902079,2025-12-18,51,2025,2025-12-18,1766016000.0,2025-12-01,1,The Maras,0
0,0,The Neighbourhood,Sweater Weather,42,spotify:track:0cQVqPuHQP4KEwc7ZUQmj6,Columbia,16,39,277,16080137,2025-12-18,51,2025,2025-12-18,1766016000.0,2025-12-01,1,The Neighbourhood,0
0,0,"The Pogues, Kirsty MacColl",Fairytale of New York (feat. Kirsty MacColl),106,spotify:track:3VTNVsTTu05dmTsVFrmGpK,WM UK,47,165,33,10886264,2025-12-18,51,2025,2025-12-18,1766016000.0,2025-12-01,2,The Pogues,0
0,0,The Police,Every Breath You Take,26,spotify:track:1JSTJqkT5qHq8MDJnJbRE1,Polydor Records,21,24,210,20374026,2025-12-18,51,2025,2025-12-18,1766016000.0,2025-12-01,1,The Police,0
0,0,The Ronettes,Sleigh Ride,21,spotify:track:7fUYUcWy853HS8YJn0b3Sr,Legacy Recordings,12,23,40,22807171,2025-12-18,51,2025,2025-12-18,1766016000.0,2025-12-01,1,The Ronettes,0
0,0,The Weeknd,Blinding Lights,95,spotify:track:0VjIjW4GlUZAMYd2vXMi3b,Republic Records,1,90,316,11365570,2025-12-18,51,2025,2025-12-18,1766016000.0,2025-12-01,1,The Weeknd,0
0,1,The Weeknd,Die For You,146,spotify:track:2LBqCSwhJGcFQeTHMVGwy3,Universal Republic Records,12,142,201,9847744,2025-12-18,51,2025,2025-12-18,1766016000.0,2025-12-01,1,The Weeknd,0
0,2,"The Weeknd, Daft Punk",Starboy,66,spotify:track:7MXVkk9YMctZqd1Srtv4MB,Universal Republic Records,1,64,272,13470562,2025-12-18,51,2025,2025-12-18,1766016000.0,2025-12-01,1,The Weeknd,0
0,3,"The Weeknd, JENNIE, Lily-Rose Depp","One Of The Girls (with JENNIE, Lily Rose Depp)",43,spotify:track:7CyPwkp0oE8Ro9Dd5CUDjW,XO / Republic Records,3,40,115,15867959,2025-12-18,51,2025,2025-12-18,1766016000.0,2025-12-01,1,The Weeknd,0
0,4,"The Weeknd, Playboi Carti",Timeless (feat Playboi Carti),54,spotify:track:0FIDCNYYjNvPVimz5icugS,XO / Republic Records,3,51,64,14113826,2025-12-18,51,2025,2025-12-18,1766016000.0,2025-12-01,2,The Weeknd,0
0,0,Tom Odell,Another Love,132,spotify:track:7jtQIBanIiJOMS6RyCx6jZ,ITNO/Columbia,15,105,245,10189931,2025-12-18,51,2025,2025-12-18,1766016000.0,2025-12-01,1,Tom Odell,0
0,0,Tyla,CHANEL,24,spotify:track:4VxTzYm00mg82MuoT35Ja7,Epic,24,28,5,21423518,2025-12-18,51,2025,2025-12-18,1766016000.0,2025-12-01,1,Tyla,0
0,0,"Tyler, The Creator, Kali Uchis",See You Again (feat. Kali Uchis),134,spotify:track:7KA4W4McWYRpgf0fWsJZWB,Columbia,16,131,147,10184892,2025-12-18,51,2025,2025-12-18,1766016000.0,2025-12-01,2,Tyler,0
0,0,"V, Park Hyo Shin",Winter Ahead (with PARK HYO SHIN),137,spotify:track:7G7mSV4BebkoHWwKTDvXu9,BIGHIT MUSIC,21,139,52,10012458,2025-12-18,51,2025,2025-12-18,1766016000.0,2025-12-01,1,V,0
0,0,Vance Joy,Riptide,144,spotify:track:2uXlHCUbq9OMUwx3hrk06o,Atlantic Records,30,144,253,9855105,2025-12-18,51,2025,2025-12-18,1766016000.0,2025-12-01,1,Vance Joy,0
0,0,Vince Guaraldi Trio,Christmas Time Is Here,195,spotify:track:3bMfUUpzUzqWp9II00yRhE,Craft Recordings,76,-1,5,8951933,2025-12-18,51,2025,2025-12-18,1766016000.0,2025-12-01,1,Vince Guaraldi Trio,0
0,0,"W Sound, Bele, Ovy On The Drums",La Plena - W Sound 05,60,spotify:track:6iOndD4OFo7GkaDypWQIou,WEA Latina,5,62,42,13858033,2025-12-18,51,2025,2025-12-18,1766016000.0,2025-12-01,1,W Sound,0
0,0,Wham!,Last Christmas,2,spotify:track:2FRnf9qhLbvw8fu4IBXx78,Epic,2,3,67,44540620,2025-12-18,51,2025,2025-12-18,1766016000.0,2025-12-01,1,Wham!,1
0,0,"Young Cister, Kreamly",QLOO*,152,spotify:track:2mdrVnxEnPR6iFijakkxQS,Sony Music Entertainment Chile S.A,35,123,20,9740420,2025-12-18,51,2025,2025-12-18,1766016000.0,2025-12-01,1,Young Cister,0
0,0,Zara Larsson,Lush Life,62,spotify:track:1rIKgCH4H52lrvDcz50hS8,Epic/Record Company TEN,62,106,17,13746676,2025-12-18,51,2025,2025-12-18,1766016000.0,2025-12-01,1,Zara Larsson,0
0,0,a-ha,Take on Me,197,spotify:track:2WfaOiMkCvy7F5fcp2zZ8L,Rhino,56,-1,80,8881148,2025-12-18,51,2025,2025-12-18,1766016000.0,2025-12-01,1,a-ha,0
0,0,sombr,12 to 12,63,spotify:track:05od2qm2MTSKCHxy1GBp5W,Warner Records,14,58,21,13628488,2025-12-18,51,2025,2025-12-18,1766016000.0,2025-12-01,1,sombr,0
0,1,sombr,back to friends,10,spotify:track:7qjZnBKE73H4Oxkopwulqe,Warner Records,1,7,39,28690709,2025-12-18,51,2025,2025-12-18,1766016000.0,2025-12-01,1,sombr,1
0,2,sombr,undressed,81,spotify:track:0TFTAtCYhp2tQ9KcJIZb55,Warner Records,6,61,38,12169768,2025-12-18,51,2025,2025-12-18,1766016000.0,2025-12-01,1,sombr,0
