rank,uri,artist_names,track_name,source,peak_rank,previous_rank,weeks_on_chart,streams,End Date
1,spotify:track:5PjdY0CKGZdEuoNab3yDmX,"The Kid LAROI, Justin Bieber",STAY (with Justin Bieber),Columbia,1,1,7,3705058,2021-08-26
2,spotify:track:6PQ88X9TkUIAUIZJHW2upE,Ed Sheeran,Bad Habits,Atlantic Records UK,1,2,9,3286831,2021-08-26
3,spotify:track:4ZtFanR9U6ndgddUvNcjcG,Olivia Rodrigo,good 4 u,Olivia Rodrigo PS,1,3,15,2539881,2021-08-26
4,spotify:track:27NovPIUIRrOZoCHxABJwK,"Lil Nas X, Jack Harlow",INDUSTRY BABY (feat. Jack Harlow),Columbia,4,6,5,1983771,2021-08-26
5,spotify:track:7zx1i0jGcFwMBurajgKlO7,Jonasu,Black Magic,3Beat,4,4,9,1958910,2021-08-26
6,spotify:track:4laAKIq9ZxBCwf99rauPYb,"Becky Hill, David Guetta",Remember,Polydor Records,6,7,10,1832287,2021-08-26
7,spotify:track:4RVwu0g32PAqgUiJoXsdF8,Billie Eilish,Happier Than Ever,Darkroom/Interscope Records,4,5,4,1793351,2021-08-26
8,spotify:track:3Vi5XqYrmQgOYBajMWSvCi,Doja Cat,Need to Know,Kemosabe Records/RCA Records,8,11,11,1737872,2021-08-26
9,spotify:track:32pPek0KsHsMSSFogNu49f,"Digga D, ArrDee",Wasted,EGA Music Group,9,9,2,1591335,2021-08-26
10,spotify:track:3Wrjm47oTz2sjIgck11l5e,Måneskin,Beggin',RCA Records Label,4,10,12,1561296,2021-08-26
11,spotify:track:2zxEc1GCSCxbHIXTfhraRC,"Dave, Stormzy",Clash (feat. Stormzy),Neighbourhood,2,8,7,1556442,2021-08-26
12,spotify:track:44V6EzbUSYgyfsNiP0FrlA,Ed Sheeran,Visiting Hours,Atlantic Records UK,12,-1,1,1500017,2021-08-26
13,spotify:track:5K6Ssv4Z3zRvxt0P6EKUAP,"Galantis, David Guetta, Little Mix",Heartbreak Anthem (with David Guetta & Little Mix),Big Beat Records,7,13,14,1474756,2021-08-26
14,spotify:track:4pt5fDVTg5GhEvEtlz9dKk,Måneskin,I WANNA BE YOUR SLAVE,RCA Records Label,5,12,14,1446869,2021-08-26
15,spotify:track:3DarAbFujv6eYNliUTyqtz,"Doja Cat, SZA",Kiss Me More (feat. SZA),Kemosabe Records/RCA Records,2,14,20,1446230,2021-08-26
16,spotify:track:67BtfxlNbhBmCDR2L2l8qd,Lil Nas X,MONTERO (Call Me By Your Name),Columbia,1,15,22,1359678,2021-08-26
17,spotify:track:6Dy1jexKYriXAVG6evyUTJ,"Joel Corry, Jax Jones, Charli xcx, Saweetie",OUT OUT (feat. Charli XCX & Saweetie),Atlantic Records UK,17,29,2,1354201,2021-08-26
18,spotify:track:1olCzMxaeiQKNO64ssWVGr,"Rain Radio, DJ Craig Gorman",Talk About,Polydor Records,18,18,8,1350711,2021-08-26
19,spotify:track:6Uj1ctrBOjOas8xZXGqKk4,Doja Cat,Woman,Kemosabe Records/RCA Records,19,23,7,1339905,2021-08-26
20,spotify:track:5CZ40GBx1sQ9agT82CLQCT,Olivia Rodrigo,traitor,Olivia Rodrigo PS,6,17,14,1282966,2021-08-26
21,spotify:track:14Bcv6siTBPw3TlP84dasC,KSI,Holiday,BMG Rights Management (US) LLC,2,16,10,1272310,2021-08-26
22,spotify:track:4XvcHTUfIlWfyJTRG0aqlo,Sleepy Hallow,2055,Winners Circle/RCA Records,21,21,6,1222149,2021-08-26
23,spotify:track:2zBDKzqa6sdxeI0fC6OWIC,Tones And I,Fly Away,Elektra (NEK),20,20,11,1201997,2021-08-26
24,spotify:track:0MWiSBKm8Avs8iDIxcertp,"Anne-Marie, Little Mix",Kiss My (Uh Oh),Atlantic Records/Asylum,21,22,5,1169326,2021-08-26
25,spotify:track:6M3PsepEj5gyJoIi7Xvr7u,The Weeknd,Take My Breath - Single Version,XO / Republic Records,17,19,3,1106613,2021-08-26
26,spotify:track:4Go2u6SexdY2Qxo0oHMIzE,"Tion Wayne, ArrDee",Wid It,Atlantic Records UK,26,-1,1,1032200,2021-08-26
27,spotify:track:2lw3naleLuf81Si3tuFVak,Mabel,Let Them Know,Polydor Records,26,26,10,987568,2021-08-26
28,spotify:track:5nujrmhLynf4yMoMtj8AQF,"Dua Lipa, DaBaby",Levitating (feat. DaBaby),Warner Records,7,27,47,979154,2021-08-26
29,spotify:track:6OTKVgVpVaVjhRLYizPJKA,PinkPantheress,Just for Me,Parlophone UK,29,42,2,957743,2021-08-26
30,spotify:track:02MWAaffLxlfxAUY7c5dvx,Glass Animals,Heat Waves,Polydor Records,12,30,45,955587,2021-08-26
31,spotify:track:0vR2rIVORmgeKiGIgNT0fV,"Calvin Harris, Tom Grennan",By Your Side (feat. Tom Grennan),Columbia,13,24,12,942630,2021-08-26
32,spotify:track:1is8gU4RVcN4J8xItxWoOY,Clinton Kane,I GUESS I'M IN LOVE,Columbia,32,-1,1,919659,2021-08-26
33,spotify:track:7CIERzyqIwLVKGp00YbHRO,PinkPantheress,Pain,Parlophone UK,33,33,8,897025,2021-08-26
34,spotify:track:5wANPM4fQCJwkGd4rN57mH,Olivia Rodrigo,drivers license,Olivia Rodrigo PS,1,35,33,884438,2021-08-26
35,spotify:track:6KgtcmCF9Ky68XC7ezxl3s,"Lizzo, Cardi B",Rumors (feat. Cardi B),Nice Life/Atlantic,28,28,2,873442,2021-08-26
36,spotify:track:7IPKXYU2rTMnrLW5IZ7ZI5,Dave,Verdansk,Neighbourhood,5,25,5,868922,2021-08-26
37,spotify:track:37BZB0z9T8Xu7U3e65qxFy,"The Weeknd, Ariana Grande",Save Your Tears (with Ariana Grande) (Remix),Republic Records,14,31,18,866375,2021-08-26
38,spotify:track:003vvx7Niy0yvhvHt4a68B,The Killers,Mr. Brightside,Island Records,35,37,244,863629,2021-08-26
39,spotify:track:6cx06DFPPHchuUAcTxznu9,"Joel Corry, MNEK",Head & Heart (feat. MNEK),Atlantic Records UK,1,39,60,832710,2021-08-26
40,spotify:track:6HU7h9RYOaPRFeh0R3UeAr,Olivia Rodrigo,deja vu,Olivia Rodrigo PS,3,38,21,808578,2021-08-26
41,spotify:track:5lAnYvAIkSDNXqfo7DyFUm,Doja Cat,Ain't Shit,Kemosabe Records/RCA Records,29,32,9,805567,2021-08-26
42,spotify:track:6uvMKqNlrSvcC4NaKnrwjZ,"Tion Wayne, Russ Millions, ArrDee, E1 (3x3), ZT (3x3), Bugzy Malone, Buni, Fivio Foreign, Darkoo","Body (Remix) [feat. ArrDee, E1 (3x3), ZT (3x3), Bugzy Malone, Buni, Fivio Foreign & Darkoo]",Atlantic Records UK,1,43,18,790537,2021-08-26
43,spotify:track:0VjIjW4GlUZAMYd2vXMi3b,The Weeknd,Blinding Lights,Republic Records,1,46,91,787664,2021-08-26
44,spotify:track:0VcgLoEMA06AKqPxxj2YQs,"Ed Sheeran, Tion Wayne, Central Cee, Fumez The Engineer",Bad Habits (feat. Tion Wayne & Central Cee) [Fumez The Engineer Remix],Atlantic Records/Asylum,40,40,2,762633,2021-08-26
45,spotify:track:6mSzsSdu0CWIV70jEjWMhI,ArrDee,Oliver Twist,Universal-Island Records Ltd.,8,44,12,759064,2021-08-26
46,spotify:track:0siYMEsGrzzzlWLXK5zJfS,"Joel Corry, RAYE, David Guetta",BED,Perfect Havoc / Asylum Records,4,45,26,744969,2021-08-26
47,spotify:track:0W6I02J9xcqK8MtSeosEXb,Doja Cat,Get Into It (Yuh),Kemosabe Records/RCA Records,47,56,4,730657,2021-08-26
48,spotify:track:0MMyJUC3WNnFS1lit5pTjk,Olivia Rodrigo,"jealousy, jealousy",Olivia Rodrigo PS,14,48,14,722798,2021-08-26
49,spotify:track:18vXApRmJSgQ6wG2ll9AOg,Polo G,RAPSTAR,Columbia,3,47,20,720117,2021-08-26
50,spotify:track:3mtaSob1BQO4HMSA8lWKRt,Dave,In The Fire,Neighbourhood,6,41,5,718511,2021-08-26
51,spotify:track:4cG7HUWYHBV6R6tHn1gxrl,"Riton, Nightcrawlers, Mufasa & Hypeman, Mufasa, Dopamine",Friday (feat. Mufasa & Hypeman) - Dopamine Re-Edit,Ministry of Sound Recordings,3,49,31,693946,2021-08-26
52,spotify:track:3kNWyHdLVW1x6pn9EnSQ1H,Tom Zanetti,Didn't Know,SiC Records Limited,21,34,27,680842,2021-08-26
53,spotify:track:1dIWPXMX4kRHj6Dt2DStUQ,"Blxst, Tyga, Ty Dolla $ign",Chosen (feat. Ty Dolla $ign),Red Bull Records Inc. / Evgle LLC,53,55,5,663261,2021-08-26
54,spotify:track:73QyyUMMvtNELmULI4FOsp,"Sigala, Rita Ora",You for Me,Ministry of Sound Recordings,53,53,8,654377,2021-08-26
55,spotify:track:2Ms8MDDtYBw7M3K5F3EqPX,Mimi Webb,Dumb Love,Epic,21,50,11,641498,2021-08-26
56,spotify:track:7nVERWQXlgZRQsYw4fHf3b,"KSI, Lil Wayne",Lose,BMG Rights Management (US) LLC,18,36,3,636112,2021-08-26
57,spotify:track:5JCoSi02qi3jJeHdZXMmR8,Olivia Rodrigo,favorite crime,Olivia Rodrigo PS,8,51,14,624747,2021-08-26
58,spotify:track:6zSpb8dQRaw0M1dK8PBwQz,"Elton John, Dua Lipa, PNAU",Cold Heart - PNAU Remix,EMI,58,66,2,615146,2021-08-26
59,spotify:track:4iJyoBOLtHqaGxP12qzhQI,"Justin Bieber, Daniel Caesar, GIVĒON",Peaches (feat. Daniel Caesar & Giveon),RBMG/Def Jam,1,52,23,613215,2021-08-26
60,spotify:track:3Iba59sFmGhQ4kbCY5L8AX,Tom Grennan,Little Bit of Love,Insanity Records,12,54,26,606379,2021-08-26
61,spotify:track:4qu63nuBpdn0qHUHuObEj1,"Marshmello, Jonas Brothers",Leave Before You Love Me (with Jonas Brothers),Republic Records,53,57,11,593399,2021-08-26
62,spotify:track:6FE9EXi8TYg09hR4xv5PWJ,Lorde,Mood Ring,Universal Music New Zealand Limited,62,-1,1,593113,2021-08-26
63,spotify:track:5FG7Tl93LdH117jEKYl3Cm,"Wizkid, Tems",Essence (feat. Tems),Starboy/RCA Records,61,61,8,591253,2021-08-26
64,spotify:track:7yq4Qj7cqayVTp3FF9CWbm,Vance Joy,Riptide,F-Stop Records/Atlantic,58,62,197,590044,2021-08-26
65,spotify:track:37y7iDayfwm3WXn5BiAoRk,Steve Lacy,Dark Red,Three Quarter,59,59,3,589155,2021-08-26
66,spotify:track:3fGW43fnu3OHEw6ohTC2Bw,"Anne-Marie, Niall Horan",Our Song,Atlantic Records/Asylum,38,58,14,578486,2021-08-26
67,spotify:track:2prnn41CblB8B4yWACDljP,"Shouse, David Guetta",Love Tonight (David Guetta Remix Edit),Hell Beach,67,76,4,575282,2021-08-26
68,spotify:track:6UelLqGlWMcVH1E5c4H7lY,Harry Styles,Watermelon Sugar,Columbia,4,64,93,572825,2021-08-26
69,spotify:track:0ofHAoxe9vBkTCp2UQIavz,Fleetwood Mac,Dreams - 2004 Remaster,Rhino/Warner Records,17,67,71,567676,2021-08-26
70,spotify:track:1058fW9H3fZA6QjYCdOBad,Camila Cabello,Don't Go Yet,Epic,66,71,5,566129,2021-08-26
71,spotify:track:7EkWXAI1wn8Ii883ecd9xr,Surf Curse,Freaks,Surf Curse,60,65,17,564415,2021-08-26
72,spotify:track:6f3Slt0GbA2bPZlz0aIFXN,Tiësto,The Business,Atlantic Records,4,63,41,563444,2021-08-26
73,spotify:track:0W7brFokN6QtGRNp32RCQP,Arz,Alone With You,Capitol,73,91,2,561402,2021-08-26
74,spotify:track:7qEHsqek33rTcFNT9PFqLf,Lewis Capaldi,Someone You Loved,Vertigo Berlin,1,70,139,559894,2021-08-26
75,spotify:track:6SRsiMl7w1USE4mFqrOhHC,Olivia Rodrigo,brutal,Olivia Rodrigo PS,8,68,14,537913,2021-08-26
76,spotify:track:15OCqNPYoLziEAsbVnqRj5,Mimi Webb,Good Without,Epic,16,60,22,536230,2021-08-26
77,spotify:track:2tGvwE8GcFKwNdAXMnlbfl,Olivia Rodrigo,happier,Olivia Rodrigo PS,10,69,14,516577,2021-08-26
78,spotify:track:1mSdbey7RstGLY2udgXv74,"Wizkid, Justin Bieber, Tems",Essence (feat. Justin Bieber & Tems),Starboy/RCA Records,78,94,2,515201,2021-08-26
79,spotify:track:5qqabIl2vWzo9ApSC317sa,Oasis,Wonderwall - Remastered,Big Brother,61,78,239,514780,2021-08-26
80,spotify:track:0mJBiaODgK0XjOLCN5fItq,Sam Smith,Like I Can,PLG - Capitol,80,-1,1,513057,2021-08-26
81,spotify:track:3z4CGd63tpUn9a6oQSG0CI,"Dave, Burna Boy",Location (feat. Burna Boy),Neighbourhood,9,74,129,508049,2021-08-26
82,spotify:track:27OeeYzk6klgBh83TSvGMA,The Kid LAROI,WITHOUT YOU,Columbia,2,73,42,507813,2021-08-26
83,spotify:track:2QjOHCTQ1Jl3zawyYOpxh6,The Neighbourhood,Sweater Weather,Columbia,39,77,48,496561,2021-08-26
84,spotify:track:5JKnYZOhSP7rOK0jPYcCjV,"WILLOW, Travis Barker",t r a n s p a r e n t s o u l feat. Travis Barker,"MSFTSMusic / Roc Nation Records, LLC",25,80,13,486673,2021-08-26
85,spotify:track:1f3yAtsJtY87CTmM8RLnxf,Nirvana,Smells Like Teen Spirit,Geffen,85,101,36,479645,2021-08-26
86,spotify:track:5QO79kh1waicV47BqGRL3g,The Weeknd,Save Your Tears,Republic Records,7,75,36,473743,2021-08-26
87,spotify:track:5VmpLtRycwbA54XsTffKq4,Lorde,Solar Power,Universal Music New Zealand Limited,25,-1,5,472939,2021-08-26
88,spotify:track:4jPy3l0RUwlUI9T5XHBW2m,"24kGoldn, iann dior",Mood (feat. iann dior),Records/Columbia,1,87,54,470946,2021-08-26
89,spotify:track:3rq5w4bQGigXOfdN30ATJt,Arctic Monkeys,Do I Wanna Know?,Domino Recording Co,52,92,180,470187,2021-08-26
90,spotify:track:1VLtjHwRWOVJiE5Py7JxoQ,Polo G,Martin & Gina,Columbia,45,84,51,467642,2021-08-26
91,spotify:track:7jtQIBanIiJOMS6RyCx6jZ,Tom Odell,Another Love,ITNO/Columbia,40,90,29,466846,2021-08-26
92,spotify:track:5YaskwnGDZFDRipaqzbwQx,"ATB, Topic, A7S",Your Love (9PM),Virgin,11,83,30,462372,2021-08-26
93,spotify:track:0DwVfCYLrVXgvejYbWwZAd,PinkPantheress,Break It Off,Parlophone UK,84,93,5,460909,2021-08-26
94,spotify:track:3gbBpTdY8lnQwqxNCcf795,Bastille,Pompeii,Virgin Records,90,100,80,452377,2021-08-26
95,spotify:track:07GvNcU1WdyZJq3XxP0kZa,Fleetwood Mac,Go Your Own Way - 2004 Remaster,Rhino/Warner Records,88,111,95,451871,2021-08-26
96,spotify:track:55sgQENF3LY1sUcJUwasLl,"Skrillex, Justin Bieber, Don Toliver",Don’t Go (with Justin Bieber & Don Toliver),OWSLA/Atlantic,96,-1,1,450895,2021-08-26
97,spotify:track:7qiZfU4dY1lWllzX7mPBI3,Ed Sheeran,Shape of You,Atlantic Records UK,1,124,196,449964,2021-08-26
98,spotify:track:4FEcEwbE2vsqhxbTPtiNTL,Noizu,Summer 91 (Looking Back),RCA Records Label,56,88,21,448216,2021-08-26
99,spotify:track:3AJwUDP919kvQ9QcozQPxg,Coldplay,Yellow,Parlophone UK,80,98,43,446491,2021-08-26
100,spotify:track:5gOtq0sKU24ZF8hnXlSp1V,"Dave, Wizkid",System (feat. WizKid),Neighbourhood,8,72,5,445829,2021-08-26
101,spotify:track:0k4d5YPDr1r7FX77VdqWez,"Doja Cat, The Weeknd",You Right,Kemosabe Records/RCA Records,13,86,9,442763,2021-08-26
102,spotify:track:5e9TFTbltYBg2xThimr0rU,Fleetwood Mac,The Chain - 2004 Remaster,Rhino/Warner Records,74,103,100,438364,2021-08-26
103,spotify:track:5erCwioOcRwP59NJUAtEK3,"D-Block Europe, RAYE",Ferrari Horses,D-Block Europe,11,96,26,437494,2021-08-26
104,spotify:track:0b18g3G5spr4ZCkz7Y6Q0Q,"Majestic, Boney M.",Rasputin,NITRON music,25,81,22,437286,2021-08-26
105,spotify:track:0pqnGHJpmpxLKifKRmU6WP,Imagine Dragons,Believer,Kid Ina Korner / Interscope,37,112,209,437074,2021-08-26
106,spotify:track:7cqliUhNYcZgy6lgs7r0Ou,Tobi & Manny,Rhythm & Vibes,101 Music Ltd,106,-1,1,432785,2021-08-26
107,spotify:track:3PfIrDoz19wz7qK7tYeu62,Dua Lipa,Don't Start Now,Warner Records,2,110,95,426155,2021-08-26
108,spotify:track:6eCmK3GQyFuTNWCJHsaF9d,"Clean Bandit, Topic, Wes Nelson",Drive (feat. Wes Nelson),Atlantic Records UK,108,168,3,425608,2021-08-26
109,spotify:track:40uMIn2zJLAQhNXghRjBed,Post Malone,Motley Crew,Republic Records,32,95,7,423079,2021-08-26
110,spotify:track:0RiRZpuVRbi7oqRdSMwhQY,"Post Malone, Swae Lee",Sunflower - Spider-Man: Into the Spider-Verse,Republic Records,3,135,149,422404,2021-08-26
111,spotify:track:6LW3Z1GqbL78TIjfDyg4zp,"Wilkinson, Becky Hill",Afterglow,EMI,38,134,30,420961,2021-08-26
112,spotify:track:48q0vSHcJdhK3IiXH8C5WJ,Arctic Monkeys,Why'd You Only Call Me When You're High?,Domino Recording Co,38,118,45,420624,2021-08-26
113,spotify:track:0BGwAKW4u8kWOhWFflZxfl,Masked Wolf,Astronaut In The Ocean,Elektra (NEK),18,99,29,416563,2021-08-26
114,spotify:track:0UvCh63URrLFcPkKt99hHd,Oasis,Don't Look Back in Anger - Remastered,Big Brother,44,128,192,416558,2021-08-26
115,spotify:track:0ntQJM78wzOLVeCUAW7Y45,Kings of Leon,Sex on Fire,RCA/Legacy,115,123,31,416308,2021-08-26
116,spotify:track:3J8EOeKLTLXORtWPpOU5bE,"Lil Tjay, 6LACK",Calling My Phone,Columbia,1,104,28,416162,2021-08-26
117,spotify:track:4zbr7Cp3UB00FurUovPU03,"Trippie Redd, Juice WRLD",Matt Hardy 999,"1400 Entertainment, Inc. / 10K Projects",117,-1,1,415375,2021-08-26
118,spotify:track:1YLJVmuzeM2YSUkCCaTNUB,Florence + The Machine,Dog Days Are Over,Universal-Island Records Ltd.,116,116,14,414784,2021-08-26
119,spotify:track:7BHPGtpuuWWsvE7cCaMuEU,The Kooks,Naive,Virgin Records,68,119,197,414316,2021-08-26
120,spotify:track:0939D7aT18uBDS2MTjWzct,Coldplay,Higher Power,Parlophone UK,30,89,16,414124,2021-08-26
121,spotify:track:4CH0dVylkeBPydRM7AaG8g,"Ella Henderson, Tom Grennan",Let’s Go Home Together,Atlantic Records UK,24,107,26,413741,2021-08-26
122,spotify:track:0tgVpDi06FyKpA1z0VMD4v,Ed Sheeran,Perfect,Atlantic Records UK,5,164,144,413545,2021-08-26
123,spotify:track:2gMXnyrvIjhVBUZwvLZDMP,Lewis Capaldi,Before You Go,Vertigo Berlin,1,129,93,410764,2021-08-26
124,spotify:track:7MAibcTli4IisCtbHKrGMh,"Bruno Mars, Anderson .Paak, Silk Sonic",Leave The Door Open,Aftermath Entertainment/Atlantic,22,97,25,408916,2021-08-26
125,spotify:track:5UZRiz52aaoW64Sp88qVQc,"MIST, Burna Boy",Rollin' (feat. Burna Boy),Warner Records,102,102,6,408265,2021-08-26
126,spotify:track:3yfqSUWxFvZELEM4PmlwIR,Eminem,The Real Slim Shady,Interscope,126,130,23,408162,2021-08-26
127,spotify:track:7hxHWCCAIIxFLCzvDgnQHX,"Internet Money, Gunna, Don Toliver, NAV",Lemonade (feat. NAV),Internet Money Records / TenThousand Projects,2,121,54,407963,2021-08-26
128,spotify:track:254bXAqt3zP6P50BdQvEsq,Fleetwood Mac,Everywhere - 2017 Remaster,Rhino/Warner Records,86,126,146,407659,2021-08-26
129,spotify:track:2vCKQ9NNCTXoAF8ltW0Zv9,Dermot Kennedy,Better Days,Riggins Recording,97,113,4,406886,2021-08-26
130,spotify:track:2tUBqZG2AbRi7Q0BIrVrEj,Whitney Houston,I Wanna Dance with Somebody (Who Loves Me),Arista/Legacy,99,137,124,404536,2021-08-26
131,spotify:track:3Fzlg5r1IjhLk2qRw667od,Toploader,Dancing in the Moonlight,Sony Soho Square,87,122,133,403583,2021-08-26
132,spotify:track:1vicAuW47ccp1l5mYmaWi7,"KSI, Lil Durk",No Time - feat. Lil Durk,BMG Rights Management (US) LLC,22,85,6,402423,2021-08-26
133,spotify:track:4rPkN1FMzQyFNP9cLUGIIB,Dua Lipa,Love Again,Warner Records,51,115,7,401216,2021-08-26
134,spotify:track:7pnQ23WgZca9jEfMts9qsR,A1 x J1,Latest Trends,EMI,4,120,29,400086,2021-08-26
135,spotify:track:2N8m6CYs74qQO4mjVcXO30,Tones And I,Dance Monkey,Elektra (NEK),1,132,108,398593,2021-08-26
136,spotify:track:1zi7xx7UVEFkmKfv06H8x0,"Drake, Wizkid, Kyla",One Dance,Cash Money Records/Young Money Ent./Universal Rec.,15,140,133,397742,2021-08-26
137,spotify:track:2f0pn9DkEJwAzXApnFh5cr,BANNERS,Someone To You,Island Records,60,154,58,396067,2021-08-26
138,spotify:track:0Fs9cdPDhptWEDJmiCbkEW,"J. Cole, Cults, Amber Coffman",She Knows (feat. Amber Coffman & Cults),Roc Nation LLC,115,131,4,395316,2021-08-26
139,spotify:track:2gvIIpYdM9x1rdekmQMXCL,"MENTIS, Kate Wild",Excuses,Columbia,136,136,5,394591,2021-08-26
140,spotify:track:0nrRP2bk19rLc0orkWPQk2,Avicii,Wake Me Up,Universal Music AB,16,141,71,394326,2021-08-26
141,spotify:track:7l97ElWmIdVHWUaOeeU5ZC,Tate McRae,that way,Not specified,141,147,4,394247,2021-08-26
142,spotify:track:4lQ87x6SYGR9E8v28xqhh2,Central Cee,Little Bit of This,Central Cee,59,152,6,393467,2021-08-26
143,spotify:track:4kbj5MwxO1bq9wjT5g9HaA,WALK THE MOON,Shut Up and Dance,RCA Records Label,132,148,47,390638,2021-08-26
144,spotify:track:5xoUgPXbMNUmoHU0Enwtwq,The Kooks,She Moves In Her Own Way,Virgin Records,107,146,116,390135,2021-08-26
145,spotify:track:4bHsxqR3GMrXTxEPLuK5ue,Journey,Don't Stop Believin' (2022 Remaster),Columbia/Legacy,133,142,119,390118,2021-08-26
146,spotify:track:1V7bZ9gEIwFQpm8yGxRHNA,"David Guetta, MistaJam, John Newman",If You Really Love Me (How Will I Know),Parlophone UK,146,149,3,389706,2021-08-26
147,spotify:track:2j7WMNAPSknc94Id7Ciuas,"Anne-Marie, KSI, Digital Farm Animals",Don't Play,Atlantic Records/Asylum,2,117,32,388301,2021-08-26
148,spotify:track:6ft4hAq6yde8jPZY2i5zLr,"MEDUZA, Dermot Kennedy",Paradise (feat. Dermot Kennedy),Universal-Island Records Ltd.,6,138,43,383773,2021-08-26
149,spotify:track:3dYD57lRAUcMHufyqn9GcI,Hozier,Take Me To Church,Universal-Island Records Ltd.,84,157,59,383149,2021-08-26
150,spotify:track:5aXfGM7WVcqyAvqnL7k0y3,Becky Hill,Remember - Acoustic,Polydor Records,82,82,2,382368,2021-08-26
151,spotify:track:1tkg4EHVoqnhR6iFEXb60y,Pop Smoke,What You Know Bout Love,Victor Victor Worldwide,4,145,60,382055,2021-08-26
152,spotify:track:45bE4HXI0AwGZXfZtMp8JR,Tate McRae,you broke me first,RCA Records Label,8,155,58,381225,2021-08-26
153,spotify:track:2tpWsVSb9UEmDRxAl1zhX1,OneRepublic,Counting Stars,Mosley / Interscope,151,151,22,379598,2021-08-26
154,spotify:track:0z8hI3OPS8ADPWtoCjjLl6,"Shawn Mendes, Tainy",Summer of Love (Shawn Mendes & Tainy),Shawn Mendes LP4-5 PS/ Island,154,-1,1,376439,2021-08-26
155,spotify:track:0Kdj7nwaYQmvhxnqZaIQuW,Bo Burnham,Bezos I,Bo Burnham,60,108,8,376025,2021-08-26
156,spotify:track:2VxeLyX666F8uXCJ0dZF8B,"Lady Gaga, Bradley Cooper",Shallow,A Star is Born OST,3,177,148,375934,2021-08-26
157,spotify:track:285pBltuF7vW8TeWk8hdRR,Juice WRLD,Lucid Dreams,Juice WRLD Mixtape / ISR P&D,6,150,171,375577,2021-08-26
158,spotify:track:4RvWPyQ5RL0ao9LPZeSouE,Tears For Fears,Everybody Wants To Rule The World,UMC (Universal Music Catalogue),150,156,21,375569,2021-08-26
159,spotify:track:5uCax9HTNlzGybIStD3vDh,James Arthur,Say You Won't Let Go,Columbia,5,161,230,375307,2021-08-26
160,spotify:track:60ynsPSSKe6O3sfwRnIBRf,Doja Cat,Streets,Kemosabe Records/RCA Records,5,144,33,373132,2021-08-26
161,spotify:track:51dhTHnxNi215JiLXdyurb,Lorde,Stoned at the Nail Salon,Universal Music New Zealand Limited,161,-1,1,372463,2021-08-26
162,spotify:track:4toYTJxK1Q7uNkzeFzKJuu,"PS1, Alex Hosking",Life Goes On (feat. Alex Hosking),Columbia,70,79,10,371271,2021-08-26
163,spotify:track:62vpWI1CHwFy7tMIcSStl8,J. Cole,No Role Modelz,Roc Nation Records LLC,95,163,39,370376,2021-08-26
164,spotify:track:5T8EDUDqKcs6OSOwEsfqG7,Queen,Don't Stop Me Now - Remastered 2011,EMI,73,162,118,370332,2021-08-26
165,spotify:track:6ZJqCviTotiIujl1rfcL53,PinkPantheress,Passion,Parlophone UK,98,143,5,369714,2021-08-26
166,spotify:track:2ihCaVdNZmnHZWt0fvAM7B,Of Monsters and Men,Little Talks,Universal Records,166,-1,1,368130,2021-08-26
167,spotify:track:5NORWMFC27ywGSZxi8uquP,The Lumineers,Ophelia,Dualtone Music Group,145,175,20,367841,2021-08-26
168,spotify:track:3UjtIALeg72qmJiKPWBvM3,Two Door Cinema Club,What You Know,Glassnote - VMG,69,-1,72,367810,2021-08-26
169,spotify:track:6N1EjQjnvhOjFrF6oUmGPa,Bryan Adams,Summer Of '69,A&M,115,172,66,366825,2021-08-26
170,spotify:track:2RlgNHKcydI9sayD2Df2xp,Electric Light Orchestra,Mr. Blue Sky,Epic/Legacy,101,166,97,365814,2021-08-26
171,spotify:track:1Slwb6dOYkBlWal1PGtnNg,Ed Sheeran,Thinking out Loud,Atlantic Records UK,48,-1,80,364360,2021-08-26
172,spotify:track:21jGcNKet2qwijlDFuPiPb,Post Malone,Circles,Republic Records,2,-1,93,363778,2021-08-26
173,spotify:track:4mnjwMLCk3JZkhkok3u5g1,"Dream, Alec Benjamin",Change My Clothes,Dream Music / Alec Benjamin appears courtesy of Elektra Records,173,-1,1,363014,2021-08-26
174,spotify:track:7ytR5pFWmSjzHJIeQkgog4,"DaBaby, Roddy Ricch",ROCKSTAR (feat. Roddy Ricch),South Coast Music Group/Interscope Records,1,173,71,363000,2021-08-26
175,spotify:track:2374M0fQpWi3dLnB54qaLX,TOTO,Africa,Columbia,89,169,141,361767,2021-08-26
176,spotify:track:53HqOfi7OfHRXzcWTdGJB3,AJ Tracey,Little More Love,Revenge Records,20,106,19,360851,2021-08-26
177,spotify:track:4wvnXoQqjIOoEis5eyTbCl,"Dave, Boj",Lazarus (feat. Boj),Neighbourhood,18,114,5,359951,2021-08-26
178,spotify:track:4u7EnebtmKWzUH433cf5Qv,Queen,Bohemian Rhapsody - Remastered 2011,EMI,30,180,118,358771,2021-08-26
179,spotify:track:2gam98EZKrF9XuOkU13ApN,"Nelly Furtado, Timbaland",Promiscuous,Mosley / Geffen,93,185,40,357049,2021-08-26
180,spotify:track:0R4uAhlkr1I8EgPxqBwzBs,PinkPantheress,Just a waste,PinkPantheress,180,-1,1,356993,2021-08-26
181,spotify:track:3bidbhpOYeV4knp8AIu8Xn,"Macklemore, Ryan Lewis, Macklemore & Ryan Lewis, Ray Dalton",Can't Hold Us (feat. Ray Dalton),Macklemore,98,170,116,356860,2021-08-26
182,spotify:track:62AuGbAkt8Ox2IrFFb8GKV,Neil Diamond,Sweet Caroline,Geffen,19,165,8,356367,2021-08-26
183,spotify:track:44xO8889yUQHn70P73NILS,Navos,Believe Me,Universal-Island Records Ltd.,29,179,29,354022,2021-08-26
184,spotify:track:4ofwffwvvnbSkrMSCKQDaC,George Ezra,Shotgun,Columbia,1,184,160,352411,2021-08-26
185,spotify:track:4vzJrkfHbCGaodPA5RY5BV,Central Cee,Loading,Central Cee,20,193,43,350956,2021-08-26
186,spotify:track:2Y0wPrPQBrGhoLn14xRYCG,"Juice WRLD, Marshmello",Come & Go (with Marshmello),Grade A Productions/Interscope Records,3,133,41,350325,2021-08-26
187,spotify:track:5zNW5ARjYhJQJz1AChP33n,Megan Thee Stallion,Thot Shit,300 Entertainment,68,153,11,350183,2021-08-26
188,spotify:track:35mvY5S1H3J2QZyna3TFe0,Ariana Grande,positions,Republic Records,1,167,42,349460,2021-08-26
189,spotify:track:6iBlllot0wdy8f7V5t8OnR,"Trippie Redd, Playboi Carti",Miss The Rage,"1400 Entertainment, Inc. / 10K Projects",35,-1,6,348840,2021-08-26
190,spotify:track:7ju97lgwC2rKQ6wwsf9no9,"Lady Gaga, Ariana Grande",Rain On Me (with Ariana Grande),Interscope,2,194,66,347654,2021-08-26
191,spotify:track:0d28khcov6AiegSCpG5TuT,"Gorillaz, De La Soul",Feel Good Inc.,Parlophone UK,157,178,15,347027,2021-08-26
192,spotify:track:3E7dfMvvCLUddWissuqMwr,Miley Cyrus,Party In The U.S.A.,Hollywood Records,154,199,50,346763,2021-08-26
193,spotify:track:22agj1ppHejR41cUyf7k6v,Dave,We're All Alone,Neighbourhood,11,109,5,346463,2021-08-26
194,spotify:track:7w87IxuO7BDcJ3YUqCyMTT,Foster The People,Pumped Up Kicks,Columbia,100,200,60,344705,2021-08-26
195,spotify:track:0hVXuCcriWRGvwMV1r5Yn9,"Ed Sheeran & Justin Bieber, Justin Bieber",I Don't Care (with Justin Bieber),Atlantic Records UK,1,-1,85,344466,2021-08-26
196,spotify:track:58T4yPLn4NjBYXfRxeweyM,"Pop Smoke, Chris Brown",Woo Baby (feat. Chris Brown),Victor Victor Worldwide,57,158,6,344254,2021-08-26
197,spotify:track:3dPQuX8Gs42Y7b454ybpMR,The White Stripes,Seven Nation Army,Legacy Recordings,90,191,61,343993,2021-08-26
198,spotify:track:4HlFJV71xXKIGcU3kRyttv,Train,"Hey, Soul Sister",Columbia,187,198,6,343282,2021-08-26
199,spotify:track:7DFNE7NO0raLIUbgzY2rzm,Passenger,Let Her Go,Black Crow Records,147,189,58,343062,2021-08-26
200,spotify:track:5WHTFyqSii0lmT9R21abT8,Mabel,Don't Call Me Up,Polydor Records,3,187,90,342287,2021-08-26
